engine_temperature,engine_pressure,engine_rpm,engine_vibration,battery_voltage,battery_current,battery_temperature,fault_count,engine_health,battery_health,vehicle_health,ml_health_score,trip_readiness,health_class,health_class_id,failure,Vehicle_ID,Failure_Probability,Failure_Risk_Percentage,Urgency,Remaining_Useful_Life_Cycles,Remaining_Useful_Life_KM,Top_Risk_Sensor,Top_Risk_SHAP_Value,Affected_System,Recommended_Action,Reason,Book_Service_Within_Days,Maintenance_Priority,Prediction_Timestamp
89.57075619631647,27.28829412087895,2702.56360823628,0.1682903461466361,12.060143585945646,33.72273588296507,23.63213508946296,9.0,80.0,77.73092292025788,79.31927687607737,14.650763,65.137750709698,Good,1,0,Vehicle_0001,0.0004,0.0%,LOW,124,2480,temperature,-6.0787,Cooling system,Inspect coolant level and radiator,temperature signal is elevated (SHAP=-6.079),31,Low,2026-06-28 20:56:19
69.40023840639256,26.004733733277384,3216.1747217809443,0.6975995075234804,12.861892841018063,35.86303249901402,33.74290540281275,1.0,80.0,100.0,86.0,19.137293,89.6,Good,1,0,Vehicle_0002,0.0002,0.0%,LOW,124,2480,temperature,-3.7461,Cooling system,Inspect coolant level and radiator,temperature signal is elevated (SHAP=-3.746),31,Low,2026-06-28 20:56:19
96.25676793709684,32.60405894070064,2718.657005229499,0.2445549857456085,12.63516717836545,53.79452358397273,38.64729137292704,2.0,87.4864641258063,100.0,91.2405248880644,14.506186,90.74431493283863,Excellent,0,0,Vehicle_0003,0.0003,0.0%,LOW,124,2480,temperature,-3.831,Cooling system,Inspect coolant level and radiator,temperature signal is elevated (SHAP=-3.831),31,Low,2026-06-28 20:56:19
99.1084707458682,31.511126491770032,4291.065333131539,0.4411291827748473,12.859681255068216,68.0817791978744,17.103259776118794,9.0,46.553139660643,100.0,62.587197762450096,2.3267925,59.55231865747005,Warning,2,0,Vehicle_0004,0.0059,0.6%,LOW,124,2480,temperature,-6.493,Cooling system,Inspect coolant level and radiator,temperature signal is elevated (SHAP=-6.493),31,Low,2026-06-28 20:56:19
55.73447217019245,21.571250714338035,3643.829961976335,0.7408057715024521,13.023890853000516,26.680861472840306,34.46398292139539,3.0,66.28500285735214,100.0,76.3995020001465,24.863546,79.83970120008789,Good,1,0,Vehicle_0005,0.0002,0.0%,LOW,124,2480,temperature,-3.7461,Cooling system,Inspect coolant level and radiator,temperature signal is elevated (SHAP=-3.746),31,Low,2026-06-28 20:56:19
65.46730739706523,36.73606952738243,2253.9777882263875,0.5875431464834807,12.090864517144094,46.04104736129961,23.77735912785969,5.0,70.83045690110129,78.99816133219389,73.28076823042906,25.600946,69.76809320469621,Warning,2,0,Vehicle_0006,0.0002,0.0%,LOW,124,2480,temperature,-3.7627,Cooling system,Inspect coolant level and radiator,temperature signal is elevated (SHAP=-3.763),31,Low,2026-06-28 20:56:19
86.91760604750928,29.434832547895,2245.5780529543445,0.7408057715024521,12.999588664976349,45.11526736591122,37.34620165089654,4.0,75.0,100.0,82.5,21.381533,81.5,Good,1,0,Vehicle_0007,0.0002,0.0%,LOW,124,2480,temperature,-3.7763,Cooling system,Inspect coolant level and radiator,temperature signal is elevated (SHAP=-3.776),31,Low,2026-06-28 20:56:19
80.25636111484627,23.33441342870568,2875.7573755882827,0.1334313327995889,11.81379773752844,58.359182100855286,34.80599214300175,2.0,93.33765371482272,67.5691566730481,85.60710460229032,19.30874,80.87809409598381,Good,1,0,Vehicle_0008,0.0002,0.0%,LOW,124,2480,temperature,-3.7912,Cooling system,Inspect coolant level and radiator,temperature signal is elevated (SHAP=-3.791),31,Low,2026-06-28 20:56:19
84.74798263743567,37.13270468612325,1829.584655659452,0.0437947809477375,12.69844013381796,49.826032599823314,42.43501602429573,5.0,90.0,100.0,93.0,12.938285,85.8,Excellent,0,0,Vehicle_0009,0.0003,0.0%,LOW,124,2480,temperature,-3.8394,Cooling system,Inspect coolant level and radiator,temperature signal is elevated (SHAP=-3.839),31,Low,2026-06-28 20:56:19
72.2043410863963,33.75405342957692,3433.030645225989,0.1082370293335547,12.202664914160012,39.08232832394281,45.66822930187519,7.0,80.0,81.33794808272485,80.40138442481745,13.831579,70.50842027143544,Good,1,0,Vehicle_0010,0.0003,0.0%,LOW,124,2480,temperature,-5.8089,Cooling system,Inspect coolant level and radiator,temperature signal is elevated (SHAP=-5.809),31,Low,2026-06-28 20:56:19
98.19096962294245,22.412748048312515,2789.280417474867,0.021222355924448,12.027879942944274,74.97131561514811,39.58989899274029,0.0,73.2690529473652,76.4000476464513,74.20835135709103,99.580505,79.80502034354488,Warning,2,0,Vehicle_0011,0.0002,0.0%,LOW,124,2480,temperature,-3.7882,Cooling system,Inspect coolant level and radiator,temperature signal is elevated (SHAP=-3.788),31,Low,2026-06-28 20:56:19
96.66687903143422,40.66309704154634,2705.1671286868263,0.0307449717565139,12.645787946921777,39.2148503675836,43.60393588970575,8.0,66.66624193713156,100.0,76.66636935599209,16.85328,69.99982161359526,Good,1,0,Vehicle_0012,0.0005,0.1%,LOW,124,2480,temperature,-5.9391,Cooling system,Inspect coolant level and radiator,temperature signal is elevated (SHAP=-5.939),31,Low,2026-06-28 20:56:19
85.99046046341824,33.95278421019716,3049.562934216653,0.0056286585470986,12.777980610067686,44.158072739570926,31.49657524076161,1.0,100.0,100.0,100.0,19.392086,98.0,Excellent,0,0,Vehicle_0013,0.0003,0.0%,LOW,124,2480,temperature,-3.8394,Cooling system,Inspect coolant level and radiator,temperature signal is elevated (SHAP=-3.839),31,Low,2026-06-28 20:56:19
101.90861810452049,29.938823306249724,3878.263906695247,0.0003666705869735,12.76610735465862,18.17004728160753,61.519698055824975,9.0,60.0,66.0,61.8,1.3866603,52.28,Warning,2,0,Vehicle_0014,0.0143,1.4%,LOW,123,2460,temperature,-6.553,Cooling system,Inspect coolant level and radiator,temperature signal is elevated (SHAP=-6.553),30,Low,2026-06-28 20:56:19
92.01264013378068,39.54131283373068,2636.764281750004,0.5791173995315345,12.485943955557918,35.7274824630821,22.81180903505119,9.0,57.366893097003015,95.29518816676412,68.74538161793134,5.7611647,62.30626660411163,Warning,2,0,Vehicle_0015,0.0005,0.1%,LOW,124,2480,temperature,-6.0197,Cooling system,Inspect coolant level and radiator,temperature signal is elevated (SHAP=-6.020),31,Low,2026-06-28 20:56:19
72.11061305675142,30.955786702977843,2409.5677033028924,0.7408057715024521,12.452782920531696,60.321521526781,29.722442220906785,9.0,60.0,93.92729547193248,70.17818864157974,7.2017136,62.89237227933434,Warning,2,0,Vehicle_0016,0.0004,0.0%,LOW,124,2480,temperature,-5.9665,Cooling system,Inspect coolant level and radiator,temperature signal is elevated (SHAP=-5.966),31,Low,2026-06-28 20:56:19
90.53126176123747,29.83150154937581,3706.9756986580624,0.279856663582084,12.61074663427996,56.4120391270972,44.01358582746893,6.0,83.93747647752502,100.0,88.75623353426752,13.435298,81.25374012056051,Good,1,0,Vehicle_0017,0.0002,0.0%,LOW,124,2480,temperature,-3.823,Cooling system,Inspect coolant level and radiator,temperature signal is elevated (SHAP=-3.823),31,Low,2026-06-28 20:56:19
70.61676098756502,26.038199303868065,3274.0403327929084,0.215346619401476,12.521505630206876,61.99033980131524,42.52721304860992,9.0,80.0,96.76210724603366,85.0286321738101,15.246505,72.36960075349279,Good,1,0,Vehicle_0018,0.0005,0.1%,LOW,124,2480,temperature,-5.8886,Cooling system,Inspect coolant level and radiator,temperature signal is elevated (SHAP=-5.889),31,Low,2026-06-28 20:56:19
98.17675451960908,33.49110263584247,2243.216127693022,0.1691537657717593,12.616542335834392,61.01964571891341,39.873890191423484,8.0,63.64649096078182,100.0,74.55254367254727,16.54427,68.73152620352836,Warning,2,0,Vehicle_0019,0.0005,0.1%,LOW,124,2480,temperature,-6.0354,Cooling system,Inspect coolant level and radiator,temperature signal is elevated (SHAP=-6.035),31,Low,2026-06-28 20:56:19
84.2511113352062,32.85961780394388,2504.149158927216,0.7408057715024521,12.481599784444288,91.75428072590309,41.75318657993108,6.0,65.0,75.72142791058675,68.21642837317603,11.028129,64.07414260602297,Warning,2,0,Vehicle_0020,0.0002,0.0%,LOW,124,2480,temperature,-3.8685,Cooling system,Inspect coolant level and radiator,temperature signal is elevated (SHAP=-3.869),31,Low,2026-06-28 20:56:19
82.2270645468211,30.088080839338268,2656.304732751039,0.0970886115888361,12.737113529802546,35.0428234510618,14.164428453939593,8.0,80.0,100.0,86.0,19.783419,75.6,Good,1,0,Vehicle_0021,0.0005,0.1%,LOW,124,2480,temperature,-5.9396,Cooling system,Inspect coolant level and radiator,temperature signal is elevated (SHAP=-5.940),31,Low,2026-06-28 20:56:19
74.78605683394088,25.26008187679438,2789.4503556839863,0.3803626085876865,11.74911687737983,17.611525131304234,50.89298694537834,3.0,94.6424927608209,46.96384438571364,80.33889824828873,21.291887,71.59610782611597,Good,1,0,Vehicle_0022,0.0002,0.0%,LOW,124,2480,temperature,-3.7209,Cooling system,Inspect coolant level and radiator,temperature signal is elevated (SHAP=-3.721),31,Low,2026-06-28 20:56:19
103.33812008011046,30.77957912499644,1414.720119248709,0.0684886217646463,12.347490609965446,28.988940078569524,32.96109041133385,8.0,60.0,89.58398766107464,68.8751962983224,2.3858488,63.241915311208366,Warning,2,0,Vehicle_0023,0.0084,0.8%,LOW,123,2460,temperature,-6.5682,Cooling system,Inspect coolant level and radiator,temperature signal is elevated (SHAP=-6.568),30,Low,2026-06-28 20:56:19
82.68205776896797,29.581207285427173,1266.0123137587518,0.0699999950398441,11.846461402461768,35.926963283368174,47.45894182270852,9.0,80.0,60.5561306543389,74.16683919630167,6.121242,58.61132964864878,Warning,2,0,Vehicle_0024,0.0004,0.0%,LOW,124,2480,temperature,-6.0458,Cooling system,Inspect coolant level and radiator,temperature signal is elevated (SHAP=-6.046),31,Low,2026-06-28 20:56:19
78.57508266755339,21.999154087594796,1790.087982398037,0.30729103798163,12.510680807041954,30.513461267661786,14.66473421032044,6.0,72.51054715160383,96.31558329048062,79.65205799326687,22.15603,75.05435145405625,Good,1,0,Vehicle_0025,0.0002,0.0%,LOW,124,2480,temperature,-3.7957,Cooling system,Inspect coolant level and radiator,temperature signal is elevated (SHAP=-3.796),31,Low,2026-06-28 20:56:19
79.71799674267656,21.16912589205489,1728.2092455909262,0.3622931003385289,13.05677207034148,51.87321695289708,37.56568503481192,1.0,80.52363021231761,100.0,86.36654114862233,24.402285,89.8199246891734,Good,1,0,Vehicle_0026,0.0002,0.0%,LOW,124,2480,temperature,-3.7557,Cooling system,Inspect coolant level and radiator,temperature signal is elevated (SHAP=-3.756),31,Low,2026-06-28 20:56:19
92.98463778330024,33.390920272858615,1984.940788821998,0.030850996069427,12.210366087221214,75.05309811114043,29.364977208551515,2.0,94.03072443339954,83.92760109787507,90.9997874327422,17.961098,87.38539267922033,Excellent,0,0,Vehicle_0027,0.0002,0.0%,LOW,124,2480,temperature,-3.8183,Cooling system,Inspect coolant level and radiator,temperature signal is elevated (SHAP=-3.818),31,Low,2026-06-28 20:56:19
90.48166096546116,14.388670109689864,3007.768513672004,0.2679362241176314,12.450900812118888,80.7931814593983,40.72120151581304,1.0,69.03667806907765,92.54090909189688,76.08794737592342,17.470497,82.16095024393343,Good,1,0,Vehicle_0028,0.0002,0.0%,LOW,124,2480,temperature,-3.7843,Cooling system,Inspect coolant level and radiator,temperature signal is elevated (SHAP=-3.784),31,Low,2026-06-28 20:56:19
91.19098917393984,31.23246316176756,2364.8566749402094,0.2524408611173582,12.702594685968656,60.08617003693209,38.17070452468846,5.0,87.61802165212035,100.0,91.33261515648424,17.470497,84.79956909389054,Excellent,0,0,Vehicle_0029,0.0002,0.0%,LOW,124,2480,temperature,-3.8272,Cooling system,Inspect coolant level and radiator,temperature signal is elevated (SHAP=-3.827),31,Low,2026-06-28 20:56:19
91.46231504511825,27.13150165347705,2657.1156840081508,0.0541730218968845,11.572910827293391,92.82544430908032,38.660477974991785,4.0,92.07536990976352,45.838016890017485,78.20416400383971,17.09106,68.09010178030732,Good,1,0,Vehicle_0030,0.0002,0.0%,LOW,124,2480,temperature,-3.8637,Cooling system,Inspect coolant level and radiator,temperature signal is elevated (SHAP=-3.864),31,Low,2026-06-28 20:56:19
117.12471401305692,37.84947964127946,1520.557271966191,0.6401327684026797,12.191155807142325,42.87253886867162,24.41058311768509,8.0,30.0,83.13517704462089,45.940553113386265,2.0158052,48.19136727695594,Critical,3,1,Vehicle_0031,0.9987,99.9%,CRITICAL,5,100,temperature,4.5965,Cooling system,Inspect coolant level and radiator,temperature signal is rapidly deteriorating (SHAP=4.596),1,Immediate,2026-06-28 20:56:19
78.90377475423077,27.039190745076745,2130.686237663244,0.169733277677982,12.54580626370914,17.349619159951473,34.43030879181389,2.0,100.0,97.76450837800206,99.32935251340062,19.392086,95.15051318364078,Excellent,0,0,Vehicle_0032,0.0003,0.0%,LOW,124,2480,temperature,-3.8097,Cooling system,Inspect coolant level and radiator,temperature signal is elevated (SHAP=-3.810),31,Low,2026-06-28 20:56:19
77.31635906392694,33.956905285511375,2969.806129395872,0.1055176761950938,11.327699806254133,71.06356135776339,33.19832952070659,1.0,100.0,67.0,90.1,19.657219,85.46,Excellent,0,0,Vehicle_0033,0.0002,0.0%,LOW,124,2480,temperature,-3.8183,Cooling system,Inspect coolant level and radiator,temperature signal is elevated (SHAP=-3.818),31,Low,2026-06-28 20:56:19
72.79340907628183,27.61851695257325,2975.9619665414416,0.1031251682974958,12.009276602770012,13.22811216501875,39.95310041707432,6.0,85.0,75.63265986426296,82.18979795927888,19.30874,72.44041074841992,Good,1,0,Vehicle_0034,0.0002,0.0%,LOW,124,2480,temperature,-3.8049,Cooling system,Inspect coolant level and radiator,temperature signal is elevated (SHAP=-3.805),31,Low,2026-06-28 20:56:19
94.23969133863244,30.68248892091686,1920.3409374496737,0.1069072547126939,12.840343189352517,34.899939546003914,44.89296995433467,1.0,91.52061732273512,100.0,94.06443212591458,16.85328,94.43865927554874,Excellent,0,0,Vehicle_0035,0.0003,0.0%,LOW,124,2480,temperature,-3.8586,Cooling system,Inspect coolant level and radiator,temperature signal is elevated (SHAP=-3.859),31,Low,2026-06-28 20:56:20
101.93458439081336,34.42101918552031,2629.329909103643,0.0125063408031789,12.80119876018029,60.40224464845593,36.50475922008614,9.0,60.0,100.0,72.0,2.515155,65.19999999999999,Warning,2,0,Vehicle_0036,0.0098,1.0%,LOW,123,2460,temperature,-6.5959,Cooling system,Inspect coolant level and radiator,temperature signal is elevated (SHAP=-6.596),30,Low,2026-06-28 20:56:20
83.29078813517687,27.22466570205252,4259.078282785866,0.3492125635020245,12.54972729094804,47.95237039902438,22.238277116114013,0.0,91.53759677748106,97.92625075160664,93.45419296971872,99.74526,95.65776593215256,Excellent,0,0,Vehicle_0037,0.0002,0.0%,LOW,124,2480,temperature,-3.7406,Cooling system,Inspect coolant level and radiator,temperature signal is elevated (SHAP=-3.741),31,Low,2026-06-28 20:56:20
72.39765284556208,35.97932930699042,2485.9216565954894,0.7402219324676619,12.752879055977273,46.180944742569885,36.07578809566768,4.0,75.0,100.0,82.5,19.137293,81.5,Good,1,0,Vehicle_0038,0.0002,0.0%,LOW,124,2480,temperature,-3.757,Cooling system,Inspect coolant level and radiator,temperature signal is elevated (SHAP=-3.757),31,Low,2026-06-28 20:56:20
72.6327817646314,24.0378127373611,1945.450443086044,0.5375448543521073,12.486041693768586,26.38419934359988,61.11076228409262,9.0,60.31492732597059,61.29921986795418,60.61021508856567,1.8435776,50.62597302673024,Warning,2,0,Vehicle_0039,0.007,0.7%,LOW,124,2480,temperature,-6.3898,Cooling system,Inspect coolant level and radiator,temperature signal is elevated (SHAP=-6.390),31,Low,2026-06-28 20:56:20
94.75889181737053,31.767557055350277,2360.990088510272,0.1152675249636242,12.622157962976926,49.78395221133326,51.46005326987786,5.0,80.48221636525898,78.03581888241527,79.74829712040585,13.129557,73.45614204872656,Good,1,0,Vehicle_0040,0.0002,0.0%,LOW,124,2480,temperature,-3.8394,Cooling system,Inspect coolant level and radiator,temperature signal is elevated (SHAP=-3.839),31,Low,2026-06-28 20:56:20
96.14881256805164,35.53583833672712,2573.741686021466,0.3155587675318813,12.273738516463755,70.07324977475584,10.0,8.0,66.66512369510463,86.5417138041299,72.62810072781221,16.134876,64.8852031975133,Warning,2,0,Vehicle_0041,0.0004,0.0%,LOW,124,2480,temperature,-6.0912,Cooling system,Inspect coolant level and radiator,temperature signal is elevated (SHAP=-6.091),31,Low,2026-06-28 20:56:20
93.14731402457792,33.96022495074201,2379.0652954475604,0.1027507968488938,12.446325073168838,50.399358330720375,35.63343153694845,4.0,88.70537195084415,93.66090926821455,90.19203314605528,16.54427,84.84740174127609,Excellent,0,0,Vehicle_0042,0.0002,0.0%,LOW,124,2480,temperature,-3.8296,Cooling system,Inspect coolant level and radiator,temperature signal is elevated (SHAP=-3.830),31,Low,2026-06-28 20:56:20
75.01735439066958,41.49866926041246,2474.9162394587984,0.0398505795501506,12.147051845433673,33.39548240717878,44.32119525255344,7.0,80.0,81.31588862413892,80.39476658724168,17.475641,70.5000376771728,Good,1,0,Vehicle_0043,0.0003,0.0%,LOW,124,2480,temperature,-5.8089,Cooling system,Inspect coolant level and radiator,temperature signal is elevated (SHAP=-5.809),31,Low,2026-06-28 20:56:20
88.4824198460008,25.41936409613604,1345.2425624505283,0.1141359684494509,12.905393337672926,25.04923078805339,33.17672987432021,7.0,80.0,100.0,86.0,17.713797,77.6,Good,1,0,Vehicle_0044,0.0004,0.0%,LOW,124,2480,temperature,-5.7998,Cooling system,Inspect coolant level and radiator,temperature signal is elevated (SHAP=-5.800),31,Low,2026-06-28 20:56:20
86.75028713711092,21.725104491908475,1729.895619931239,0.1170227223956597,13.00862376380088,33.808108340888424,30.399090798561165,5.0,76.9004179676339,100.0,83.83029257734373,19.392086,80.29817554640624,Good,1,0,Vehicle_0045,0.0003,0.0%,LOW,124,2480,temperature,-3.8233,Cooling system,Inspect coolant level and radiator,temperature signal is elevated (SHAP=-3.823),31,Low,2026-06-28 20:56:20
88.2803289509352,24.033989349029284,2380.531810342802,0.0490835885622184,12.95196512027883,57.84667504828717,32.33035784916512,1.0,96.13595739611712,100.0,97.295170177282,19.392086,96.3771021063692,Excellent,0,0,Vehicle_0046,0.0003,0.0%,LOW,124,2480,temperature,-3.8202,Cooling system,Inspect coolant level and radiator,temperature signal is elevated (SHAP=-3.820),31,Low,2026-06-28 20:56:20
98.07143166922285,33.962655399290625,2367.7856239820508,0.1255675664476811,12.236756495328857,56.8720452471942,40.52189485434652,9.0,63.85713666155431,85.01620543231526,70.20485729278259,6.8177643,61.1261554621326,Warning,2,0,Vehicle_0047,0.0004,0.0%,LOW,124,2480,temperature,-6.094,Cooling system,Inspect coolant level and radiator,temperature signal is elevated (SHAP=-6.094),31,Low,2026-06-28 20:56:20
88.35393323162023,32.98753760561627,2047.0485801119996,0.1499467493644916,12.018490384253964,33.98985798808663,23.515300256249912,0.0,100.0,76.01272835047605,92.8038185051428,99.68493,90.8848367731809,Excellent,0,0,Vehicle_0048,0.0002,0.0%,LOW,124,2480,temperature,-3.8302,Cooling system,Inspect coolant level and radiator,temperature signal is elevated (SHAP=-3.830),31,Low,2026-06-28 20:56:20
95.18370344607844,30.61353995788449,2358.38913113885,0.0737648519325882,12.910789464300066,5.78481156035884,46.88688651609371,3.0,89.63259310784315,93.58458584528138,90.81819092907462,16.85328,87.20783172650104,Excellent,0,0,Vehicle_0049,0.0003,0.0%,LOW,124,2480,temperature,-3.8586,Cooling system,Inspect coolant level and radiator,temperature signal is elevated (SHAP=-3.859),31,Low,2026-06-28 20:56:20
86.01368604233338,23.26225770535722,2548.811884331364,0.0136899167331093,12.617562881036566,58.4002552734433,34.44007008301931,6.0,78.04903082142889,100.0,84.63432157500021,17.713797,78.78059294500014,Good,1,0,Vehicle_0050,0.0003,0.0%,LOW,124,2480,temperature,-3.8009,Cooling system,Inspect coolant level and radiator,temperature signal is elevated (SHAP=-3.801),31,Low,2026-06-28 20:56:20
89.33679098034976,34.60120375997437,3211.53076521962,0.0630826506857932,12.531433736609458,32.045852020494976,25.649757258884502,7.0,80.0,97.17164163514016,85.15149249054204,19.392086,76.52522382135325,Good,1,0,Vehicle_0051,0.0004,0.0%,LOW,124,2480,temperature,-5.8142,Cooling system,Inspect coolant level and radiator,temperature signal is elevated (SHAP=-5.814),31,Low,2026-06-28 20:56:20
94.4693233875781,22.65177133409676,2420.630611819159,0.5133420240284263,12.146547166021945,63.78124958030567,46.24350161398695,5.0,57.445636959335744,77.0671651108495,63.33209540478987,3.8787603,63.41269026504382,Warning,2,0,Vehicle_0052,0.0002,0.0%,LOW,124,2480,temperature,-4.0526,Cooling system,Inspect coolant level and radiator,temperature signal is elevated (SHAP=-4.053),31,Low,2026-06-28 20:56:20
63.142662702165005,36.9536974942614,2819.2825642386024,0.2038461892382705,12.570265525054706,34.877807157445005,19.54869094888359,4.0,95.0,98.77345290850666,96.132035872552,20.457024,89.43391210523254,Excellent,0,0,Vehicle_0053,0.0003,0.0%,LOW,124,2480,temperature,-3.8399,Cooling system,Inspect coolant level and radiator,temperature signal is elevated (SHAP=-3.840),31,Low,2026-06-28 20:56:20
80.20493175464048,46.276182227974815,2066.7197588528634,0.0943852301552543,11.965888776135229,30.241990926603822,29.44789902998416,4.0,95.0,73.8429120155781,88.65287360467343,19.657219,79.96030656591968,Good,1,0,Vehicle_0054,0.0002,0.0%,LOW,124,2480,temperature,-3.8296,Cooling system,Inspect coolant level and radiator,temperature signal is elevated (SHAP=-3.830),31,Low,2026-06-28 20:56:20
77.94441018560806,32.1987068794293,2957.6765788787857,0.0741616209450918,12.653624942431613,53.06343814519169,29.28324934714836,9.0,80.0,100.0,86.0,19.392086,73.6,Good,1,0,Vehicle_0055,0.0005,0.1%,LOW,124,2480,temperature,-5.9307,Cooling system,Inspect coolant level and radiator,temperature signal is elevated (SHAP=-5.931),31,Low,2026-06-28 20:56:20
75.41683227634987,33.49864881394646,2800.5842380898853,0.2550212558588792,12.951554679842484,97.15398460052738,56.43941938236131,3.0,100.0,37.69592540912983,81.30877762273894,17.715132,70.32445165546933,Good,1,0,Vehicle_0056,0.0002,0.0%,LOW,124,2480,temperature,-3.8195,Cooling system,Inspect coolant level and radiator,temperature signal is elevated (SHAP=-3.820),31,Low,2026-06-28 20:56:20
80.87286623159974,27.042841386626645,3192.6536025438554,0.0501361383969935,13.05241821756318,64.98059982233147,28.14979231360557,8.0,80.0,100.0,86.0,19.392086,75.6,Good,1,0,Vehicle_0057,0.0005,0.1%,LOW,124,2480,temperature,-5.9253,Cooling system,Inspect coolant level and radiator,temperature signal is elevated (SHAP=-5.925),31,Low,2026-06-28 20:56:20
107.42411966851594,19.138720073479103,3070.76836995559,0.0609943835864026,12.683409621643928,52.72438598411704,13.450347794998947,0.0,60.0,100.0,72.0,99.43082,83.19999999999999,Warning,2,0,Vehicle_0058,0.0033,0.3%,LOW,124,2480,fault_count,-6.2295,ECU fault logs,Review and clear fault codes,fault_count signal is elevated (SHAP=-6.229),31,Low,2026-06-28 20:56:20
72.01253326460136,26.383683821818664,2970.988498304917,0.441139553559651,11.847191380151552,57.17703072761937,29.181848847208585,6.0,75.5906964293566,68.94664443125149,73.59748082992506,21.44745,65.94781738420534,Warning,2,0,Vehicle_0059,0.0002,0.0%,LOW,124,2480,temperature,-3.8911,Cooling system,Inspect coolant level and radiator,temperature signal is elevated (SHAP=-3.891),31,Low,2026-06-28 20:56:20
99.5241753188722,23.442628553407506,2421.266073073776,0.1427196492009396,12.47893205237841,14.977682770288055,39.55550347404778,6.0,59.72216357588559,95.0059471606094,70.30729865130273,3.5469651,69.18556862290352,Warning,2,0,Vehicle_0060,0.0004,0.0%,LOW,124,2480,temperature,-4.0802,Cooling system,Inspect coolant level and radiator,temperature signal is elevated (SHAP=-4.080),31,Low,2026-06-28 20:56:20
59.75695342576293,21.317972541509903,2695.9513816355748,0.0422776425869103,13.255872697623088,27.553192584948874,42.84084546583604,6.0,70.27189016603963,100.0,79.19032311622775,19.392086,75.51419386973664,Good,1,0,Vehicle_0061,0.0003,0.0%,LOW,124,2480,temperature,-3.8285,Cooling system,Inspect coolant level and radiator,temperature signal is elevated (SHAP=-3.829),31,Low,2026-06-28 20:56:20
79.97672455021338,40.33415965197389,3350.8071427612213,0.006781410831315,12.052555363823087,0.0,57.76539693442772,4.0,95.0,43.41790875770232,79.5253726273107,16.708267,68.39880532792688,Good,1,0,Vehicle_0062,0.0002,0.0%,LOW,124,2480,temperature,-3.8666,Cooling system,Inspect coolant level and radiator,temperature signal is elevated (SHAP=-3.867),31,Low,2026-06-28 20:56:20
87.44129597657508,31.63717510815464,1978.3403444777648,0.7408057715024521,12.376327370835911,84.59747789153245,49.06897570985881,6.0,65.0,69.35314811243292,66.30594443372988,6.005245,61.654196282724506,Warning,2,0,Vehicle_0063,0.0002,0.0%,LOW,124,2480,temperature,-3.8685,Cooling system,Inspect coolant level and radiator,temperature signal is elevated (SHAP=-3.869),31,Low,2026-06-28 20:56:20
93.79333497038915,32.2781254836839,1997.2737770425076,0.0005160670094693,12.965409740720393,80.54772058311497,36.87922593915152,4.0,87.41333005922166,99.0962610378603,90.91820935281324,12.938285,86.37017781926002,Excellent,0,0,Vehicle_0064,0.0003,0.0%,LOW,124,2480,temperature,-3.8473,Cooling system,Inspect coolant level and radiator,temperature signal is elevated (SHAP=-3.847),31,Low,2026-06-28 20:56:20
95.66839869689282,28.145865808822503,2645.1451183602894,0.1808192648585117,12.646853568829435,57.8563705242982,26.085845324252222,5.0,78.66320260621436,100.0,85.06424182435005,14.993679,81.03854509461003,Good,1,0,Vehicle_0065,0.0003,0.0%,LOW,124,2480,temperature,-3.8191,Cooling system,Inspect coolant level and radiator,temperature signal is elevated (SHAP=-3.819),31,Low,2026-06-28 20:56:20
96.90020852799888,28.96277350533938,2832.223752212363,0.2537709695282958,13.392062529794044,52.702302061684094,51.240274313473584,8.0,66.19958294400226,78.78306733418981,69.97462826105851,8.109415,61.74139042347307,Warning,2,0,Vehicle_0066,0.0004,0.0%,LOW,124,2480,temperature,-6.1198,Cooling system,Inspect coolant level and radiator,temperature signal is elevated (SHAP=-6.120),31,Low,2026-06-28 20:56:20
79.76912391627343,35.787304093436,1840.7148005887964,0.1941138471640637,12.106852246708565,18.9681999500484,31.314364496737685,6.0,85.0,79.65765517672828,83.39729655301848,19.30874,73.96990896715674,Good,1,0,Vehicle_0067,0.0002,0.0%,LOW,124,2480,temperature,-3.8296,Cooling system,Inspect coolant level and radiator,temperature signal is elevated (SHAP=-3.830),31,Low,2026-06-28 20:56:20
78.0647231100315,29.805977287828707,2440.1899492693533,0.1174781657281027,12.004097685703671,45.61400079498618,28.418427637853952,7.0,80.0,75.41902953527642,78.62570886058293,19.657219,68.25923122340504,Good,1,0,Vehicle_0068,0.0003,0.0%,LOW,124,2480,temperature,-5.9135,Cooling system,Inspect coolant level and radiator,temperature signal is elevated (SHAP=-5.913),31,Low,2026-06-28 20:56:20
97.8696382188573,33.1841636281484,2424.800980616972,0.4608916134210543,12.88965017433407,85.84783756807785,30.8292619784593,9.0,53.53461600088177,90.35106801267156,64.5795516044187,2.456969,58.81794456518553,Warning,2,0,Vehicle_0069,0.0052,0.5%,LOW,124,2480,temperature,-6.4864,Cooling system,Inspect coolant level and radiator,temperature signal is elevated (SHAP=-6.486),31,Low,2026-06-28 20:56:20
82.13043512677578,28.823974212929905,727.7759075172235,0.5122727643425329,11.921648548691389,52.62831996391429,22.477117611031904,2.0,85.84848237716447,72.01800263351969,81.69933845407104,25.600946,79.42320359914656,Good,1,0,Vehicle_0070,0.0002,0.0%,LOW,124,2480,temperature,-3.741,Cooling system,Inspect coolant level and radiator,temperature signal is elevated (SHAP=-3.741),31,Low,2026-06-28 20:56:20
65.86470514993117,27.94708265560772,2324.324808592992,0.1234200189869846,12.321292804472986,38.70707067576208,30.349799088290244,5.0,90.0,88.50332818451066,89.5509984553532,20.138336,81.43126471011405,Good,1,0,Vehicle_0071,0.0002,0.0%,LOW,124,2480,temperature,-3.8049,Cooling system,Inspect coolant level and radiator,temperature signal is elevated (SHAP=-3.805),31,Low,2026-06-28 20:56:20
68.0006917899478,21.558515006388827,2374.145733721227,0.1701887694255787,12.37374138205617,14.838586799927732,32.668916700215846,6.0,71.23406002555531,90.66683200981704,77.06389162083383,20.138336,72.37170137446371,Good,1,0,Vehicle_0072,0.0003,0.0%,LOW,124,2480,temperature,-3.7995,Cooling system,Inspect coolant level and radiator,temperature signal is elevated (SHAP=-3.800),31,Low,2026-06-28 20:56:20
71.20821570997583,18.13350562579723,2371.7656457415846,0.1720929904794198,12.81439578935437,77.6061145546161,42.30656605812118,6.0,65.0,100.0,75.5,19.392086,73.3,Good,1,0,Vehicle_0073,0.0003,0.0%,LOW,124,2480,temperature,-3.7979,Cooling system,Inspect coolant level and radiator,temperature signal is elevated (SHAP=-3.798),31,Low,2026-06-28 20:56:20
92.45741116080646,28.43062859360159,3632.7314196618154,0.2666682181265253,12.6457071872101,48.59832397944688,31.119116648989813,1.0,95.08517767838708,100.0,96.55962437487096,17.86177,95.93577462492256,Excellent,0,0,Vehicle_0074,0.0002,0.0%,LOW,124,2480,temperature,-3.823,Cooling system,Inspect coolant level and radiator,temperature signal is elevated (SHAP=-3.823),31,Low,2026-06-28 20:56:20
87.13638604105847,30.3389801519594,1527.3613611928995,0.0525061102237341,12.582825965670745,14.865322932743418,22.325407581614847,7.0,80.0,99.29157108391824,85.78747132517547,19.392086,77.33079701188893,Good,1,0,Vehicle_0075,0.0004,0.0%,LOW,124,2480,temperature,-5.8112,Cooling system,Inspect coolant level and radiator,temperature signal is elevated (SHAP=-5.811),31,Low,2026-06-28 20:56:20
95.35728031101652,22.283219779747256,1840.3019430363097,0.0156714474799282,12.239027648839334,31.51468635856916,18.962278447433,1.0,78.41831849695598,85.10989051462253,80.42579010225595,19.657219,83.27745216427807,Good,1,0,Vehicle_0076,0.0002,0.0%,LOW,124,2480,temperature,-3.8,Cooling system,Inspect coolant level and radiator,temperature signal is elevated (SHAP=-3.800),31,Low,2026-06-28 20:56:20
78.59121030495199,29.7931508097922,500.0,0.1292221321381303,12.886001607632778,24.44923965283739,37.09569747523116,4.0,95.0,100.0,96.5,19.392086,89.9,Excellent,0,0,Vehicle_0077,0.0003,0.0%,LOW,124,2480,temperature,-3.8482,Cooling system,Inspect coolant level and radiator,temperature signal is elevated (SHAP=-3.848),31,Low,2026-06-28 20:56:20
87.37809536615072,30.322515377943013,2115.2666670606877,0.0263309357029106,13.469879606837369,47.36512948576056,35.72625853469225,7.0,80.0,100.0,86.0,17.233616,77.6,Good,1,0,Vehicle_0078,0.0004,0.0%,LOW,124,2480,temperature,-5.8379,Cooling system,Inspect coolant level and radiator,temperature signal is elevated (SHAP=-5.838),31,Low,2026-06-28 20:56:20
94.38385590951005,17.063951963643724,2183.4851566991997,0.1505722670419741,12.676512839569169,54.14677939225637,29.45687288786832,2.0,71.23228818097991,100.0,79.86260172668594,17.713797,83.91756103601156,Good,1,0,Vehicle_0079,0.0003,0.0%,LOW,124,2480,temperature,-3.8009,Cooling system,Inspect coolant level and radiator,temperature signal is elevated (SHAP=-3.801),31,Low,2026-06-28 20:56:20
80.35980190419642,24.50925204312299,2092.018258932595,0.3764848638934859,12.439868883018734,39.93565871442951,30.325435395079293,1.0,92.93801724625958,93.3945914245228,93.07498949973854,24.402285,92.52391198474768,Excellent,0,0,Vehicle_0080,0.0002,0.0%,LOW,124,2480,temperature,-3.732,Cooling system,Inspect coolant level and radiator,temperature signal is elevated (SHAP=-3.732),31,Low,2026-06-28 20:56:20
91.85162856336116,32.44358336241281,3386.141871587008,0.1452255543368462,11.880854811603136,65.54093192973764,38.8848693279917,6.0,81.29674287327765,70.33526097862934,78.00829830488316,17.09106,68.87203117865576,Good,1,0,Vehicle_0081,0.0002,0.0%,LOW,124,2480,temperature,-3.926,Cooling system,Inspect coolant level and radiator,temperature signal is elevated (SHAP=-3.926),31,Low,2026-06-28 20:56:20
75.07111088400023,32.32235237637446,3188.4940178695706,0.1797742375871702,12.14500742027314,51.57604480944883,48.905462536893474,2.0,100.0,67.95298346082915,90.38589503824876,17.09106,83.82213371511507,Excellent,0,0,Vehicle_0082,0.0002,0.0%,LOW,124,2480,temperature,-3.8296,Cooling system,Inspect coolant level and radiator,temperature signal is elevated (SHAP=-3.830),31,Low,2026-06-28 20:56:20
79.55419230152393,23.077950501601435,2562.285379413843,0.2131877634944763,12.31451590642108,71.2462477054426,27.19855415856012,8.0,72.31180200640574,88.2237811398695,77.08539574644487,19.701874,67.89599367584083,Good,1,0,Vehicle_0083,0.0004,0.0%,LOW,124,2480,temperature,-5.9797,Cooling system,Inspect coolant level and radiator,temperature signal is elevated (SHAP=-5.980),31,Low,2026-06-28 20:56:20
79.27393159002506,30.950688302998408,2203.5095571681104,0.3190794932930842,12.186159903893149,42.85611843838562,35.88902836215433,8.0,78.72803378046105,82.92909603559231,79.98835245700042,21.639776,68.57883068131872,Good,1,0,Vehicle_0084,0.0004,0.0%,LOW,124,2480,temperature,-6.0301,Cooling system,Inspect coolant level and radiator,temperature signal is elevated (SHAP=-6.030),31,Low,2026-06-28 20:56:20
67.0624053161644,36.13444335216283,3320.951734485491,0.1987491808990037,12.39356886618926,103.20347233180824,44.58270404005324,3.0,100.0,58.484715730307016,87.54541471909211,19.657219,78.22419197751667,Good,1,0,Vehicle_0085,0.0002,0.0%,LOW,124,2480,temperature,-3.8072,Cooling system,Inspect coolant level and radiator,temperature signal is elevated (SHAP=-3.807),31,Low,2026-06-28 20:56:20
92.30458721178373,34.66243775394539,2484.1937121313185,0.1301160696977785,13.111206430722916,38.710225530520844,27.238857098027506,7.0,75.39082557643255,100.0,82.77357790350278,19.392086,75.66414674210168,Good,1,0,Vehicle_0086,0.0004,0.0%,LOW,124,2480,temperature,-5.8384,Cooling system,Inspect coolant level and radiator,temperature signal is elevated (SHAP=-5.838),31,Low,2026-06-28 20:56:20
77.95896489695915,29.42828527791639,1845.3839688652336,0.1249422642965019,12.898866766947696,31.933400164882563,34.84367885436695,2.0,100.0,100.0,100.0,19.392086,96.0,Excellent,0,0,Vehicle_0087,0.0003,0.0%,LOW,124,2480,temperature,-3.8586,Cooling system,Inspect coolant level and radiator,temperature signal is elevated (SHAP=-3.859),31,Low,2026-06-28 20:56:20
85.18741178091531,27.19214212005425,1127.0010580123587,0.04852207858574,12.336466913412698,29.47398899808485,34.62004396912334,9.0,80.0,89.1292601782738,82.73877805348214,19.392086,69.46911886774404,Good,1,0,Vehicle_0088,0.0004,0.0%,LOW,124,2480,temperature,-5.8941,Cooling system,Inspect coolant level and radiator,temperature signal is elevated (SHAP=-5.894),31,Low,2026-06-28 20:56:20
92.21119988358863,26.22393309399297,2146.948404883454,0.1281779958626091,11.916688022133656,45.78118546891389,21.88704764956481,2.0,95.57760023282272,71.81338091301326,88.44833443687989,19.657219,83.43167684473059,Good,1,0,Vehicle_0089,0.0002,0.0%,LOW,124,2480,temperature,-3.8,Cooling system,Inspect coolant level and radiator,temperature signal is elevated (SHAP=-3.800),31,Low,2026-06-28 20:56:21
91.69796764044916,32.806918697457945,3103.714893738087,0.3330802459847372,12.934947057160963,15.609278182684328,36.68498794765623,8.0,74.39871498678586,100.0,82.07910049075011,20.407671,73.24746029445006,Good,1,0,Vehicle_0090,0.0005,0.1%,LOW,124,2480,temperature,-5.8842,Cooling system,Inspect coolant level and radiator,temperature signal is elevated (SHAP=-5.884),31,Low,2026-06-28 20:56:21
94.9807766345918,31.170623838857328,4321.230951634472,0.1171549198817588,12.380378290615454,55.89125687655621,35.31544678604431,7.0,63.61382769812697,90.94060448788748,71.81186073505512,11.685449,67.27523733861057,Warning,2,0,Vehicle_0091,0.0004,0.0%,LOW,124,2480,temperature,-5.9693,Cooling system,Inspect coolant level and radiator,temperature signal is elevated (SHAP=-5.969),31,Low,2026-06-28 20:56:21
83.52271773235864,33.7764240366132,2549.288276951581,0.1021207733982051,11.709399829759056,11.893924608703864,40.55084249596058,3.0,100.0,67.0,90.1,17.09106,81.46,Excellent,0,0,Vehicle_0092,0.0002,0.0%,LOW,124,2480,temperature,-3.8296,Cooling system,Inspect coolant level and radiator,temperature signal is elevated (SHAP=-3.830),31,Low,2026-06-28 20:56:21
78.65052531933769,30.791242878726912,1887.7155879037564,0.1863018911103266,12.684972047397215,53.23341848114463,23.13113525339288,8.0,80.0,100.0,86.0,20.138336,75.6,Good,1,0,Vehicle_0093,0.0006,0.1%,LOW,124,2480,temperature,-5.9313,Cooling system,Inspect coolant level and radiator,temperature signal is elevated (SHAP=-5.931),31,Low,2026-06-28 20:56:21
83.80422683640401,34.91258370208465,1552.0278333726287,0.0416232989727699,12.810274673693389,22.974965118072937,35.09970385261225,6.0,85.0,100.0,89.5,19.392086,81.69999999999999,Good,1,0,Vehicle_0094,0.0003,0.0%,LOW,124,2480,temperature,-3.8314,Cooling system,Inspect coolant level and radiator,temperature signal is elevated (SHAP=-3.831),31,Low,2026-06-28 20:56:21
59.68998349062955,30.5675551977462,2941.5639170444792,0.020828525252338,11.429636638026132,42.37413185239814,48.817340636558086,6.0,85.0,54.021041835702505,75.70631255071075,14.256514,64.22799589756696,Good,1,0,Vehicle_0095,0.0002,0.0%,LOW,124,2480,temperature,-3.9682,Cooling system,Inspect coolant level and radiator,temperature signal is elevated (SHAP=-3.968),31,Low,2026-06-28 20:56:21
63.29331291365369,34.70813229679012,1088.3071580925853,0.2923840215698191,12.07017814314684,62.09080798264719,55.77499831912287,3.0,100.0,44.14484840480708,83.24345452144212,17.715132,72.77504239382668,Good,1,0,Vehicle_0096,0.0002,0.0%,LOW,124,2480,temperature,-3.7843,Cooling system,Inspect coolant level and radiator,temperature signal is elevated (SHAP=-3.784),31,Low,2026-06-28 20:56:21
65.15950581468397,35.224936622199834,2940.2760811239104,0.0767929748443281,12.355818395476916,96.08075367752708,47.80129268971609,2.0,100.0,53.86987010046833,86.1609610301405,19.657219,78.47055063817797,Good,1,0,Vehicle_0097,0.0002,0.0%,LOW,124,2480,temperature,-3.8072,Cooling system,Inspect coolant level and radiator,temperature signal is elevated (SHAP=-3.807),31,Low,2026-06-28 20:56:21
70.04129758597777,25.17284021865112,3154.16928501033,0.0683175028302942,12.693804364523448,28.43998958437686,23.22928494349757,6.0,85.0,100.0,89.5,20.138336,81.69999999999999,Good,1,0,Vehicle_0098,0.0003,0.0%,LOW,124,2480,temperature,-3.8097,Cooling system,Inspect coolant level and radiator,temperature signal is elevated (SHAP=-3.810),31,Low,2026-06-28 20:56:21
90.99661340085154,19.151135718775524,2849.023562586291,0.4636181690498674,12.193701366150332,46.99365101147217,39.51052682043626,0.0,67.09889526163909,83.24018135370119,71.94128108925771,99.74884,79.81280492429487,Warning,2,0,Vehicle_0099,0.0002,0.0%,LOW,124,2480,temperature,-3.732,Cooling system,Inspect coolant level and radiator,temperature signal is elevated (SHAP=-3.732),31,Low,2026-06-28 20:56:21
71.41781416959908,39.26095713608732,2324.270662449154,0.543386008842266,12.067143239210424,35.524826504489155,30.168534250388863,3.0,83.77426607718226,78.01965861743004,82.04788383925658,25.600946,78.83266202703996,Good,1,0,Vehicle_0100,0.0002,0.0%,LOW,124,2480,temperature,-3.76,Cooling system,Inspect coolant level and radiator,temperature signal is elevated (SHAP=-3.760),31,Low,2026-06-28 20:56:21
79.32756168940915,31.53995238427357,2951.9525228374514,0.1578678433386285,12.690867699872111,32.602593548784085,37.83900593129921,1.0,100.0,100.0,100.0,19.392086,98.0,Excellent,0,0,Vehicle_0101,0.0003,0.0%,LOW,124,2480,temperature,-3.8394,Cooling system,Inspect coolant level and radiator,temperature signal is elevated (SHAP=-3.839),31,Low,2026-06-28 20:56:21
104.48842446679096,19.71308462702327,2636.75069690264,0.2232667863505273,12.212671050674336,35.70053340060911,27.277832942230763,0.0,60.0,84.02268084031635,67.20680425209491,99.4761,77.12861871932022,Warning,2,0,Vehicle_0102,0.0002,0.0%,LOW,124,2480,temperature,-3.7694,Cooling system,Inspect coolant level and radiator,temperature signal is elevated (SHAP=-3.769),31,Low,2026-06-28 20:56:21
79.6560404340786,25.71708301668773,1877.5009265115264,0.7408057715024521,12.61682186021948,66.48132951273878,17.865265581476997,0.0,80.0,100.0,86.0,99.73955,91.6,Good,1,0,Vehicle_0103,0.0002,0.0%,LOW,124,2480,temperature,-3.7272,Cooling system,Inspect coolant level and radiator,temperature signal is elevated (SHAP=-3.727),31,Low,2026-06-28 20:56:21
96.0627335270063,34.63124575421897,3980.3298579000207,0.1146054523709791,11.955393738010164,40.23888271539241,31.554827613001677,0.0,87.8745329459874,73.40999169291925,83.53517057006695,99.685196,84.80310068062401,Good,1,0,Vehicle_0104,0.0002,0.0%,LOW,124,2480,temperature,-3.8255,Cooling system,Inspect coolant level and radiator,temperature signal is elevated (SHAP=-3.825),31,Low,2026-06-28 20:56:21
70.99573479985185,28.32193901320264,2218.656496311587,0.4446723463286426,11.85906679230544,94.9862539654171,42.22602696610015,9.0,70.35517691142383,44.70918613966119,62.66137967989504,10.304541,48.53866503586926,Warning,2,0,Vehicle_0105,0.0004,0.0%,LOW,124,2480,temperature,-5.9551,Cooling system,Inspect coolant level and radiator,temperature signal is elevated (SHAP=-5.955),31,Low,2026-06-28 20:56:21
81.91843663198554,26.92763148408524,3120.601840359928,0.2962393408351887,12.702107663028158,58.31958511789468,37.87999755473811,7.0,80.0,100.0,86.0,18.861294,77.6,Good,1,0,Vehicle_0106,0.0004,0.0%,LOW,124,2480,temperature,-5.7817,Cooling system,Inspect coolant level and radiator,temperature signal is elevated (SHAP=-5.782),31,Low,2026-06-28 20:56:21
70.74966917634129,38.4052911618778,565.1085738434283,0.6740478428740311,12.501007964126886,29.7997867765185,39.02947859914354,9.0,60.0,95.91657852023408,70.77497355607022,5.7611647,63.64829983768895,Warning,2,0,Vehicle_0107,0.0004,0.0%,LOW,124,2480,temperature,-5.958,Cooling system,Inspect coolant level and radiator,temperature signal is elevated (SHAP=-5.958),31,Low,2026-06-28 20:56:21
79.91450386149157,23.71627712169714,3521.176706224743,0.0576201955691187,12.768982293294483,42.66589635709845,37.163503229793776,0.0,94.86510848678856,100.0,96.405575940752,99.67241,97.8433455644512,Excellent,0,0,Vehicle_0108,0.0003,0.0%,LOW,124,2480,temperature,-3.8092,Cooling system,Inspect coolant level and radiator,temperature signal is elevated (SHAP=-3.809),31,Low,2026-06-28 20:56:21
97.60462206186094,25.211079853471,3675.0109957236655,0.3677792920131178,12.186962799631424,33.963060199200214,39.04527474845711,9.0,60.27213640873694,82.96221548479622,67.07916013155472,1.8854082,58.83993917589207,Warning,2,0,Vehicle_0109,0.0067,0.7%,LOW,124,2480,temperature,-6.4371,Cooling system,Inspect coolant level and radiator,temperature signal is elevated (SHAP=-6.437),31,Low,2026-06-28 20:56:21
59.09019365211477,31.268318850289607,2523.8670297013105,0.038678144234739,12.081957879008105,66.00137305893428,40.29511759086702,5.0,90.0,78.63076250908424,86.58922875272526,20.052576,77.67968975345201,Good,1,0,Vehicle_0110,0.0002,0.0%,LOW,124,2480,temperature,-3.8213,Cooling system,Inspect coolant level and radiator,temperature signal is elevated (SHAP=-3.821),31,Low,2026-06-28 20:56:21
91.51635465318786,32.342729592323295,2947.0168277902067,0.3667672014136477,12.944287555016365,17.224406868694942,32.25318571045382,7.0,72.51614393271443,100.0,80.7613007529001,21.460415,74.45678045174006,Good,1,0,Vehicle_0111,0.0004,0.0%,LOW,124,2480,temperature,-5.7704,Cooling system,Inspect coolant level and radiator,temperature signal is elevated (SHAP=-5.770),31,Low,2026-06-28 20:56:21
88.56603403498417,32.97805820604439,2946.81214528605,0.0867076499672864,11.790816494402211,23.180972391283795,35.82890561419617,8.0,80.0,67.0,76.1,12.287563,63.06,Good,1,0,Vehicle_0112,0.0004,0.0%,LOW,124,2480,temperature,-6.1023,Cooling system,Inspect coolant level and radiator,temperature signal is elevated (SHAP=-6.102),31,Low,2026-06-28 20:56:21
76.08775066454808,35.46742826741368,1985.7731442874208,0.0128975388371599,12.90058428367225,38.16907762501717,52.432583748696906,2.0,100.0,74.72921525443051,92.41876457632917,17.09106,86.39710179668359,Excellent,0,0,Vehicle_0113,0.0002,0.0%,LOW,124,2480,temperature,-3.8586,Cooling system,Inspect coolant level and radiator,temperature signal is elevated (SHAP=-3.859),31,Low,2026-06-28 20:56:21
63.30913218417318,31.1914717240891,2937.697844351472,0.3943504498307773,12.928201882992951,63.65893586276651,36.42031029001139,7.0,73.70997001128151,100.0,81.59697900789706,25.280869,74.95818740473823,Good,1,0,Vehicle_0114,0.0004,0.0%,LOW,124,2480,temperature,-5.7681,Cooling system,Inspect coolant level and radiator,temperature signal is elevated (SHAP=-5.768),31,Low,2026-06-28 20:56:21
86.08194261570804,32.93630363363045,1853.095624101956,0.0118804589000074,12.74403580570643,74.66120549645545,35.42563496453918,6.0,85.0,100.0,89.5,17.713797,81.69999999999999,Good,1,0,Vehicle_0115,0.0003,0.0%,LOW,124,2480,temperature,-3.828,Cooling system,Inspect coolant level and radiator,temperature signal is elevated (SHAP=-3.828),31,Low,2026-06-28 20:56:21
77.05760936404296,28.4447444441095,2012.9944610837392,0.4175905939049627,12.12487699319582,77.61084381545686,36.02884507226399,4.0,87.16062707300249,80.40117596932761,85.13279174190002,24.714924,79.15991023900554,Good,1,0,Vehicle_0116,0.0002,0.0%,LOW,124,2480,temperature,-3.7443,Cooling system,Inspect coolant level and radiator,temperature signal is elevated (SHAP=-3.744),31,Low,2026-06-28 20:56:21
88.49014317032056,30.376189819420286,3401.554514569839,0.0478507307513606,12.073390465309856,60.5960303989506,32.8209148168378,4.0,95.0,78.27735669403155,89.98320700820946,17.961098,81.645395543732,Good,1,0,Vehicle_0117,0.0002,0.0%,LOW,124,2480,temperature,-3.8213,Cooling system,Inspect coolant level and radiator,temperature signal is elevated (SHAP=-3.821),31,Low,2026-06-28 20:56:21
85.32778218285165,30.645205080321805,3279.726152560162,0.18595436036089,12.31597769080072,48.3422092728396,30.64644036279197,2.0,100.0,88.2840797455297,96.4852239236589,19.392086,91.54795030330128,Excellent,0,0,Vehicle_0118,0.0002,0.0%,LOW,124,2480,temperature,-3.8296,Cooling system,Inspect coolant level and radiator,temperature signal is elevated (SHAP=-3.830),31,Low,2026-06-28 20:56:21
109.02668336981372,31.290588814914216,1934.899598307366,0.0073561211310825,11.88198412926744,65.89251624627985,37.08678524365432,1.0,80.0,70.3818453322819,77.11455359968457,17.09106,78.34510122626712,Good,1,0,Vehicle_0119,0.0023,0.2%,LOW,124,2480,fault_count,-6.1575,ECU fault logs,Review and clear fault codes,fault_count signal is elevated (SHAP=-6.157),31,Low,2026-06-28 20:56:21
81.40966558790464,34.635238845496566,1913.1389251991675,0.0174512622779766,12.015322400498562,27.109987651365792,29.942847980408487,9.0,80.0,75.88204902056565,78.7646147061697,14.256514,64.43517862781493,Good,1,0,Vehicle_0120,0.0004,0.0%,LOW,124,2480,temperature,-6.1023,Cooling system,Inspect coolant level and radiator,temperature signal is elevated (SHAP=-6.102),31,Low,2026-06-28 20:56:21
69.64753761067203,33.33087409166899,1983.5227180338625,0.0658836528913998,12.65789371660362,13.106855559675466,33.544850705227844,7.0,80.0,100.0,86.0,19.392086,77.6,Good,1,0,Vehicle_0121,0.0004,0.0%,LOW,124,2480,temperature,-5.8186,Cooling system,Inspect coolant level and radiator,temperature signal is elevated (SHAP=-5.819),31,Low,2026-06-28 20:56:21
87.68913452434474,30.265302017401098,3086.111653172393,0.100254651681353,12.659739645689664,58.73275155372978,27.094852934737126,5.0,90.0,100.0,93.0,19.392086,85.8,Excellent,0,0,Vehicle_0122,0.0003,0.0%,LOW,124,2480,temperature,-3.8316,Cooling system,Inspect coolant level and radiator,temperature signal is elevated (SHAP=-3.832),31,Low,2026-06-28 20:56:21
88.29995025957648,25.14524409035376,1700.0121753516823,0.0431229705208761,11.980170069386018,29.886431657023,36.08011804534318,6.0,85.0,74.43201536217322,81.82960460865196,17.09106,71.98416583762582,Good,1,0,Vehicle_0123,0.0002,0.0%,LOW,124,2480,temperature,-3.7916,Cooling system,Inspect coolant level and radiator,temperature signal is elevated (SHAP=-3.792),31,Low,2026-06-28 20:56:21
105.38781362860657,30.406027548376255,2785.370111228762,0.0267356975376965,12.67044877412003,48.69386535669038,40.84194944176028,4.0,75.0,100.0,82.5,16.85328,81.5,Good,1,0,Vehicle_0124,0.0025,0.2%,LOW,124,2480,fault_count,-6.1384,ECU fault logs,Review and clear fault codes,fault_count signal is elevated (SHAP=-6.138),31,Low,2026-06-28 20:56:21
97.52666868871869,29.831893290625537,3097.477448507436,0.0342696196840282,12.581721322295923,52.39254031745629,32.88085140089085,2.0,84.94666262256266,99.24600454470684,89.23646519920591,16.85328,89.39108002846491,Good,1,0,Vehicle_0125,0.0002,0.0%,LOW,124,2480,temperature,-3.831,Cooling system,Inspect coolant level and radiator,temperature signal is elevated (SHAP=-3.831),31,Low,2026-06-28 20:56:21
90.35306588724264,31.15908947887919,2429.40363976552,0.1492167988662337,13.003954501830842,54.962391183565934,14.91621563110684,9.0,79.29386822551473,100.0,85.5057077578603,20.138336,73.30342465471618,Good,1,0,Vehicle_0126,0.0006,0.1%,LOW,124,2480,temperature,-5.9506,Cooling system,Inspect coolant level and radiator,temperature signal is elevated (SHAP=-5.951),31,Low,2026-06-28 20:56:21
106.94954336829343,43.23915184284241,3308.0509574919424,0.0133275377896335,12.627654576747007,68.75583077050103,40.90371544055472,9.0,60.0,100.0,72.0,2.515155,65.19999999999999,Warning,2,1,Vehicle_0127,0.9994,99.9%,CRITICAL,5,100,temperature,4.8395,Cooling system,Inspect coolant level and radiator,temperature signal is rapidly deteriorating (SHAP=4.840),1,Immediate,2026-06-28 20:56:21
67.16855418515723,26.857363328752587,2256.5518644081662,0.5393602554098278,12.823432421493752,66.64150376583463,36.2018384275976,2.0,84.04264963934482,100.0,88.82985474754136,24.402285,89.29791284852482,Good,1,0,Vehicle_0128,0.0002,0.0%,LOW,124,2480,temperature,-3.764,Cooling system,Inspect coolant level and radiator,temperature signal is elevated (SHAP=-3.764),31,Low,2026-06-28 20:56:21
75.40372700875378,32.53373411475216,2328.9155192048684,0.552264126545898,12.590831036372084,53.90000134335381,25.0676854998654,8.0,63.1823915636068,99.62178025034854,74.11420816962932,24.863546,68.3928809518473,Warning,2,0,Vehicle_0129,0.0004,0.0%,LOW,124,2480,temperature,-5.9635,Cooling system,Inspect coolant level and radiator,temperature signal is elevated (SHAP=-5.963),31,Low,2026-06-28 20:56:21
71.10136087891712,36.410772403465785,1718.2030150945147,0.0147237170978613,12.791971643878876,41.15969439061189,42.73270242323273,4.0,95.0,100.0,96.5,19.047188,89.9,Excellent,0,0,Vehicle_0130,0.0003,0.0%,LOW,124,2480,temperature,-3.8314,Cooling system,Inspect coolant level and radiator,temperature signal is elevated (SHAP=-3.831),31,Low,2026-06-28 20:56:21
79.15285295266348,30.588011484596297,3313.7418780961643,0.2753685645884456,11.88515313737289,52.15524177352642,21.01574799284153,7.0,80.0,70.51256691663171,77.15377007498951,17.208237,66.39477542832005,Good,1,0,Vehicle_0131,0.0003,0.0%,LOW,124,2480,temperature,-5.9791,Cooling system,Inspect coolant level and radiator,temperature signal is elevated (SHAP=-5.979),31,Low,2026-06-28 20:56:21
64.34970778665537,44.02707071503299,1886.783642416904,0.256713316466624,12.351302217155634,38.07579166650157,45.45407615324468,1.0,100.0,88.19735753663801,96.4592072609914,21.096188,93.51499586392244,Excellent,0,0,Vehicle_0132,0.0002,0.0%,LOW,124,2480,temperature,-3.8258,Cooling system,Inspect coolant level and radiator,temperature signal is elevated (SHAP=-3.826),31,Low,2026-06-28 20:56:21
94.52726420221606,27.73176424961114,2779.8174541720477,0.1804019972392368,12.384406892708988,46.07142155987658,34.42633380352787,4.0,85.94547159556788,91.10678432424577,87.49386541417124,16.85328,82.7176761133519,Good,1,0,Vehicle_0133,0.0002,0.0%,LOW,124,2480,temperature,-3.8049,Cooling system,Inspect coolant level and radiator,temperature signal is elevated (SHAP=-3.805),31,Low,2026-06-28 20:56:21
81.66665954351839,31.94453533392028,2442.9471462992524,0.0638035789765985,12.302500021225889,102.36346847160829,12.311349246226694,1.0,100.0,54.72812587556784,86.41843776267035,20.411087,80.79668783271578,Good,1,0,Vehicle_0134,0.0002,0.0%,LOW,124,2480,temperature,-3.8078,Cooling system,Inspect coolant level and radiator,temperature signal is elevated (SHAP=-3.808),31,Low,2026-06-28 20:56:21
62.93790558246013,25.207165530642108,1657.77354951067,0.1811660075895364,12.577554652126691,53.64379401767081,36.78329587263237,8.0,80.0,99.07412940022604,85.72223882006782,20.138336,75.2481691720859,Good,1,0,Vehicle_0135,0.0005,0.1%,LOW,124,2480,temperature,-5.8856,Cooling system,Inspect coolant level and radiator,temperature signal is elevated (SHAP=-5.886),31,Low,2026-06-28 20:56:21
69.76631378188688,27.89085158914024,2012.7174849413436,0.4276804640575435,12.6537518617983,59.00490034075096,30.93807631909064,3.0,91.48796906283044,100.0,94.0415783439813,25.280869,90.42494700638878,Excellent,0,0,Vehicle_0136,0.0002,0.0%,LOW,124,2480,temperature,-3.7448,Cooling system,Inspect coolant level and radiator,temperature signal is elevated (SHAP=-3.745),31,Low,2026-06-28 20:56:21
89.70270771175294,31.493603462379948,3606.297791232587,0.076602665820162,12.55690283082846,35.89038701939276,29.43150708176864,2.0,100.0,98.22224177167396,99.46667253150218,19.392086,95.3244518732361,Excellent,0,0,Vehicle_0137,0.0002,0.0%,LOW,124,2480,temperature,-3.8394,Cooling system,Inspect coolant level and radiator,temperature signal is elevated (SHAP=-3.839),31,Low,2026-06-28 20:56:21
97.57189851841572,35.077824373846376,2661.3260341075843,0.3492758851527642,12.329222447511466,70.40146832859736,27.622742385437817,6.0,66.57114395298427,88.83042595984796,73.24892855504338,21.837223,69.71544232499562,Warning,2,0,Vehicle_0138,0.0002,0.0%,LOW,124,2480,temperature,-3.7598,Cooling system,Inspect coolant level and radiator,temperature signal is elevated (SHAP=-3.760),31,Low,2026-06-28 20:56:21
114.9509633753768,31.914569004141445,1692.6797269065264,0.1386411683444329,12.10570796806195,65.20544845326849,33.72784209140127,9.0,50.0,79.6104536825554,58.88313610476662,1.2731314,53.25197239937105,Critical,3,1,Vehicle_0139,0.9995,100.0%,CRITICAL,5,100,temperature,4.6658,Cooling system,Inspect coolant level and radiator,temperature signal is rapidly deteriorating (SHAP=4.666),1,Immediate,2026-06-28 20:56:21
123.67837025846389,37.55468909600842,2744.2626298789537,0.4950155147178305,12.838874429662496,65.3470510931017,30.148113188328587,3.0,56.99896568547796,100.0,69.89927597983457,6.278801,75.93956558790074,Warning,2,0,Vehicle_0140,0.0023,0.2%,LOW,124,2480,fault_count,-6.2192,ECU fault logs,Review and clear fault codes,fault_count signal is elevated (SHAP=-6.219),31,Low,2026-06-28 20:56:21
91.21614149913997,29.43020813644397,2383.108774724364,0.2133738894323681,12.539893126645534,54.29782493506927,16.433097568116146,7.0,77.5677170017201,97.5205914741283,83.55357934344255,20.457024,75.63626590089119,Good,1,0,Vehicle_0141,0.0004,0.0%,LOW,124,2480,temperature,-5.8059,Cooling system,Inspect coolant level and radiator,temperature signal is elevated (SHAP=-5.806),31,Low,2026-06-28 20:56:21
70.15692819952204,28.00698882096597,4612.341159193811,0.3877417321863026,11.992554456640235,70.68380191533541,47.72067886677205,6.0,66.9037280037036,65.69256318938479,66.54037855940796,8.216119,61.06273977352173,Warning,2,0,Vehicle_0142,0.0002,0.0%,LOW,124,2480,temperature,-3.8776,Cooling system,Inspect coolant level and radiator,temperature signal is elevated (SHAP=-3.878),31,Low,2026-06-28 20:56:21
53.01930578903036,46.22391064367632,2728.099073073818,0.6743443599716116,12.32252498334015,75.43370393269467,32.55642344038195,4.0,75.0,88.55415556278119,79.06624666883435,26.473278,77.15057911385685,Good,1,0,Vehicle_0143,0.0002,0.0%,LOW,124,2480,temperature,-3.743,Cooling system,Inspect coolant level and radiator,temperature signal is elevated (SHAP=-3.743),31,Low,2026-06-28 20:56:21
89.01567193515754,32.365425896652184,2195.5001223469085,0.1261610629195184,11.702680128917056,55.6619783869859,27.680649841217367,8.0,80.0,67.0,76.1,14.256514,63.06,Good,1,0,Vehicle_0144,0.0004,0.0%,LOW,124,2480,temperature,-6.094,Cooling system,Inspect coolant level and radiator,temperature signal is elevated (SHAP=-6.094),31,Low,2026-06-28 20:56:21
72.80588357034512,25.683110724128717,3636.022334229683,0.2512253462819445,12.414148245738977,47.70775281999354,23.715763174546687,1.0,100.0,92.3336151367328,97.70008454101983,20.8457,95.08677375195846,Excellent,0,0,Vehicle_0145,0.0002,0.0%,LOW,124,2480,temperature,-3.7962,Cooling system,Inspect coolant level and radiator,temperature signal is elevated (SHAP=-3.796),31,Low,2026-06-28 20:56:22
78.76964109730471,25.834417426511585,1027.1710661657237,0.7408057715024521,12.320648022960562,67.89141980229522,42.707320674529214,8.0,60.0,88.47673094712317,68.54301928413695,4.526937,62.8211577599068,Warning,2,0,Vehicle_0146,0.0004,0.0%,LOW,124,2480,temperature,-5.9137,Cooling system,Inspect coolant level and radiator,temperature signal is elevated (SHAP=-5.914),31,Low,2026-06-28 20:56:22
75.81854801410287,24.343920512811955,2575.456125104878,0.7408057715024521,12.170213219857866,31.917493868805128,22.01568030903475,4.0,72.37568205124782,82.27129531913695,75.34436603161456,20.146257,73.66087868279612,Good,1,0,Vehicle_0147,0.0002,0.0%,LOW,124,2480,temperature,-3.7198,Cooling system,Inspect coolant level and radiator,temperature signal is elevated (SHAP=-3.720),31,Low,2026-06-28 20:56:22
82.88813670375423,35.619416135140725,4095.542795744858,0.1844992874682832,13.033840075921413,35.64079438769347,36.33987301857967,0.0,98.08914408510284,100.0,98.66240085957196,99.563484,99.19744051574318,Excellent,0,0,Vehicle_0148,0.0003,0.0%,LOW,124,2480,temperature,-3.8545,Cooling system,Inspect coolant level and radiator,temperature signal is elevated (SHAP=-3.854),31,Low,2026-06-28 20:56:22
100.98970346181466,27.813736242640548,2407.040572512197,0.6385589777130549,11.937538352183156,48.93399314230197,29.163509981264188,9.0,40.0,72.67345702755514,49.80203710826655,2.0158052,46.41591367047096,Critical,3,0,Vehicle_0149,0.0072,0.7%,LOW,124,2480,temperature,-6.425,Cooling system,Inspect coolant level and radiator,temperature signal is elevated (SHAP=-6.425),31,Low,2026-06-28 20:56:22
87.35572851168017,30.764174853938915,1113.359164281537,0.1018229212973789,12.682557180672935,15.17285863123709,29.74580339437668,7.0,80.0,100.0,86.0,14.993679,77.6,Good,1,0,Vehicle_0150,0.0004,0.0%,LOW,124,2480,temperature,-5.8081,Cooling system,Inspect coolant level and radiator,temperature signal is elevated (SHAP=-5.808),31,Low,2026-06-28 20:56:22
82.62047744441968,29.618947953370387,2183.2656284715217,0.1146294667114405,13.274683264372747,66.55190547126848,23.964404690241,8.0,80.0,100.0,86.0,14.993679,75.6,Good,1,0,Vehicle_0151,0.0005,0.1%,LOW,124,2480,temperature,-5.9506,Cooling system,Inspect coolant level and radiator,temperature signal is elevated (SHAP=-5.951),31,Low,2026-06-28 20:56:22
69.46519370761283,34.38895444764561,3663.614432767229,0.6173420496987785,12.830907161486676,30.741722250683537,28.7968056747834,1.0,80.0,100.0,86.0,24.863546,89.6,Good,1,0,Vehicle_0152,0.0002,0.0%,LOW,124,2480,temperature,-3.7748,Cooling system,Inspect coolant level and radiator,temperature signal is elevated (SHAP=-3.775),31,Low,2026-06-28 20:56:22
59.87975582943464,24.91953544269588,2800.855677056617,0.2218231495150501,12.387384487160894,40.570179569964864,35.08812391506858,7.0,79.67814177078353,91.22961009538687,83.14358226816452,20.481514,74.13207137997608,Good,1,0,Vehicle_0153,0.0004,0.0%,LOW,124,2480,temperature,-5.7788,Cooling system,Inspect coolant level and radiator,temperature signal is elevated (SHAP=-5.779),31,Low,2026-06-28 20:56:22
77.70538136390003,23.546566283141907,1828.9151123899856,0.3985774276365202,11.94637254423067,45.73440808640458,37.35312226348993,6.0,72.61443662346628,73.03786744951509,72.74146587128092,20.665247,66.25245301267157,Warning,2,0,Vehicle_0154,0.0002,0.0%,LOW,124,2480,temperature,-3.888,Cooling system,Inspect coolant level and radiator,temperature signal is elevated (SHAP=-3.888),31,Low,2026-06-28 20:56:22
84.1932617377252,31.345783843089567,1951.8057542567808,0.1031857057288545,11.855175129366218,50.785736431411,27.144075187170216,9.0,80.0,69.27597408635647,76.78279222590695,14.256514,61.924870152815465,Good,1,0,Vehicle_0155,0.0004,0.0%,LOW,124,2480,temperature,-6.1034,Cooling system,Inspect coolant level and radiator,temperature signal is elevated (SHAP=-6.103),31,Low,2026-06-28 20:56:22
111.51894870369824,33.60575570819938,2052.239783080149,0.3659255720888298,12.23537932201699,43.12693447153916,34.09065597562586,3.0,65.60496186074468,84.95939703320087,71.41129241248153,18.53739,73.83865485412909,Warning,2,0,Vehicle_0156,0.0017,0.2%,LOW,124,2480,fault_count,-6.1348,ECU fault logs,Review and clear fault codes,fault_count signal is elevated (SHAP=-6.135),31,Low,2026-06-28 20:56:22
86.95411782209328,31.995193878585845,2788.958307243197,0.4288871612928476,12.125199706434437,48.65257905539303,43.88454430970422,9.0,71.40752258047682,80.4144878904205,74.10961217345992,15.822512,62.54866488216005,Warning,2,0,Vehicle_0157,0.0004,0.0%,LOW,124,2480,temperature,-6.0112,Cooling system,Inspect coolant level and radiator,temperature signal is elevated (SHAP=-6.011),31,Low,2026-06-28 20:56:22
99.74109266534586,25.143277625416037,3570.5569063509224,0.1102706410986811,12.112181236416747,48.80744735219172,18.373714430509278,7.0,60.51781466930828,79.8774760021908,66.32571306917303,12.315691,61.77092304194198,Warning,2,0,Vehicle_0158,0.0003,0.0%,LOW,124,2480,temperature,-5.9528,Cooling system,Inspect coolant level and radiator,temperature signal is elevated (SHAP=-5.953),31,Low,2026-06-28 20:56:22
77.51056602191272,34.064909052548366,3341.938410239337,0.1608785638297374,12.269474617811502,41.05938084745748,34.937310264081404,2.0,100.0,86.36582798472446,95.90974839541734,19.657219,90.8190146341953,Excellent,0,0,Vehicle_0159,0.0002,0.0%,LOW,124,2480,temperature,-3.8296,Cooling system,Inspect coolant level and radiator,temperature signal is elevated (SHAP=-3.830),31,Low,2026-06-28 20:56:22
67.22584350374463,25.536834437426197,2864.809745687303,0.0910738573731974,12.359101162845723,34.53611084722469,25.492160545978265,2.0,100.0,90.06292296738617,97.01887689021584,20.138336,92.22391072760676,Excellent,0,0,Vehicle_0160,0.0002,0.0%,LOW,124,2480,temperature,-3.8,Cooling system,Inspect coolant level and radiator,temperature signal is elevated (SHAP=-3.800),31,Low,2026-06-28 20:56:22
70.52324856651443,26.8707681312817,1434.6841919540134,0.4877925636572954,12.594084779058118,71.62947848711204,24.473158278834685,9.0,67.4804957561803,99.7559971361474,77.16314617017042,25.280869,68.24908712933173,Good,1,0,Vehicle_0161,0.0004,0.0%,LOW,124,2480,temperature,-5.9295,Cooling system,Inspect coolant level and radiator,temperature signal is elevated (SHAP=-5.929),31,Low,2026-06-28 20:56:22
74.1216090319637,24.336278851667988,1437.653988805247,0.2693949625112563,11.904881512215027,7.911885954665941,37.61011512998101,6.0,82.34511540667195,71.32636237886993,79.03948949833133,20.351988,69.68896617477279,Good,1,0,Vehicle_0162,0.0002,0.0%,LOW,124,2480,temperature,-3.7877,Cooling system,Inspect coolant level and radiator,temperature signal is elevated (SHAP=-3.788),31,Low,2026-06-28 20:56:22
116.92704598652747,37.806950091912185,2926.6016169710106,0.040748649334757,12.12710248154678,45.88569681981035,29.547485313324408,1.0,70.0,80.49297736380467,73.1478932091414,17.09106,77.98733139824577,Warning,2,0,Vehicle_0163,0.0022,0.2%,LOW,124,2480,fault_count,-6.1555,ECU fault logs,Review and clear fault codes,fault_count signal is elevated (SHAP=-6.155),31,Low,2026-06-28 20:56:22
72.6791998116342,33.800529246164096,1423.6231216536846,0.6967385611877438,12.336131166871008,40.62201056231569,22.831968737649,1.0,80.0,89.11541063342906,82.73462319002871,24.863546,85.46385604070304,Good,1,0,Vehicle_0164,0.0002,0.0%,LOW,124,2480,temperature,-3.7435,Cooling system,Inspect coolant level and radiator,temperature signal is elevated (SHAP=-3.744),31,Low,2026-06-28 20:56:22
97.57733805604518,33.62996025407324,2319.5463831451166,0.2377016404724201,12.321805922630691,58.37582973452973,48.24283192069988,8.0,64.84532388790964,77.49886577813649,68.64138645497769,6.9537106,60.68460502861392,Warning,2,0,Vehicle_0165,0.0004,0.0%,LOW,124,2480,temperature,-6.094,Cooling system,Inspect coolant level and radiator,temperature signal is elevated (SHAP=-6.094),31,Low,2026-06-28 20:56:22
71.45609232869461,37.4832685268547,2743.320356948941,0.1119484222622683,13.13456948296537,20.914144069619827,44.20089514331829,1.0,100.0,100.0,100.0,19.047188,98.0,Excellent,0,0,Vehicle_0166,0.0003,0.0%,LOW,124,2480,temperature,-3.8586,Cooling system,Inspect coolant level and radiator,temperature signal is elevated (SHAP=-3.859),31,Low,2026-06-28 20:56:22
98.97359519311368,46.276182227974815,1589.9248037098491,0.2210283316186605,12.492898637089544,40.00429317512792,15.676940436408309,2.0,82.05280961377267,95.5820687799437,86.11158736362397,19.725693,86.78336617416312,Good,1,0,Vehicle_0167,0.0003,0.0%,LOW,124,2480,temperature,-3.827,Cooling system,Inspect coolant level and radiator,temperature signal is elevated (SHAP=-3.827),31,Low,2026-06-28 20:56:22
90.77426449158794,19.744643376539067,1680.5901325129091,0.0542168477828972,11.75456407521623,47.95280532020488,20.25571871997932,6.0,63.45147101682412,67.0,64.51602971177688,7.8868628,60.10961782706613,Warning,2,0,Vehicle_0168,0.0002,0.0%,LOW,124,2480,temperature,-3.9593,Cooling system,Inspect coolant level and radiator,temperature signal is elevated (SHAP=-3.959),31,Low,2026-06-28 20:56:22
82.65043153512865,25.56974051473735,2424.703148345745,0.0848204909488475,12.567272544634706,71.40147220740918,40.934570713186815,8.0,80.0,98.64999246618164,85.59499773985449,16.85328,75.08699713714903,Good,1,0,Vehicle_0169,0.0005,0.1%,LOW,124,2480,temperature,-5.8906,Cooling system,Inspect coolant level and radiator,temperature signal is elevated (SHAP=-5.891),31,Low,2026-06-28 20:56:22
84.3885621079685,26.302949494952856,2902.920230019243,0.4372893014566208,12.618265489097592,56.64369933590848,32.151261669625306,3.0,90.84737990289194,100.0,93.59316593202436,24.402285,90.15589955921462,Excellent,0,0,Vehicle_0170,0.0002,0.0%,LOW,124,2480,temperature,-3.7448,Cooling system,Inspect coolant level and radiator,temperature signal is elevated (SHAP=-3.745),31,Low,2026-06-28 20:56:22
75.17818456855915,24.89508226570384,3349.215016331005,0.0838251188972558,12.349948788702106,26.330235782622765,50.00574644354957,6.0,84.58032906281537,72.66584962589332,81.00598523173875,17.09106,71.1367610642219,Good,1,0,Vehicle_0171,0.0002,0.0%,LOW,124,2480,temperature,-3.7995,Cooling system,Inspect coolant level and radiator,temperature signal is elevated (SHAP=-3.800),31,Low,2026-06-28 20:56:22
91.6910830222312,23.53450051437773,2985.642747816441,0.7408057715024521,11.91464133023632,40.250465625586806,41.1633639854101,7.0,50.75583601304848,71.72895487224817,57.04777167080838,1.9097686,54.57445397693466,Critical,3,0,Vehicle_0172,0.0018,0.2%,LOW,124,2480,temperature,-6.2778,Cooling system,Inspect coolant level and radiator,temperature signal is elevated (SHAP=-6.278),31,Low,2026-06-28 20:56:22
78.17524779488829,28.202081615667808,2558.925275993756,0.0607130674820331,13.103221878125384,67.72102705321382,37.994655238539984,6.0,85.0,100.0,89.5,14.993679,81.69999999999999,Good,1,0,Vehicle_0173,0.0003,0.0%,LOW,124,2480,temperature,-3.8378,Cooling system,Inspect coolant level and radiator,temperature signal is elevated (SHAP=-3.838),31,Low,2026-06-28 20:56:22
66.61591354349127,22.70037770826357,1903.0441971543603,0.502922855821643,11.972046434567496,25.98450268153865,24.781373081745627,6.0,62.27332044494474,74.09691542590924,65.8203989392341,12.650842,62.311622448722304,Warning,2,0,Vehicle_0174,0.0002,0.0%,LOW,124,2480,temperature,-3.8982,Cooling system,Inspect coolant level and radiator,temperature signal is elevated (SHAP=-3.898),31,Low,2026-06-28 20:56:22
65.83093638520572,32.01025420522448,1643.2744033243846,0.5110520176983663,12.664308882566374,48.42711463255258,39.91440294864472,2.0,85.92986548677558,100.0,90.1509058407429,19.137293,90.09054350444572,Excellent,0,0,Vehicle_0175,0.0002,0.0%,LOW,124,2480,temperature,-3.7654,Cooling system,Inspect coolant level and radiator,temperature signal is elevated (SHAP=-3.765),31,Low,2026-06-28 20:56:22
87.58881876583179,30.31018992857169,2091.298329336682,0.2869063427555276,12.480020211625574,49.817590949474486,22.242360452495333,6.0,85.0,95.05083372955492,88.01525011886648,19.725693,79.81931681723087,Good,1,0,Vehicle_0176,0.0002,0.0%,LOW,124,2480,temperature,-3.8263,Cooling system,Inspect coolant level and radiator,temperature signal is elevated (SHAP=-3.826),31,Low,2026-06-28 20:56:22
108.68636884615653,32.886171988581935,2827.9484679844536,0.0579919754194373,12.640324219611909,42.28433880158471,48.05244533410069,0.0,80.0,89.62168586405765,82.8865057592173,99.68686,87.6562406283419,Good,1,0,Vehicle_0177,0.0027,0.3%,LOW,124,2480,fault_count,-6.1623,ECU fault logs,Review and clear fault codes,fault_count signal is elevated (SHAP=-6.162),31,Low,2026-06-28 20:56:22
87.39987420360157,33.04637070982952,2769.2989653018744,0.106075311442411,13.082743169666932,103.20347233180824,39.22138589018242,7.0,80.0,67.0,76.1,12.287563,65.06,Good,1,0,Vehicle_0178,0.0004,0.0%,LOW,124,2480,temperature,-6.0064,Cooling system,Inspect coolant level and radiator,temperature signal is elevated (SHAP=-6.006),31,Low,2026-06-28 20:56:22
83.22042510835176,33.61804112056006,820.0784114199021,0.1674295330479167,12.624655548856415,41.74537081104902,26.751694232424075,7.0,80.0,100.0,86.0,19.392086,77.6,Good,1,0,Vehicle_0179,0.0005,0.1%,LOW,124,2480,temperature,-5.8086,Cooling system,Inspect coolant level and radiator,temperature signal is elevated (SHAP=-5.809),31,Low,2026-06-28 20:56:22
89.28739209403814,27.759546379056708,1871.4583773859977,0.3423108133133603,12.176534309182587,58.99530318735595,43.046774281323145,7.0,77.17927911244264,82.53204025378172,78.78510745484436,21.666563,69.77747252366296,Good,1,0,Vehicle_0180,0.0003,0.0%,LOW,124,2480,temperature,-5.7143,Cooling system,Inspect coolant level and radiator,temperature signal is elevated (SHAP=-5.714),31,Low,2026-06-28 20:56:22
104.59002612560238,42.72686041580201,3463.6060412849247,0.7408057715024521,12.842396910051184,34.67397759561432,57.41524889136336,0.0,60.0,66.0,61.8,99.63037,70.28,Warning,2,0,Vehicle_0181,0.0002,0.0%,LOW,124,2480,temperature,-3.7327,Cooling system,Inspect coolant level and radiator,temperature signal is elevated (SHAP=-3.733),31,Low,2026-06-28 20:56:22
88.29073752045784,31.406586698892585,2563.372038243312,0.2584455486054245,12.147560219982353,60.554959839988086,32.823829001905494,9.0,80.0,81.33685907427204,80.4010577222816,15.069902,66.50800644822337,Good,1,0,Vehicle_0182,0.0004,0.0%,LOW,124,2480,temperature,-6.0901,Cooling system,Inspect coolant level and radiator,temperature signal is elevated (SHAP=-6.090),31,Low,2026-06-28 20:56:22
78.83609153749394,18.82509148425123,1366.3928695176112,0.2720955295116602,12.465423204558109,67.4157519370387,40.50413189691293,4.0,75.0,94.44870718802191,80.83461215640658,18.355572,79.39050873144832,Good,1,0,Vehicle_0183,0.0002,0.0%,LOW,124,2480,temperature,-3.7794,Cooling system,Inspect coolant level and radiator,temperature signal is elevated (SHAP=-3.779),31,Low,2026-06-28 20:56:22
101.59433065089831,23.98574552540269,4384.656945278521,0.3512027375067896,11.882766556793683,38.24071926507804,30.681706803089984,0.0,64.8363273622544,70.41412046773948,66.50966529389991,99.74884,73.98862326988785,Warning,2,0,Vehicle_0184,0.0002,0.0%,LOW,124,2480,temperature,-3.7278,Cooling system,Inspect coolant level and radiator,temperature signal is elevated (SHAP=-3.728),31,Low,2026-06-28 20:56:22
91.4313465769242,19.556982065833104,2476.846614148188,0.1386066031541008,11.9866875090653,48.90596369562934,35.85352217618345,5.0,67.1373068461516,74.7008597489436,69.4063727169892,11.860716,66.58399557998223,Warning,2,0,Vehicle_0185,0.0002,0.0%,LOW,124,2480,temperature,-3.9724,Cooling system,Inspect coolant level and radiator,temperature signal is elevated (SHAP=-3.972),31,Low,2026-06-28 20:56:22
108.03633987993987,30.10400777490785,2807.4671674507263,0.0579598814143299,12.420554668174477,32.094404602182536,19.92765439968553,5.0,70.0,92.59788006219708,76.77936401865912,17.233616,74.5871944236349,Good,1,0,Vehicle_0186,0.0027,0.3%,LOW,124,2480,fault_count,-6.1369,ECU fault logs,Review and clear fault codes,fault_count signal is elevated (SHAP=-6.137),31,Low,2026-06-28 20:56:22
87.74851655832859,29.26916865568,2819.6198048361075,0.5348898919646331,12.547234683432348,27.111923759002167,34.99470486494135,4.0,79.34067386902446,97.8234306915844,84.88550091579243,21.837223,82.49598668779234,Good,1,0,Vehicle_0187,0.0002,0.0%,LOW,124,2480,temperature,-3.7669,Cooling system,Inspect coolant level and radiator,temperature signal is elevated (SHAP=-3.767),31,Low,2026-06-28 20:56:22
66.63296452419249,27.189445812603253,2205.923627071851,0.7408057715024521,11.719043750923587,70.73590865000412,35.43577329830612,7.0,60.0,67.0,62.1,5.504346,56.66,Warning,2,0,Vehicle_0188,0.0003,0.0%,LOW,124,2480,temperature,-5.823,Cooling system,Inspect coolant level and radiator,temperature signal is elevated (SHAP=-5.823),31,Low,2026-06-28 20:56:22
64.47761201131502,42.06555667440308,1917.9410545428848,0.3925195877324962,12.598914947200266,38.91998108232704,52.98997776844748,5.0,83.83202748450024,72.78931715928952,80.51921438693702,22.040886,72.86939206402012,Good,1,0,Vehicle_0189,0.0002,0.0%,LOW,124,2480,temperature,-3.7718,Cooling system,Inspect coolant level and radiator,temperature signal is elevated (SHAP=-3.772),31,Low,2026-06-28 20:56:22
109.76391898346874,33.29389724446146,4197.339988052752,0.0750216153752631,12.07222840936068,1.7277534298386,17.049968872966502,2.0,76.05320023894495,78.2294218861281,76.70606673309989,13.831579,77.66952441708555,Good,1,0,Vehicle_0190,0.0025,0.2%,LOW,124,2480,fault_count,-6.1433,ECU fault logs,Review and clear fault codes,fault_count signal is elevated (SHAP=-6.143),31,Low,2026-06-28 20:56:22
110.85498581174946,34.356590168678004,3302.5646956942005,0.2350716821139573,12.911875206268467,85.30712312987245,32.19116540892221,6.0,55.0,91.24324683571044,65.87297405071314,2.5773346,65.77243379756997,Warning,2,0,Vehicle_0191,0.0436,4.4%,LOW,119,2380,fault_count,-7.2024,ECU fault logs,Review and clear fault codes,fault_count signal is elevated (SHAP=-7.202),29,Low,2026-06-28 20:56:22
82.307211800761,24.413559072347383,3157.549760886941,0.2683907800295943,12.259214228470196,33.958093538747875,47.88117217831035,2.0,97.65423628938952,76.14660151814044,91.2019458580148,17.393625,85.95048781843697,Excellent,0,0,Vehicle_0192,0.0002,0.0%,LOW,124,2480,temperature,-3.7957,Cooling system,Inspect coolant level and radiator,temperature signal is elevated (SHAP=-3.796),31,Low,2026-06-28 20:56:22
79.25219018296018,24.005130652013925,2961.0313533745684,0.1274342282000783,11.950551092180008,45.07253912503938,32.58228504201244,1.0,96.0205226080557,73.21023255242525,89.17743559136656,19.657219,86.14850786530499,Good,1,0,Vehicle_0193,0.0002,0.0%,LOW,124,2480,temperature,-3.7995,Cooling system,Inspect coolant level and radiator,temperature signal is elevated (SHAP=-3.800),31,Low,2026-06-28 20:56:22
106.92166438363304,30.220832994581727,1697.3460877106522,0.2573338331028716,12.430321823183702,82.8181301098863,33.28658467015002,2.0,80.0,88.3508605250153,82.50525815750458,17.470497,83.1733269995058,Good,1,0,Vehicle_0194,0.0024,0.2%,LOW,124,2480,fault_count,-6.1395,ECU fault logs,Review and clear fault codes,fault_count signal is elevated (SHAP=-6.139),31,Low,2026-06-28 20:56:22
68.39431476934769,31.038042837913355,3522.024153392219,0.7408057715024521,12.03350599956851,47.1651581162472,26.66740975117826,9.0,60.0,76.632122482201,64.9896367446603,5.504346,56.32020654323638,Warning,2,0,Vehicle_0195,0.0004,0.0%,LOW,124,2480,temperature,-5.979,Cooling system,Inspect coolant level and radiator,temperature signal is elevated (SHAP=-5.979),31,Low,2026-06-28 20:56:22
71.5790947156626,18.862130597313257,1825.4938735906003,0.1602761457682458,12.90757805657325,46.73326795596273,25.673946197372423,5.0,70.0,100.0,79.0,19.783419,77.4,Good,1,0,Vehicle_0196,0.0003,0.0%,LOW,124,2480,temperature,-3.829,Cooling system,Inspect coolant level and radiator,temperature signal is elevated (SHAP=-3.829),31,Low,2026-06-28 20:56:22
94.64990192033568,28.918157862902795,2726.6294385205165,0.1764534482810376,12.40021208301324,25.436539108989336,16.741462341668477,3.0,90.70019615932868,91.75874842429616,91.01776183881891,19.047188,86.96240678815059,Excellent,0,0,Vehicle_0197,0.0003,0.0%,LOW,124,2480,temperature,-3.8177,Cooling system,Inspect coolant level and radiator,temperature signal is elevated (SHAP=-3.818),31,Low,2026-06-28 20:56:22
79.08092315710616,30.08443249724103,1188.4880756283449,0.2719381526042393,12.339329350762686,17.303326007448668,28.707847523558456,3.0,100.0,89.24733571896078,96.77420071568824,19.725693,89.91398757320509,Excellent,0,0,Vehicle_0198,0.0002,0.0%,LOW,124,2480,temperature,-3.8153,Cooling system,Inspect coolant level and radiator,temperature signal is elevated (SHAP=-3.815),31,Low,2026-06-28 20:56:22
84.92317199919893,28.709105005373225,867.3129194819844,0.1658844571343197,12.636720407572405,46.67227470807743,25.106449448878767,8.0,80.0,100.0,86.0,19.047188,75.6,Good,1,0,Vehicle_0199,0.0006,0.1%,LOW,124,2480,temperature,-5.9166,Cooling system,Inspect coolant level and radiator,temperature signal is elevated (SHAP=-5.917),31,Low,2026-06-28 20:56:22
82.54835652213231,25.11965752591994,2754.632962122492,0.4368345258484262,11.998021024319884,57.2561954814979,36.180388336570736,6.0,75.87769827677158,75.16836725319513,75.66489896969864,24.714924,68.4326128324582,Good,1,0,Vehicle_0200,0.0002,0.0%,LOW,124,2480,temperature,-3.8343,Cooling system,Inspect coolant level and radiator,temperature signal is elevated (SHAP=-3.834),31,Low,2026-06-28 20:56:22
90.06361823198401,26.76278890847316,1852.7205862440733,0.1272584625554396,11.884338537868596,56.11050816421545,27.123317975762685,7.0,79.87276353603198,70.47896468707954,77.05462388134625,16.257309,66.32856726622364,Good,1,0,Vehicle_0201,0.0003,0.0%,LOW,124,2480,temperature,-5.9499,Cooling system,Inspect coolant level and radiator,temperature signal is elevated (SHAP=-5.950),31,Low,2026-06-28 20:56:23
106.11222791970576,28.938844838563224,908.6659429621814,0.2414793598770149,12.563340631776654,40.37477839061569,30.204090149514933,6.0,65.0,98.487801060787,75.0463403182361,17.470497,72.72536440309906,Good,1,0,Vehicle_0202,0.0027,0.3%,LOW,124,2480,fault_count,-6.1355,ECU fault logs,Review and clear fault codes,fault_count signal is elevated (SHAP=-6.136),31,Low,2026-06-28 20:56:23
86.35877360352619,30.54480014166029,2932.4876023576603,0.368127153884514,11.960131716796475,50.40515598693885,30.4779460694234,9.0,75.4581897410324,73.60543331785465,74.90236281407907,18.240112,61.66250435201837,Warning,2,0,Vehicle_0203,0.0004,0.0%,LOW,124,2480,temperature,-6.0112,Cooling system,Inspect coolant level and radiator,temperature signal is elevated (SHAP=-6.011),31,Low,2026-06-28 20:56:23
94.65908189915288,33.62874949530341,4196.064616840631,0.0637620710627162,11.959995938500215,13.255800093440657,34.51834817709628,6.0,71.76054386488164,73.59983246313394,72.31233044435731,11.860716,66.10736475924118,Warning,2,0,Vehicle_0204,0.0002,0.0%,LOW,124,2480,temperature,-3.9984,Cooling system,Inspect coolant level and radiator,temperature signal is elevated (SHAP=-3.998),31,Low,2026-06-28 20:56:23
54.24741848453466,36.48513722970523,3611.64820686405,0.17537111694859,12.734702412488357,59.20334041390957,29.71477743595159,4.0,95.0,100.0,96.5,21.156872,89.9,Excellent,0,0,Vehicle_0205,0.0003,0.0%,LOW,124,2480,temperature,-3.831,Cooling system,Inspect coolant level and radiator,temperature signal is elevated (SHAP=-3.831),31,Low,2026-06-28 20:56:23
84.26922397104823,28.2339136588365,2294.145691787462,0.1547483898464627,12.610025643993575,53.22811689540092,24.38213910062868,2.0,100.0,100.0,100.0,19.392086,96.0,Excellent,0,0,Vehicle_0206,0.0002,0.0%,LOW,124,2480,temperature,-3.8191,Cooling system,Inspect coolant level and radiator,temperature signal is elevated (SHAP=-3.819),31,Low,2026-06-28 20:56:23
72.35154594560693,27.26306282330785,2507.0762453575567,0.1399558045729985,11.898468183018837,89.47321788365716,35.857664439478384,0.0,100.0,55.43100304149261,86.62930091244777,99.68493,83.06378115576719,Good,1,0,Vehicle_0207,0.0002,0.0%,LOW,124,2480,temperature,-3.7825,Cooling system,Inspect coolant level and radiator,temperature signal is elevated (SHAP=-3.783),31,Low,2026-06-28 20:56:23
66.71780409364558,32.62593404120584,3210.1650054271304,0.119599303700814,12.152345582823466,50.149592928580944,45.67483216264611,7.0,80.0,79.23982593847118,79.77194778154136,19.657219,69.71113385661906,Good,1,0,Vehicle_0208,0.0003,0.0%,LOW,124,2480,temperature,-5.8089,Cooling system,Inspect coolant level and radiator,temperature signal is elevated (SHAP=-5.809),31,Low,2026-06-28 20:56:23
71.82771449606874,33.66506949846512,3397.702415867925,0.046441401404055,12.038507377621473,31.146612957078418,36.284661957907744,9.0,80.0,76.83842932688574,79.05152879806572,14.256514,64.79860314421657,Good,1,0,Vehicle_0209,0.0004,0.0%,LOW,124,2480,temperature,-6.1023,Cooling system,Inspect coolant level and radiator,temperature signal is elevated (SHAP=-6.102),31,Low,2026-06-28 20:56:23
79.98814838948782,27.394797400446688,2225.171424939441,0.2932873096789977,13.110527719216233,48.98553731822362,28.90179561761378,6.0,85.0,100.0,89.5,20.079834,81.69999999999999,Good,1,0,Vehicle_0210,0.0002,0.0%,LOW,124,2480,temperature,-3.83,Cooling system,Inspect coolant level and radiator,temperature signal is elevated (SHAP=-3.830),31,Low,2026-06-28 20:56:23
98.7385381353402,34.74236086179703,2527.3421725796597,0.0271812633579398,12.762404171028244,43.44400399968326,33.76853594906375,4.0,77.52292372931961,100.0,84.26604661052373,16.85328,82.55962796631424,Good,1,0,Vehicle_0211,0.0003,0.0%,LOW,124,2480,temperature,-3.8394,Cooling system,Inspect coolant level and radiator,temperature signal is elevated (SHAP=-3.839),31,Low,2026-06-28 20:56:23
65.10410923390654,35.87751204693584,2740.491845411629,0.5281954955653363,12.231662061597891,58.694157375407954,14.49367229643461,1.0,84.78696696231091,84.80606004091301,84.79269488589154,25.600946,85.83682893971752,Good,1,0,Vehicle_0212,0.0002,0.0%,LOW,124,2480,temperature,-3.7625,Cooling system,Inspect coolant level and radiator,temperature signal is elevated (SHAP=-3.763),31,Low,2026-06-28 20:56:23
85.45947238891627,37.75011879395204,2943.1010562230654,0.1015893153593682,12.630477875737398,50.53784123450372,33.60597250461135,6.0,85.0,100.0,89.5,19.392086,81.69999999999999,Good,1,0,Vehicle_0213,0.0003,0.0%,LOW,124,2480,temperature,-3.8394,Cooling system,Inspect coolant level and radiator,temperature signal is elevated (SHAP=-3.839),31,Low,2026-06-28 20:56:23
77.73745849999632,40.66992544031893,2393.5388463909867,0.0864136166622003,11.857525525627668,24.80106597894713,30.996456309095272,2.0,100.0,69.3729279321413,90.8118783796424,19.657219,84.3617126142137,Excellent,0,0,Vehicle_0214,0.0002,0.0%,LOW,124,2480,temperature,-3.8296,Cooling system,Inspect coolant level and radiator,temperature signal is elevated (SHAP=-3.830),31,Low,2026-06-28 20:56:23
80.08490358457058,24.801503168043368,2403.9318039450045,0.0973551828070861,12.130941539524205,17.28513423611961,25.66539641993488,6.0,84.20601267217347,80.65133850537336,83.13961042213344,19.657219,74.01403395435474,Good,1,0,Vehicle_0215,0.0002,0.0%,LOW,124,2480,temperature,-3.8,Cooling system,Inspect coolant level and radiator,temperature signal is elevated (SHAP=-3.800),31,Low,2026-06-28 20:56:23
100.04136737956908,30.083389255995066,3603.8658638035104,0.5996683409270664,12.441945306376756,55.25816405266032,27.47901647668032,3.0,60.02211060486224,93.48024388804116,70.05955058981591,6.149334,74.73177913149779,Warning,2,0,Vehicle_0216,0.0002,0.0%,LOW,124,2480,temperature,-3.7477,Cooling system,Inspect coolant level and radiator,temperature signal is elevated (SHAP=-3.748),31,Low,2026-06-28 20:56:23
93.07173155505888,30.06766617971196,3467.616561954309,0.1044813410519485,12.580892299658366,77.66229082138477,30.89765498460353,8.0,73.85653688988222,99.2118073609076,81.46311803118984,17.233616,72.72023229089542,Good,1,0,Vehicle_0217,0.0005,0.1%,LOW,124,2480,temperature,-5.9277,Cooling system,Inspect coolant level and radiator,temperature signal is elevated (SHAP=-5.928),31,Low,2026-06-28 20:56:23
105.06097161164116,29.411558588804954,2881.9284587488705,0.1998258432238367,12.361016349794625,51.586957681034384,44.92458276006491,9.0,60.0,90.1419244290282,69.04257732870846,1.5617073,61.45393128303071,Warning,2,1,Vehicle_0218,0.9858,98.6%,CRITICAL,5,100,ml_health_score,1.4904,Vehicle system,Inspect flagged sensor,ml_health_score signal is rapidly deteriorating (SHAP=1.490),1,Immediate,2026-06-28 20:56:23
82.68241481125149,26.10442248233918,3875.287256018343,0.0304309119586536,12.499205404285693,66.26594707840414,45.92060416780093,2.0,100.0,92.7121687562616,97.81365062687848,16.85328,93.2306241273794,Excellent,0,0,Vehicle_0219,0.0002,0.0%,LOW,124,2480,temperature,-3.7917,Cooling system,Inspect coolant level and radiator,temperature signal is elevated (SHAP=-3.792),31,Low,2026-06-28 20:56:23
74.56086082493945,21.08662798061357,2190.8433902188663,0.4573910011359718,12.43133458398125,70.256183084072,25.718748384421893,3.0,73.85377851338949,93.0425515892266,79.61041043614061,24.863546,80.37475657952969,Good,1,0,Vehicle_0220,0.0002,0.0%,LOW,124,2480,temperature,-3.7323,Cooling system,Inspect coolant level and radiator,temperature signal is elevated (SHAP=-3.732),31,Low,2026-06-28 20:56:23
81.64211774679251,30.556076676174023,3798.3787589035046,0.5416546530450684,12.334569039191074,55.33583691589337,29.819226267566066,9.0,63.88968979699544,89.05097286663178,71.43807471788634,17.270697,62.67303940405816,Warning,2,0,Vehicle_0221,0.0004,0.0%,LOW,124,2480,temperature,-6.0047,Cooling system,Inspect coolant level and radiator,temperature signal is elevated (SHAP=-6.005),31,Low,2026-06-28 20:56:23
88.63745186906833,25.389866042712526,2934.0123548284405,0.0097589063610986,12.281541763123643,33.71017024277184,30.074100427114217,0.0,100.0,86.86359772885028,96.05907931865508,99.67787,95.0081671369631,Excellent,0,0,Vehicle_0222,0.0002,0.0%,LOW,124,2480,temperature,-3.7995,Cooling system,Inspect coolant level and radiator,temperature signal is elevated (SHAP=-3.800),31,Low,2026-06-28 20:56:23
87.64860037680566,30.51596088448575,4612.341159193811,0.091284479481938,12.229494050928889,53.90616170091128,43.09545515550124,5.0,77.75317681612378,84.71662960081657,79.84221265153163,16.77857,74.84865351108229,Good,1,0,Vehicle_0223,0.0002,0.0%,LOW,124,2480,temperature,-3.8171,Cooling system,Inspect coolant level and radiator,temperature signal is elevated (SHAP=-3.817),31,Low,2026-06-28 20:56:23
68.7341789164995,25.23573874980688,1546.0144585740177,0.0466808278233388,12.492775003451436,74.14145775200961,36.45506552631617,1.0,100.0,95.57696889237177,98.67309066771152,19.047188,96.31924817910128,Excellent,0,0,Vehicle_0224,0.0002,0.0%,LOW,124,2480,temperature,-3.785,Cooling system,Inspect coolant level and radiator,temperature signal is elevated (SHAP=-3.785),31,Low,2026-06-28 20:56:23
86.35734672441811,23.40204992493395,1948.5237982261267,0.7408057715024521,12.564326235679784,60.59781099199829,35.92789862641042,4.0,68.6081996997358,98.52845722179104,77.58427695635237,17.0012,78.25625761816963,Good,1,0,Vehicle_0225,0.0002,0.0%,LOW,124,2480,temperature,-3.7245,Cooling system,Inspect coolant level and radiator,temperature signal is elevated (SHAP=-3.724),31,Low,2026-06-28 20:56:23
88.42342495208358,31.405790162261383,2835.038262560438,0.0621620478222549,12.479343666927534,64.96490685657312,40.36262613421189,0.0,100.0,95.02292626076076,98.50687787822824,99.573395,98.1087119790891,Excellent,0,0,Vehicle_0226,0.0002,0.0%,LOW,124,2480,temperature,-3.8213,Cooling system,Inspect coolant level and radiator,temperature signal is elevated (SHAP=-3.821),31,Low,2026-06-28 20:56:23
122.7621105630088,30.905529160838977,2817.7872423831936,0.3408347195817265,11.928561179999576,40.74907516616348,29.03586591589068,1.0,67.27768536121823,72.3031486749825,68.78532435534751,14.298463,73.73182434820501,Warning,2,0,Vehicle_0227,0.0017,0.2%,LOW,124,2480,fault_count,-6.1323,ECU fault logs,Review and clear fault codes,fault_count signal is elevated (SHAP=-6.132),31,Low,2026-06-28 20:56:23
113.15266916922504,33.4756918279256,4060.111187340015,0.3921861357581291,12.000428859542726,45.95292480509036,48.63886574354058,4.0,57.65203386932442,62.89554692809948,59.22508778695693,1.8118441,60.11416205779405,Critical,3,0,Vehicle_0228,0.0237,2.4%,LOW,122,2440,fault_count,-7.12,ECU fault logs,Review and clear fault codes,fault_count signal is elevated (SHAP=-7.120),30,Low,2026-06-28 20:56:23
72.2013497416177,43.11518259850576,1965.300253360373,0.6650862924562685,12.559552722379228,47.625453781992654,34.98255342579798,0.0,80.0,98.33154979814312,85.49946493944293,99.73955,90.96598892329438,Good,1,0,Vehicle_0229,0.0002,0.0%,LOW,124,2480,temperature,-3.757,Cooling system,Inspect coolant level and radiator,temperature signal is elevated (SHAP=-3.757),31,Low,2026-06-28 20:56:23
80.68924957676236,31.66373718726508,3223.9348149551074,0.1151449905203528,12.988669320268352,48.97323994926408,26.440875538080867,7.0,80.0,100.0,86.0,19.047188,77.6,Good,1,0,Vehicle_0230,0.0004,0.0%,LOW,124,2480,temperature,-5.8384,Cooling system,Inspect coolant level and radiator,temperature signal is elevated (SHAP=-5.838),31,Low,2026-06-28 20:56:23
63.04836997244495,32.910490602384776,3429.9704037455967,0.0310897827887388,12.460966184623503,73.35916632024717,32.7035975620216,5.0,90.0,94.26485511571951,91.27945653471583,19.783419,83.62064494397342,Excellent,0,0,Vehicle_0231,0.0002,0.0%,LOW,124,2480,temperature,-3.8183,Cooling system,Inspect coolant level and radiator,temperature signal is elevated (SHAP=-3.818),31,Low,2026-06-28 20:56:23
76.1393947905477,23.534632026796046,3063.718265776518,0.0209466079682451,12.235332635009202,3.056525433236658,47.31928324207872,4.0,89.13852810718419,77.07190817106193,85.51854212634751,16.77857,78.7255069100209,Good,1,0,Vehicle_0232,0.0002,0.0%,LOW,124,2480,temperature,-3.7995,Cooling system,Inspect coolant level and radiator,temperature signal is elevated (SHAP=-3.800),31,Low,2026-06-28 20:56:23
89.73407505385511,22.27855535678175,1731.202926460544,0.2318021549972879,12.489736182177111,50.61076609163676,30.74857864016228,4.0,84.114221427127,95.45161751480585,87.51544025343065,19.725693,83.59958765501956,Good,1,0,Vehicle_0233,0.0002,0.0%,LOW,124,2480,temperature,-3.799,Cooling system,Inspect coolant level and radiator,temperature signal is elevated (SHAP=-3.799),31,Low,2026-06-28 20:56:23
103.0878043133235,39.49697668064,3626.2070442033582,0.2987723182439393,11.945271430994628,48.41007248610292,44.49557799044832,8.0,60.0,72.9924465285284,63.89773395855852,1.5287995,56.93712968084079,Warning,2,0,Vehicle_0234,0.0127,1.3%,LOW,123,2460,temperature,-6.5911,Cooling system,Inspect coolant level and radiator,temperature signal is elevated (SHAP=-6.591),30,Low,2026-06-28 20:56:23
74.06374243384587,24.45912132040018,3483.459945052331,0.1275631574218675,12.923577262614586,22.56997717111702,28.746542072284782,8.0,77.83648528160072,100.0,84.4855396971205,20.138336,74.69132381827231,Good,1,0,Vehicle_0235,0.0005,0.1%,LOW,124,2480,temperature,-5.9212,Cooling system,Inspect coolant level and radiator,temperature signal is elevated (SHAP=-5.921),31,Low,2026-06-28 20:56:23
75.18780339898305,23.73633557118815,2979.667615832302,0.2526943502889821,12.474637657803212,63.4353443317493,27.34336303222694,0.0,94.9453422847526,94.82880338438252,94.91038061464155,99.69315,95.91198904566144,Excellent,0,0,Vehicle_0236,0.0002,0.0%,LOW,124,2480,temperature,-3.7878,Cooling system,Inspect coolant level and radiator,temperature signal is elevated (SHAP=-3.788),31,Low,2026-06-28 20:56:23
52.79066455392018,29.765406472700683,2663.478149767164,0.1977615075198336,12.13221711471578,35.50999616110151,41.59597410594292,6.0,85.0,80.70395598202595,83.71118679460778,20.411087,74.36750327316986,Good,1,0,Vehicle_0237,0.0002,0.0%,LOW,124,2480,temperature,-3.8296,Cooling system,Inspect coolant level and radiator,temperature signal is elevated (SHAP=-3.830),31,Low,2026-06-28 20:56:23
82.56001119182639,29.45884551973567,2680.886408035497,0.1435977749594221,12.33328181356285,42.85934701293681,26.26027439354259,4.0,95.0,88.99787480946758,93.19936244284028,19.392086,85.71919242759768,Excellent,0,0,Vehicle_0238,0.0002,0.0%,LOW,124,2480,temperature,-3.8302,Cooling system,Inspect coolant level and radiator,temperature signal is elevated (SHAP=-3.830),31,Low,2026-06-28 20:56:23
69.06378382210656,24.58496096134025,2437.0113662084977,0.2815398739629375,12.189185507174551,86.97563815508087,43.22540250161696,7.0,78.339843845361,71.54409921506686,76.30112045627276,16.857136,66.08949211677702,Good,1,0,Vehicle_0239,0.0003,0.0%,LOW,124,2480,temperature,-5.9302,Cooling system,Inspect coolant level and radiator,temperature signal is elevated (SHAP=-5.930),31,Low,2026-06-28 20:56:23
77.0584085895089,28.1701606877214,3012.628107402113,0.0308195565245293,12.924667990726734,70.19947299078112,38.51625999023349,7.0,80.0,100.0,86.0,19.392086,77.6,Good,1,0,Vehicle_0240,0.0004,0.0%,LOW,124,2480,temperature,-5.8171,Cooling system,Inspect coolant level and radiator,temperature signal is elevated (SHAP=-5.817),31,Low,2026-06-28 20:56:23
71.84708832748618,37.37625430590062,2524.907882355982,0.0488599382802945,12.319103964221176,61.48973878290232,26.26406065532408,7.0,80.0,88.41303852412351,82.52391155723706,20.138336,73.19695463916693,Good,1,0,Vehicle_0241,0.0003,0.0%,LOW,124,2480,temperature,-5.8011,Cooling system,Inspect coolant level and radiator,temperature signal is elevated (SHAP=-5.801),31,Low,2026-06-28 20:56:23
83.58606168621165,25.16403834700921,1821.180019717887,0.3038044092793769,12.462146298446235,57.61553869288808,34.28557256005666,6.0,84.7463727147082,94.3135348109073,87.61652134356792,20.987064,79.43261976832221,Good,1,0,Vehicle_0242,0.0002,0.0%,LOW,124,2480,temperature,-3.7821,Cooling system,Inspect coolant level and radiator,temperature signal is elevated (SHAP=-3.782),31,Low,2026-06-28 20:56:23
58.63407412965053,21.63796509380297,1661.1266841379263,0.7408057715024521,12.629490582660518,46.70639955109315,29.512257094404625,2.0,66.55186037521187,100.0,76.5863022626483,21.333897,81.95178135758897,Good,1,0,Vehicle_0243,0.0002,0.0%,LOW,124,2480,temperature,-3.7204,Cooling system,Inspect coolant level and radiator,temperature signal is elevated (SHAP=-3.720),31,Low,2026-06-28 20:56:23
62.99432131913514,35.655561725398755,1898.3709970781665,0.2613178908810051,12.103693358494183,89.98754530740203,38.48976556669059,8.0,80.0,63.04790128067171,74.9143703842015,8.11851,61.55820248665525,Warning,2,0,Vehicle_0244,0.0004,0.0%,LOW,124,2480,temperature,-6.0465,Cooling system,Inspect coolant level and radiator,temperature signal is elevated (SHAP=-6.046),31,Low,2026-06-28 20:56:23
116.93870668042447,32.95378147162822,2677.7057940395616,0.1435070706005391,12.477483786454064,66.04335262880478,53.8779824495542,7.0,50.0,64.76106586274588,54.42831975882376,1.2455165,51.60920502784344,Critical,3,1,Vehicle_0245,0.999,99.9%,CRITICAL,5,100,temperature,4.5916,Cooling system,Inspect coolant level and radiator,temperature signal is rapidly deteriorating (SHAP=4.592),1,Immediate,2026-06-28 20:56:23
65.68866128088953,26.276888276108032,2478.4353308518344,0.3684329921928688,12.509774227757685,35.009001720694954,31.292953971125776,2.0,95.4378005204754,96.27818689500452,95.68991643283414,25.280869,92.66958723870138,Excellent,0,0,Vehicle_0246,0.0002,0.0%,LOW,124,2480,temperature,-3.7421,Cooling system,Inspect coolant level and radiator,temperature signal is elevated (SHAP=-3.742),31,Low,2026-06-28 20:56:23
68.54821632318041,20.50699790323849,2672.2750346309995,0.7408057715024521,11.778368471591753,21.99795443564692,40.33776273858507,2.0,62.02799161295397,67.0,63.51959412906777,21.029503,67.51175647744066,Warning,2,0,Vehicle_0247,0.0002,0.0%,LOW,124,2480,temperature,-3.8002,Cooling system,Inspect coolant level and radiator,temperature signal is elevated (SHAP=-3.800),31,Low,2026-06-28 20:56:23
112.5537029248197,25.532259861368622,2900.650506836889,0.0993868219860111,12.501078595511045,61.33676003978539,35.24440641667516,5.0,60.0,95.9194920648306,70.77584761944918,3.47175,71.64940698463563,Warning,2,0,Vehicle_0248,0.0071,0.7%,LOW,124,2480,fault_count,-6.7684,ECU fault logs,Review and clear fault codes,fault_count signal is elevated (SHAP=-6.768),31,Low,2026-06-28 20:56:23
123.67837025846389,29.671773378904373,1998.143259266497,0.0997521064053311,12.381695174022743,48.88261740243111,35.240577030631805,3.0,70.0,90.99492592843824,76.29847777853148,16.54427,77.97807185280654,Good,1,0,Vehicle_0249,0.0022,0.2%,LOW,124,2480,fault_count,-6.1654,ECU fault logs,Review and clear fault codes,fault_count signal is elevated (SHAP=-6.165),31,Low,2026-06-28 20:56:23
67.42650056761988,36.994032539302914,3672.528134676279,0.0014653449331213,12.451986516846398,21.421236661076648,33.34794879268476,6.0,85.0,93.89444381991392,87.66833314597417,15.603429,79.37988865156728,Good,1,0,Vehicle_0250,0.0002,0.0%,LOW,124,2480,temperature,-3.8255,Cooling system,Inspect coolant level and radiator,temperature signal is elevated (SHAP=-3.825),31,Low,2026-06-28 20:56:23
79.47626564817955,23.780508150782055,2285.8313383620207,0.1189736593483324,12.414251885396228,58.57172331423164,26.42582553648446,4.0,90.12203260312825,92.3378902725944,90.78678990396809,14.993679,84.93965199689971,Excellent,0,0,Vehicle_0251,0.0002,0.0%,LOW,124,2480,temperature,-3.7917,Cooling system,Inspect coolant level and radiator,temperature signal is elevated (SHAP=-3.792),31,Low,2026-06-28 20:56:23
90.12333326410764,29.49288071093116,2153.2584121747927,0.0254003668527109,12.503667949180032,44.61945679376959,38.35139949282455,1.0,99.75333347178471,96.02630290367637,98.6352243013522,16.85328,96.3863951615466,Excellent,0,0,Vehicle_0252,0.0002,0.0%,LOW,124,2480,temperature,-3.8344,Cooling system,Inspect coolant level and radiator,temperature signal is elevated (SHAP=-3.834),31,Low,2026-06-28 20:56:23
110.93046466608388,34.050867959369384,2885.9089898659618,0.5950906009950863,12.934937290270463,60.6132985105494,32.11258250080611,3.0,50.327293266994246,100.0,65.22910528689597,5.063617,73.13746317213759,Warning,2,0,Vehicle_0253,0.0023,0.2%,LOW,124,2480,fault_count,-6.2557,ECU fault logs,Review and clear fault codes,fault_count signal is elevated (SHAP=-6.256),31,Low,2026-06-28 20:56:24
70.19714382357644,15.712395959268475,1030.7918380999415,0.7408057715024521,11.928197035165956,58.83480429161813,25.95199916261274,8.0,40.0,72.28812770059568,49.6864383101787,3.461486,48.269488526226354,Critical,3,0,Vehicle_0254,0.0009,0.1%,LOW,124,2480,temperature,-6.1114,Cooling system,Inspect coolant level and radiator,temperature signal is elevated (SHAP=-6.111),31,Low,2026-06-28 20:56:24
81.32083231086835,36.2027170076334,1867.5724402216647,0.0376704545917169,12.263139065799832,37.834719569123216,45.14173262248299,8.0,80.0,85.6225955478009,81.68677866434027,13.129557,70.13658630816434,Good,1,0,Vehicle_0255,0.0004,0.0%,LOW,124,2480,temperature,-5.9293,Cooling system,Inspect coolant level and radiator,temperature signal is elevated (SHAP=-5.929),31,Low,2026-06-28 20:56:24
96.66006364092615,22.905296566761372,3284.8582389534663,0.7408057715024521,12.666647451585137,62.656895288484094,35.99009622702343,3.0,58.3010589851932,100.0,70.81074128963523,4.8449874,76.48644477378113,Warning,2,0,Vehicle_0256,0.0002,0.0%,LOW,124,2480,temperature,-3.7245,Cooling system,Inspect coolant level and radiator,temperature signal is elevated (SHAP=-3.724),31,Low,2026-06-28 20:56:24
91.52149111699929,31.99197296074161,1110.0624567503114,0.1849758458902682,12.592370347091164,40.041898347302016,32.71901042656761,7.0,76.95701776600143,99.68527681751058,83.77549548145417,13.244349,76.20235265237463,Good,1,0,Vehicle_0257,0.0004,0.0%,LOW,124,2480,temperature,-5.8081,Cooling system,Inspect coolant level and radiator,temperature signal is elevated (SHAP=-5.808),31,Low,2026-06-28 20:56:24
79.35765893154851,31.480098897664465,3394.059357546525,0.0051438943812269,12.583762221336832,41.34236253638058,48.40056614746298,0.0,100.0,87.76826672877026,96.33048001863108,99.573395,95.3519413569327,Excellent,0,0,Vehicle_0258,0.0002,0.0%,LOW,124,2480,temperature,-3.8394,Cooling system,Inspect coolant level and radiator,temperature signal is elevated (SHAP=-3.839),31,Low,2026-06-28 20:56:24
82.99265553225938,36.507518348783066,3708.909253087308,0.6842972026809226,13.469879606837369,39.35457186757244,16.63918464467002,9.0,60.0,100.0,72.0,7.174623,65.19999999999999,Warning,2,0,Vehicle_0259,0.0005,0.1%,LOW,124,2480,temperature,-6.0169,Cooling system,Inspect coolant level and radiator,temperature signal is elevated (SHAP=-6.017),31,Low,2026-06-28 20:56:24
64.37656287445027,33.305546285361245,2204.435729741001,0.1204751529862342,12.645654209646684,72.61948855612542,47.72820803729088,7.0,80.0,90.724092673211,83.2172278019633,14.993679,74.07515521582019,Good,1,0,Vehicle_0260,0.0004,0.0%,LOW,124,2480,temperature,-5.8073,Cooling system,Inspect coolant level and radiator,temperature signal is elevated (SHAP=-5.807),31,Low,2026-06-28 20:56:24
81.42739384038002,15.736257049620114,2733.450213941048,0.4547523100686779,12.85237511850201,44.38855223891279,26.198120508637828,0.0,69.6831793287548,100.0,78.77822553012837,99.73955,87.26693531807702,Good,1,0,Vehicle_0261,0.0002,0.0%,LOW,124,2480,temperature,-3.7636,Cooling system,Inspect coolant level and radiator,temperature signal is elevated (SHAP=-3.764),31,Low,2026-06-28 20:56:24
81.00418764986567,25.29132451706405,3395.269667880821,0.1154197227614066,12.277171176458998,77.44886361128503,37.1153253941552,7.0,80.0,86.68331102893364,82.0049933086801,19.30874,72.53965819099479,Good,1,0,Vehicle_0262,0.0003,0.0%,LOW,124,2480,temperature,-5.7674,Cooling system,Inspect coolant level and radiator,temperature signal is elevated (SHAP=-5.767),31,Low,2026-06-28 20:56:24
88.48254834439383,30.82923077611968,2126.5686495651844,0.0677547209744782,12.002835050441089,85.6696974037372,29.11936245879289,4.0,95.0,66.01194511452843,86.30358353435852,19.30874,76.9845391435208,Good,1,0,Vehicle_0263,0.0002,0.0%,LOW,124,2480,temperature,-3.8183,Cooling system,Inspect coolant level and radiator,temperature signal is elevated (SHAP=-3.818),31,Low,2026-06-28 20:56:24
76.67009171771475,28.83012068328128,3194.220416420945,0.2113593319698817,12.274273028306547,35.22561726291102,25.769989595475764,8.0,80.0,86.56376241764508,81.96912872529353,20.73297,70.49422971870513,Good,1,0,Vehicle_0264,0.0005,0.1%,LOW,124,2480,temperature,-5.9174,Cooling system,Inspect coolant level and radiator,temperature signal is elevated (SHAP=-5.917),31,Low,2026-06-28 20:56:24
92.07307783817708,32.86566437854062,1963.080963895463,0.0421854059143169,12.68478406853736,0.0,48.13886525968435,2.0,95.85384432364584,89.3278581170732,93.89604846167404,16.474747,90.20320070041906,Excellent,0,0,Vehicle_0265,0.0003,0.0%,LOW,124,2480,temperature,-3.8394,Cooling system,Inspect coolant level and radiator,temperature signal is elevated (SHAP=-3.839),31,Low,2026-06-28 20:56:24
100.19073726729744,34.73619933401823,2117.9181653334567,0.3694088795619225,12.562731141931671,70.89019086542545,53.56216567395285,8.0,55.37274136253849,69.35129631324176,59.56630784774947,1.8517852,53.61004397129803,Critical,3,0,Vehicle_0266,0.0079,0.8%,LOW,124,2480,temperature,-6.4941,Cooling system,Inspect coolant level and radiator,temperature signal is elevated (SHAP=-6.494),31,Low,2026-06-28 20:56:24
87.33143991502699,33.65071041857807,1860.530828540021,0.4395675664174288,12.561300548239553,43.160562052797175,32.78774349348922,8.0,70.69549557217141,98.40364761488156,79.00794118498445,24.402285,71.08549423396698,Good,1,0,Vehicle_0267,0.0004,0.0%,LOW,124,2480,temperature,-5.8649,Cooling system,Inspect coolant level and radiator,temperature signal is elevated (SHAP=-5.865),31,Low,2026-06-28 20:56:24
90.27634612598806,28.714350344673207,2774.1177593558427,0.0625288266476111,12.31426224528115,32.67627173736017,38.35474702194295,2.0,99.44730774802387,88.21331761784741,96.07711070897092,16.85328,91.28892994895205,Excellent,0,0,Vehicle_0268,0.0002,0.0%,LOW,124,2480,temperature,-3.8172,Cooling system,Inspect coolant level and radiator,temperature signal is elevated (SHAP=-3.817),31,Low,2026-06-28 20:56:24
85.797330213668,18.92197793327712,3426.37524205244,0.3464664096748587,12.25047895247481,38.22563787694064,35.569912516625,4.0,71.90223935500941,85.58225678958588,76.00624458538235,22.705729,74.7201981091466,Good,1,0,Vehicle_0269,0.0002,0.0%,LOW,124,2480,temperature,-3.732,Cooling system,Inspect coolant level and radiator,temperature signal is elevated (SHAP=-3.732),31,Low,2026-06-28 20:56:24
85.00126589637121,27.267112506871097,2352.7096543062685,0.3055362182809206,12.328057102282688,41.703723572679415,52.30506837352856,6.0,84.63091878127196,63.9451229991638,78.42518004663951,18.540318,67.84413262781646,Good,1,0,Vehicle_0270,0.0002,0.0%,LOW,124,2480,temperature,-3.9057,Cooling system,Inspect coolant level and radiator,temperature signal is elevated (SHAP=-3.906),31,Low,2026-06-28 20:56:24
74.17662949685729,32.49820888883373,1483.0006720700776,0.7408057715024521,12.689790180066083,75.9438618138748,13.868495525464652,2.0,80.0,100.0,86.0,24.863546,87.6,Good,1,0,Vehicle_0271,0.0002,0.0%,LOW,124,2480,temperature,-3.749,Cooling system,Inspect coolant level and radiator,temperature signal is elevated (SHAP=-3.749),31,Low,2026-06-28 20:56:24
89.74741392509962,23.45731648469713,1633.8345421705476,0.0273028764322037,12.736290971268168,53.19822478635029,38.7712344127022,9.0,73.82926593878854,100.0,81.68048615715198,13.975954,71.00829169429119,Good,1,0,Vehicle_0272,0.0005,0.1%,LOW,124,2480,temperature,-5.8856,Cooling system,Inspect coolant level and radiator,temperature signal is elevated (SHAP=-5.886),31,Low,2026-06-28 20:56:24
83.54070102379765,33.78764838072946,2815.6795370964323,0.0489622535309953,11.997503340131509,75.67197260216271,27.728736858560666,1.0,100.0,75.14701278042472,92.5441038341274,15.452546,88.55586485656139,Excellent,0,0,Vehicle_0273,0.0002,0.0%,LOW,124,2480,temperature,-3.8183,Cooling system,Inspect coolant level and radiator,temperature signal is elevated (SHAP=-3.818),31,Low,2026-06-28 20:56:24
116.39752463395892,35.45035978360383,3975.293130715416,0.1168576719641131,12.70493702377258,59.88440238556991,11.440359785288212,2.0,70.0,100.0,79.0,14.993679,83.4,Good,1,0,Vehicle_0274,0.0029,0.3%,LOW,124,2480,fault_count,-6.1481,ECU fault logs,Review and clear fault codes,fault_count signal is elevated (SHAP=-6.148),31,Low,2026-06-28 20:56:24
108.60032353712865,30.761201857775056,2814.979999451518,0.0552106670730945,12.139711507697507,43.81538552099031,31.394699025707588,5.0,70.0,81.01309969252225,73.30392990775667,13.129557,70.18497788315845,Warning,2,0,Vehicle_0275,0.0027,0.3%,LOW,124,2480,fault_count,-6.1316,ECU fault logs,Review and clear fault codes,fault_count signal is elevated (SHAP=-6.132),31,Low,2026-06-28 20:56:24
90.78769828834751,13.797891390265011,2190.4827594789977,0.1308073091345888,12.58756866073642,42.192855935814855,53.480487909105534,4.0,63.42460342330497,70.65354836441857,65.59328690563905,10.670149,65.48668181626714,Warning,2,0,Vehicle_0276,0.0002,0.0%,LOW,124,2480,temperature,-3.9821,Cooling system,Inspect coolant level and radiator,temperature signal is elevated (SHAP=-3.982),31,Low,2026-06-28 20:56:24
73.55414185457849,22.33146982372918,3112.947173480228,0.0219108238435233,12.323213703015004,61.23217501499202,28.439508095996,0.0,89.32587929491672,88.58256524936897,89.1028850812524,99.67958,91.17824409862524,Good,1,0,Vehicle_0277,0.0002,0.0%,LOW,124,2480,temperature,-3.7912,Cooling system,Inspect coolant level and radiator,temperature signal is elevated (SHAP=-3.791),31,Low,2026-06-28 20:56:24
68.31382792024873,41.31713495133649,2308.401091530603,0.3794122277173897,13.026315419695594,66.40851258665417,42.90765506564611,9.0,74.70585148550735,100.0,82.29409603985513,24.402285,71.37645762391307,Good,1,0,Vehicle_0278,0.0005,0.1%,LOW,124,2480,temperature,-5.8819,Cooling system,Inspect coolant level and radiator,temperature signal is elevated (SHAP=-5.882),31,Low,2026-06-28 20:56:24
102.86714429633298,26.720773241829733,2197.371826108635,0.3016960016109627,12.232770148407544,69.93585371401738,46.98672197063367,2.0,79.88693322593582,78.09691392165666,79.34992743465207,18.540318,79.22933924512259,Good,1,0,Vehicle_0279,0.0002,0.0%,LOW,124,2480,temperature,-3.7927,Cooling system,Inspect coolant level and radiator,temperature signal is elevated (SHAP=-3.793),31,Low,2026-06-28 20:56:24
88.94123837720707,18.095140661226026,1733.2327154437892,0.1604207274389637,12.471444736357912,44.76922977248514,34.87303197380478,1.0,80.0,94.69709537476392,84.40912861242919,17.233616,87.5848962424103,Good,1,0,Vehicle_0280,0.0002,0.0%,LOW,124,2480,temperature,-3.7943,Cooling system,Inspect coolant level and radiator,temperature signal is elevated (SHAP=-3.794),31,Low,2026-06-28 20:56:24
92.20215105087416,37.41148432986164,3626.759075397085,0.7118756185592218,12.642637263023772,53.50411712808945,36.20455618411292,5.0,65.59569789825167,100.0,75.91698852877616,21.010471,75.55019311726569,Good,1,0,Vehicle_0281,0.0002,0.0%,LOW,124,2480,temperature,-3.7547,Cooling system,Inspect coolant level and radiator,temperature signal is elevated (SHAP=-3.755),31,Low,2026-06-28 20:56:24
58.83121019538712,30.08013354926204,500.0,0.7408057715024521,12.050416459950847,61.68080818510653,17.83702093458888,9.0,60.0,77.32967897297245,65.19890369189173,5.6004944,56.58527800972952,Warning,2,0,Vehicle_0282,0.0004,0.0%,LOW,124,2480,temperature,-5.9611,Cooling system,Inspect coolant level and radiator,temperature signal is elevated (SHAP=-5.961),31,Low,2026-06-28 20:56:24
98.91157722337272,36.629642933746354,3138.287360223416,0.1345555431598054,12.370857177829222,42.32069948126277,27.83836136827353,0.0,82.17684555325457,90.54785858545544,84.68814946291482,99.54081,88.92246139483998,Good,1,0,Vehicle_0283,0.0002,0.0%,LOW,124,2480,temperature,-3.8296,Cooling system,Inspect coolant level and radiator,temperature signal is elevated (SHAP=-3.830),31,Low,2026-06-28 20:56:24
91.81630507321545,31.661752051316192,2129.0040497619702,0.694829161321349,12.293366046150746,27.30119932394466,44.07007624329996,4.0,71.36738985356911,87.35134940371827,76.16257771861386,16.860182,75.16781651191197,Good,1,0,Vehicle_0284,0.0002,0.0%,LOW,124,2480,temperature,-3.7472,Cooling system,Inspect coolant level and radiator,temperature signal is elevated (SHAP=-3.747),31,Low,2026-06-28 20:56:24
68.34353973378283,32.75135481727301,2171.7274148387096,0.1455074886374663,12.19447460663761,33.87457866595753,35.606790970370675,9.0,80.0,83.27207752380144,80.98162325714043,12.460017,67.24338945904455,Good,1,0,Vehicle_0285,0.0004,0.0%,LOW,124,2480,temperature,-6.1023,Cooling system,Inspect coolant level and radiator,temperature signal is elevated (SHAP=-6.102),31,Low,2026-06-28 20:56:24
77.92712788825077,32.1780554862871,3853.8521248942498,0.4224608645434359,12.224110799406704,45.17929114904029,38.67341441443682,8.0,71.83594236377094,84.49457047552653,75.63353079729761,16.288668,66.27903257348387,Good,1,0,Vehicle_0286,0.0004,0.0%,LOW,124,2480,temperature,-6.007,Cooling system,Inspect coolant level and radiator,temperature signal is elevated (SHAP=-6.007),31,Low,2026-06-28 20:56:24
88.9557580653478,34.184929871526,1928.6951262399589,0.4465551089523198,12.844805839254718,63.24414278440602,36.331575796830506,1.0,90.22965940317869,100.0,93.16076158222506,21.381533,93.89645694933505,Excellent,0,0,Vehicle_0287,0.0002,0.0%,LOW,124,2480,temperature,-3.7888,Cooling system,Inspect coolant level and radiator,temperature signal is elevated (SHAP=-3.789),31,Low,2026-06-28 20:56:24
85.78700197534366,43.66458269133659,1955.944676777272,0.1095735788035463,12.160579706095866,75.17954991144204,56.92003944296431,6.0,85.0,47.87391287645448,73.86217386293634,12.050134,61.8920868930527,Warning,2,0,Vehicle_0288,0.0002,0.0%,LOW,124,2480,temperature,-3.9111,Cooling system,Inspect coolant level and radiator,temperature signal is elevated (SHAP=-3.911),31,Low,2026-06-28 20:56:24
80.61743221294668,35.82603801575513,2395.684608864376,0.2725340310403614,12.626563153068645,22.879055825307585,30.69480168811399,8.0,80.0,100.0,86.0,20.079834,75.6,Good,1,0,Vehicle_0289,0.0005,0.1%,LOW,124,2480,temperature,-5.9352,Cooling system,Inspect coolant level and radiator,temperature signal is elevated (SHAP=-5.935),31,Low,2026-06-28 20:56:24
83.44767597901058,20.51796409292679,2831.0779086497905,0.1222041951751958,12.525838000812458,38.05309972140034,51.0541004298631,6.0,67.07185637170716,76.35687607197936,69.85736228178881,10.633463,65.18579258346915,Warning,2,0,Vehicle_0290,0.0002,0.0%,LOW,124,2480,temperature,-3.9772,Cooling system,Inspect coolant level and radiator,temperature signal is elevated (SHAP=-3.977),31,Low,2026-06-28 20:56:24
81.22033932689672,32.67996909167342,2146.5153741657045,0.3655407383869511,11.84120795368993,42.84275005873496,36.335032222067326,6.0,80.63061744086993,68.69982808970957,77.05138063552181,24.714924,67.970793999255,Good,1,0,Vehicle_0291,0.0002,0.0%,LOW,124,2480,temperature,-3.8667,Cooling system,Inspect coolant level and radiator,temperature signal is elevated (SHAP=-3.867),31,Low,2026-06-28 20:56:24
87.28843768153703,36.84888460861931,1240.9128555712916,0.1320422508892614,12.607667775370578,65.89434064613287,51.94198974580798,7.0,80.0,76.39723486425287,78.91917045927586,17.09106,68.63094924841609,Good,1,0,Vehicle_0292,0.0004,0.0%,LOW,124,2480,temperature,-5.8991,Cooling system,Inspect coolant level and radiator,temperature signal is elevated (SHAP=-5.899),31,Low,2026-06-28 20:56:24
107.07237959489736,37.21620483921688,1807.441455294588,0.0404535565993942,11.834594716096923,39.43778929222999,22.75021910741849,4.0,75.0,68.42703203899805,73.02810961169942,17.09106,69.50227217481927,Warning,2,0,Vehicle_0293,0.0027,0.3%,LOW,124,2480,fault_count,-6.1285,ECU fault logs,Review and clear fault codes,fault_count signal is elevated (SHAP=-6.128),31,Low,2026-06-28 20:56:24
46.50012338603054,27.440370101645403,3525.0670851716154,0.4494379421557276,12.651236731266064,41.40535330105056,36.84652207630861,0.0,90.0374705229515,100.0,93.02622936606603,99.74526,95.81573761963963,Excellent,0,0,Vehicle_0294,0.0002,0.0%,LOW,124,2480,temperature,-3.7471,Cooling system,Inspect coolant level and radiator,temperature signal is elevated (SHAP=-3.747),31,Low,2026-06-28 20:56:24
81.44724603235474,36.98966667112877,2559.821431308409,0.3672912049862528,12.19712334274766,21.76014845699552,31.0631321607653,6.0,80.51391966758314,83.38133788834101,81.3741451338105,24.714924,73.5007546579545,Good,1,0,Vehicle_0295,0.0002,0.0%,LOW,124,2480,temperature,-3.7621,Cooling system,Inspect coolant level and radiator,temperature signal is elevated (SHAP=-3.762),31,Low,2026-06-28 20:56:24
87.6476863205867,35.56645439730723,2860.8698269630577,0.4316456788886476,12.403346901302582,59.66814631946518,36.39472335850039,6.0,76.2236214074235,91.88805967873152,80.9229528888159,21.381533,74.93138366903584,Good,1,0,Vehicle_0296,0.0002,0.0%,LOW,124,2480,temperature,-3.7598,Cooling system,Inspect coolant level and radiator,temperature signal is elevated (SHAP=-3.760),31,Low,2026-06-28 20:56:24
89.43990984530649,45.43510462181838,2290.8630342615697,0.3272488380005053,11.882288020149463,46.77201850806891,47.22376262666128,8.0,78.18341079996631,62.83358790051706,73.57846393013153,9.7211895,60.713795938182336,Warning,2,0,Vehicle_0297,0.0004,0.0%,LOW,124,2480,temperature,-6.0316,Cooling system,Inspect coolant level and radiator,temperature signal is elevated (SHAP=-6.032),31,Low,2026-06-28 20:56:24
79.42128128018065,25.49998958250893,1972.401843061384,0.4342691671513824,12.448952929441926,36.91909930040807,38.78809605357945,9.0,71.04872218990783,93.76930833947948,77.86489803477932,24.402285,67.47280048876348,Good,1,0,Vehicle_0298,0.0004,0.0%,LOW,124,2480,temperature,-5.9226,Cooling system,Inspect coolant level and radiator,temperature signal is elevated (SHAP=-5.923),31,Low,2026-06-28 20:56:24
58.64917326282127,26.955596541597448,3842.0555599003287,0.0607242641106729,12.770780167188247,44.80973551035807,47.20382690026938,3.0,100.0,92.50698853908412,97.75209656172524,19.392086,91.15265564485196,Excellent,0,0,Vehicle_0299,0.0003,0.0%,LOW,124,2480,temperature,-3.8104,Cooling system,Inspect coolant level and radiator,temperature signal is elevated (SHAP=-3.810),31,Low,2026-06-28 20:56:24
89.91993225571164,28.16328570924028,2349.446514359136,0.3811784522188867,12.077213828790953,72.53991003862527,28.297789067260545,9.0,74.58810318540755,78.43507043762679,75.74219336107332,18.240112,63.13233010416936,Good,1,0,Vehicle_0300,0.0004,0.0%,LOW,124,2480,temperature,-5.9871,Cooling system,Inspect coolant level and radiator,temperature signal is elevated (SHAP=-5.987),31,Low,2026-06-28 20:56:24
110.91025321246278,27.058667099767348,2145.3040963782987,0.0656930530871639,12.157133165542396,29.902261833603134,26.77165542476284,0.0,70.0,81.73174307862382,73.51952292358715,99.692085,80.45806236987704,Warning,2,0,Vehicle_0301,0.002,0.2%,LOW,124,2480,fault_count,-6.1515,ECU fault logs,Review and clear fault codes,fault_count signal is elevated (SHAP=-6.152),31,Low,2026-06-28 20:56:24
61.99207892625793,24.659875501418384,3376.913893084272,0.2503512000904196,12.581848409426996,33.16680737792808,35.16105073137266,9.0,78.63950200567353,99.2512468888636,84.82302547063055,20.8457,72.74406466015105,Good,1,0,Vehicle_0302,0.0004,0.0%,LOW,124,2480,temperature,-5.898,Cooling system,Inspect coolant level and radiator,temperature signal is elevated (SHAP=-5.898),31,Low,2026-06-28 20:56:25
97.95742020547284,13.797891390265011,1922.111712906092,0.2607252695606385,12.591847329458776,75.04504894931242,34.61347821608915,1.0,54.08515958905434,99.66370234017454,67.7587224143904,3.6985457,78.58797391666914,Warning,2,0,Vehicle_0303,0.0003,0.0%,LOW,124,2480,temperature,-3.9701,Cooling system,Inspect coolant level and radiator,temperature signal is elevated (SHAP=-3.970),31,Low,2026-06-28 20:56:25
80.07212165315659,27.391803157661197,2024.2181249808027,0.1070464057330083,11.426328280636598,51.51549656037715,33.141406311758075,6.0,85.0,67.0,79.6,19.657219,69.16,Good,1,0,Vehicle_0304,0.0002,0.0%,LOW,124,2480,temperature,-3.9095,Cooling system,Inspect coolant level and radiator,temperature signal is elevated (SHAP=-3.909),31,Low,2026-06-28 20:56:25
84.0801348125673,32.216148358199426,2508.1973472135182,0.2673116776677577,13.20616254551311,63.39508193423835,25.413682743293144,6.0,85.0,100.0,89.5,20.079834,81.69999999999999,Good,1,0,Vehicle_0305,0.0002,0.0%,LOW,124,2480,temperature,-3.847,Cooling system,Inspect coolant level and radiator,temperature signal is elevated (SHAP=-3.847),31,Low,2026-06-28 20:56:25
69.20652233944077,27.040668926964536,2500.2160832705435,0.379169329671659,12.611421393419333,58.03503820011373,46.98651589851888,6.0,79.72204468855607,93.2458459450358,83.77918506549997,22.410948,76.91668022830714,Good,1,0,Vehicle_0306,0.0002,0.0%,LOW,124,2480,temperature,-3.7448,Cooling system,Inspect coolant level and radiator,temperature signal is elevated (SHAP=-3.745),31,Low,2026-06-28 20:56:25
79.98315741466185,41.61228710117466,2707.689078322572,0.1940597155499308,12.678767464981185,49.29330895412103,31.37162799366512,9.0,80.0,100.0,86.0,19.392086,73.6,Good,1,0,Vehicle_0307,0.0006,0.1%,LOW,124,2480,temperature,-5.9391,Cooling system,Inspect coolant level and radiator,temperature signal is elevated (SHAP=-5.939),31,Low,2026-06-28 20:56:25
104.50066892048436,30.08025487629517,4173.33527151639,0.0348102622418023,12.342583821335191,43.03401761702887,49.26078122212682,5.0,66.5332945696722,74.8949264748455,69.04178414122418,11.860716,66.40405577970361,Warning,2,0,Vehicle_0308,0.0002,0.0%,LOW,124,2480,temperature,-3.9677,Cooling system,Inspect coolant level and radiator,temperature signal is elevated (SHAP=-3.968),31,Low,2026-06-28 20:56:25
93.7398286298156,37.74617433110481,2768.998597081896,0.0793413882895558,11.657858596579102,66.63116044967637,35.12743365204058,1.0,92.5203427403688,67.0,84.86423991825815,17.09106,82.31854395095489,Good,1,0,Vehicle_0309,0.0002,0.0%,LOW,124,2480,temperature,-3.8213,Cooling system,Inspect coolant level and radiator,temperature signal is elevated (SHAP=-3.821),31,Low,2026-06-28 20:56:25
110.98467408114917,31.56852247637981,597.5568297993598,0.3944926276991004,12.669888824500095,73.24673135622311,41.48428930814045,6.0,48.70049148672664,100.0,64.09034404070864,3.0341506,66.4542064244252,Warning,2,0,Vehicle_0310,0.0079,0.8%,LOW,124,2480,fault_count,-6.7139,ECU fault logs,Review and clear fault codes,fault_count signal is elevated (SHAP=-6.714),31,Low,2026-06-28 20:56:25
102.6611783346654,34.95844385935955,2761.0391547452487,0.1632426033076894,12.173924788707646,71.68376694032193,40.577096429636825,2.0,80.0,82.4243975341904,80.72731926025712,17.09106,80.92127106299235,Good,1,0,Vehicle_0311,0.0002,0.0%,LOW,124,2480,temperature,-3.8183,Cooling system,Inspect coolant level and radiator,temperature signal is elevated (SHAP=-3.818),31,Low,2026-06-28 20:56:25
91.58630018394364,31.675449323601374,2530.3039955916797,0.1260800550045213,12.617572677673335,26.290567327046325,26.75725259649148,6.0,81.8273996321127,100.0,87.27917974247889,19.392086,80.36750784548732,Good,1,0,Vehicle_0312,0.0003,0.0%,LOW,124,2480,temperature,-3.8399,Cooling system,Inspect coolant level and radiator,temperature signal is elevated (SHAP=-3.840),31,Low,2026-06-28 20:56:25
111.15901789251689,38.21270779142138,2534.760019481166,0.619191713426241,12.312479571894908,76.09822035688659,38.67202921552489,3.0,50.0,88.13978234066495,61.44193470219949,5.0822973,68.49311728945268,Warning,2,0,Vehicle_0313,0.0023,0.2%,LOW,124,2480,fault_count,-6.2848,ECU fault logs,Review and clear fault codes,fault_count signal is elevated (SHAP=-6.285),31,Low,2026-06-28 20:56:25
91.58489738107448,30.335636100794403,2696.7578475169366,0.140720403627484,12.495215751646551,42.8412949160471,54.28332944467106,0.0,96.83020523785105,64.11432964353864,87.01544255955731,99.692085,85.03213146444212,Good,1,0,Vehicle_0314,0.0002,0.0%,LOW,124,2480,temperature,-3.8216,Cooling system,Inspect coolant level and radiator,temperature signal is elevated (SHAP=-3.822),31,Low,2026-06-28 20:56:25
97.41982265195588,32.97672424853271,2477.0573698601606,0.7408057715024521,12.090001447436302,34.899409249103314,37.51612253100357,6.0,50.16035469608824,78.96255970674746,58.801016199286,1.7541707,59.07312166092109,Critical,3,0,Vehicle_0315,0.0006,0.1%,LOW,124,2480,temperature,-4.2112,Cooling system,Inspect coolant level and radiator,temperature signal is elevated (SHAP=-4.211),31,Low,2026-06-28 20:56:25
80.55143569697937,32.19799760190026,2457.910325555689,0.3063382668742384,12.745755577071574,46.61344606463053,44.01276739559675,0.0,99.57744887505078,100.0,99.70421421253552,99.716255,99.82252852752131,Excellent,0,0,Vehicle_0316,0.0002,0.0%,LOW,124,2480,temperature,-3.8355,Cooling system,Inspect coolant level and radiator,temperature signal is elevated (SHAP=-3.836),31,Low,2026-06-28 20:56:25
85.99818723788808,28.270287251236088,2990.435367816629,0.5385467945010304,11.924648384216932,66.62256870497464,41.93271844592185,3.0,84.09688036659797,72.1417458489484,80.5103400113031,21.291887,76.73455317657155,Good,1,0,Vehicle_0317,0.0002,0.0%,LOW,124,2480,temperature,-3.7473,Cooling system,Inspect coolant level and radiator,temperature signal is elevated (SHAP=-3.747),31,Low,2026-06-28 20:56:25
74.53864265049585,32.429893913548064,2066.335362244399,0.1494616152946315,13.298227770135677,60.80928368056125,38.07049658364987,6.0,85.0,100.0,89.5,19.047188,81.69999999999999,Good,1,0,Vehicle_0318,0.0003,0.0%,LOW,124,2480,temperature,-3.8503,Cooling system,Inspect coolant level and radiator,temperature signal is elevated (SHAP=-3.850),31,Low,2026-06-28 20:56:25
99.8437590189228,43.40631747718609,1741.8509314886596,0.4590334871172551,13.295179453994804,44.892271762914646,36.86478717724746,8.0,49.71024948767072,100.0,64.79717464136951,3.5109758,62.8783047848217,Warning,2,0,Vehicle_0319,0.0016,0.2%,LOW,124,2480,temperature,-6.2306,Cooling system,Inspect coolant level and radiator,temperature signal is elevated (SHAP=-6.231),31,Low,2026-06-28 20:56:25
67.32544565327701,28.377618347427347,4612.341159193811,0.0854461770646287,13.053079834186605,66.7533173375595,40.47315559121301,3.0,87.75317681612378,100.0,91.42722377128663,19.392086,88.85633426277198,Excellent,0,0,Vehicle_0320,0.0003,0.0%,LOW,124,2480,temperature,-3.8336,Cooling system,Inspect coolant level and radiator,temperature signal is elevated (SHAP=-3.834),31,Low,2026-06-28 20:56:25
96.73525513626493,32.51678935711949,1927.3140449750133,0.0987791527669002,12.910191594309804,52.7972116151887,42.63282546475613,2.0,86.52948972747015,100.0,90.5706428092291,16.85328,90.34238568553748,Excellent,0,0,Vehicle_0321,0.0003,0.0%,LOW,124,2480,temperature,-3.8503,Cooling system,Inspect coolant level and radiator,temperature signal is elevated (SHAP=-3.850),31,Low,2026-06-28 20:56:25
82.14023413742261,37.546673705216655,2580.114329968061,0.3425534933428724,12.366180656706543,38.54057068921252,21.47835942948927,3.0,97.1631004438085,90.35495208914492,95.12065593740942,25.280869,89.14338398027463,Excellent,0,0,Vehicle_0322,0.0002,0.0%,LOW,124,2480,temperature,-3.7648,Cooling system,Inspect coolant level and radiator,temperature signal is elevated (SHAP=-3.765),31,Low,2026-06-28 20:56:25
102.5687064020098,36.84151968566568,1303.4717992997062,0.036082169935951,12.866618682298885,35.839294340830136,37.47302889096455,5.0,70.0,100.0,79.0,16.85328,77.4,Good,1,0,Vehicle_0323,0.0003,0.0%,LOW,124,2480,temperature,-3.8482,Cooling system,Inspect coolant level and radiator,temperature signal is elevated (SHAP=-3.848),31,Low,2026-06-28 20:56:25
96.2630348309689,30.070298506316192,2593.1747320411378,0.1194130612612788,12.36152940068955,58.2046968884324,33.15922119252683,1.0,87.47393033806219,90.16308777844394,88.2806775701767,16.85328,89.00102409779481,Good,1,0,Vehicle_0324,0.0002,0.0%,LOW,124,2480,temperature,-3.8213,Cooling system,Inspect coolant level and radiator,temperature signal is elevated (SHAP=-3.821),31,Low,2026-06-28 20:56:25
112.30969236470202,15.69966778225583,1753.4195594485318,0.3004175626408266,11.778592983101875,48.34964528368797,31.084731563482915,5.0,39.97216249061156,67.0,48.080513743428085,1.4038026,52.24830824605685,Critical,3,0,Vehicle_0325,0.0335,3.4%,LOW,120,2400,fault_count,-7.0941,ECU fault logs,Review and clear fault codes,fault_count signal is elevated (SHAP=-7.094),30,Low,2026-06-28 20:56:25
95.96162036707968,33.1002169118908,2146.0216457199917,0.7408057715024521,13.001280565612277,22.48989693172728,47.95964379028573,8.0,48.07675926584065,89.93721111302851,60.634894819997,2.2883356,58.3683791146039,Warning,2,0,Vehicle_0326,0.003,0.3%,LOW,124,2480,temperature,-6.4628,Cooling system,Inspect coolant level and radiator,temperature signal is elevated (SHAP=-6.463),31,Low,2026-06-28 20:56:25
61.41939616520139,16.683154448261682,3336.0517326168992,0.0733502767308964,12.851529785169005,66.94322986139007,27.668537519361465,0.0,80.0,100.0,86.0,99.563484,91.6,Good,1,0,Vehicle_0327,0.0003,0.0%,LOW,124,2480,temperature,-3.8202,Cooling system,Inspect coolant level and radiator,temperature signal is elevated (SHAP=-3.820),31,Low,2026-06-28 20:56:25
83.99570240652699,38.81962338564739,2877.607654702459,0.4791010170594012,12.387464356937826,40.39449942751159,21.052309396899982,9.0,68.05993219603992,91.23290472368537,75.01182395433355,20.79624,65.2536753173372,Good,1,0,Vehicle_0328,0.0004,0.0%,LOW,124,2480,temperature,-6.0214,Cooling system,Inspect coolant level and radiator,temperature signal is elevated (SHAP=-6.021),31,Low,2026-06-28 20:56:25
67.41989211107776,31.01684322715956,2954.727619659855,0.1902306072408604,11.90992629706754,81.84239295977589,42.95716225385854,5.0,90.0,68.49451137040582,83.54835341112174,19.30874,73.8279143207542,Good,1,0,Vehicle_0329,0.0002,0.0%,LOW,124,2480,temperature,-3.8183,Cooling system,Inspect coolant level and radiator,temperature signal is elevated (SHAP=-3.818),31,Low,2026-06-28 20:56:25
77.22580236450588,35.998044119231935,1083.0361292865098,0.7408057715024521,12.16551972936841,21.94020029690578,20.79606143446111,6.0,65.0,82.07768883644694,70.12330665093408,16.002369,66.48952175784984,Warning,2,0,Vehicle_0330,0.0002,0.0%,LOW,124,2480,temperature,-3.8703,Cooling system,Inspect coolant level and radiator,temperature signal is elevated (SHAP=-3.870),31,Low,2026-06-28 20:56:25
107.66842649915084,24.58733317091369,3969.5161358632095,0.5741430976305923,11.671541766044996,46.38582807219977,15.720569220414363,6.0,45.07312617494863,67.0,51.65118832246404,3.0581057,52.39071299347842,Critical,3,0,Vehicle_0331,0.0085,0.9%,LOW,123,2460,fault_count,-6.6225,ECU fault logs,Review and clear fault codes,fault_count signal is elevated (SHAP=-6.622),30,Low,2026-06-28 20:56:25
94.56300716346544,20.684955160199674,1546.4949512465,0.22465801657543,12.778032341047192,36.00044631121545,44.08267689989965,9.0,53.61380631386781,100.0,67.52966441970747,2.3371696,62.517798651824485,Warning,2,0,Vehicle_0332,0.005,0.5%,LOW,124,2480,temperature,-6.5407,Cooling system,Inspect coolant level and radiator,temperature signal is elevated (SHAP=-6.541),31,Low,2026-06-28 20:56:25
74.5160435713188,31.564526304847004,3722.848651435092,0.4066237375048238,11.758676413254328,30.491549592453225,36.58722250562488,6.0,77.89175083301174,67.0,74.62422558310821,20.665247,66.17453534986493,Warning,2,0,Vehicle_0333,0.0002,0.0%,LOW,124,2480,temperature,-3.9139,Cooling system,Inspect coolant level and radiator,temperature signal is elevated (SHAP=-3.914),31,Low,2026-06-28 20:56:25
69.79423950339401,29.798379360263148,3317.235092785189,0.0098670490553163,12.51473234805867,40.26418566483247,39.72719627368776,8.0,80.0,96.48270935742016,84.94481280722604,16.165585,74.26342955581966,Good,1,0,Vehicle_0334,0.0005,0.1%,LOW,124,2480,temperature,-5.9341,Cooling system,Inspect coolant level and radiator,temperature signal is elevated (SHAP=-5.934),31,Low,2026-06-28 20:56:25
85.49173139314391,27.05075504305701,2961.8661934277443,0.5156916286260542,12.062522660888124,85.41135218073963,30.575724252203777,2.0,85.62055809159638,68.90032866341473,80.60448926314187,24.714924,78.14275929056807,Good,1,0,Vehicle_0335,0.0002,0.0%,LOW,124,2480,temperature,-3.7321,Cooling system,Inspect coolant level and radiator,temperature signal is elevated (SHAP=-3.732),31,Low,2026-06-28 20:56:25
66.75159775928309,30.507967684396583,1816.0121752732948,0.0941228505151254,11.82931862200021,52.86740340159008,21.15593868390981,2.0,100.0,68.20939315750864,90.4628179472526,20.411087,83.91956939985329,Excellent,0,0,Vehicle_0336,0.0002,0.0%,LOW,124,2480,temperature,-3.8166,Cooling system,Inspect coolant level and radiator,temperature signal is elevated (SHAP=-3.817),31,Low,2026-06-28 20:56:25
74.93289583905128,46.276182227974815,2621.2718758556184,0.3833352867235496,12.49534203731143,34.165839224051425,23.14212786382333,6.0,79.44431421843002,95.68285903909648,84.31587766462995,25.280869,77.72609840659726,Good,1,0,Vehicle_0337,0.0002,0.0%,LOW,124,2480,temperature,-3.7695,Cooling system,Inspect coolant level and radiator,temperature signal is elevated (SHAP=-3.769),31,Low,2026-06-28 20:56:25
89.68014207326866,35.00715328421435,2123.262871484112,0.2266096414888985,12.266480245875188,13.427431793251898,32.278111005687165,1.0,100.0,86.24231014235151,95.87269304270544,18.609816,92.77207785409357,Excellent,0,0,Vehicle_0338,0.0002,0.0%,LOW,124,2480,temperature,-3.8296,Cooling system,Inspect coolant level and radiator,temperature signal is elevated (SHAP=-3.830),31,Low,2026-06-28 20:56:25
102.32968054160044,36.29699163517992,2523.2316572042337,0.1114228967533308,12.735275642170148,15.572749073046277,22.27597142081958,1.0,80.0,100.0,86.0,17.713797,89.6,Good,1,0,Vehicle_0339,0.0003,0.0%,LOW,124,2480,temperature,-3.8399,Cooling system,Inspect coolant level and radiator,temperature signal is elevated (SHAP=-3.840),31,Low,2026-06-28 20:56:25
94.1314220833666,35.06362134932013,2300.102192731552,0.6834076157459034,11.892957892508518,39.270737117625295,38.07052907045653,2.0,71.7371558332668,70.83451306597634,71.46636300307966,18.20426,73.04672041504307,Warning,2,0,Vehicle_0340,0.0002,0.0%,LOW,124,2480,temperature,-3.7472,Cooling system,Inspect coolant level and radiator,temperature signal is elevated (SHAP=-3.747),31,Low,2026-06-28 20:56:25
50.6306573710285,38.87677286311316,869.1115947420733,0.0058390471830779,12.097074141810472,37.3262403172268,30.375420619655813,2.0,100.0,79.25430834968195,93.7762925049046,21.067917,88.11663717287914,Excellent,0,0,Vehicle_0341,0.0002,0.0%,LOW,124,2480,temperature,-3.8191,Cooling system,Inspect coolant level and radiator,temperature signal is elevated (SHAP=-3.819),31,Low,2026-06-28 20:56:25
89.5655009354539,28.85956996259553,3397.4273207876704,0.1431516583222457,11.444943116603644,45.51898587531029,36.850360473653055,0.0,100.0,67.0,90.1,99.685196,87.46,Excellent,0,0,Vehicle_0342,0.0002,0.0%,LOW,124,2480,temperature,-3.8172,Cooling system,Inspect coolant level and radiator,temperature signal is elevated (SHAP=-3.817),31,Low,2026-06-28 20:56:25
86.08050359848868,17.67143215394824,2435.114274760511,0.1057800927668128,11.52626132706883,4.556323991282973,36.55148128226431,7.0,60.0,67.0,62.1,1.3930798,56.66,Warning,2,0,Vehicle_0343,0.006,0.6%,LOW,124,2480,temperature,-6.4163,Cooling system,Inspect coolant level and radiator,temperature signal is elevated (SHAP=-6.416),31,Low,2026-06-28 20:56:25
91.2083542805904,28.86848320196394,2112.15968039821,0.0737076421057624,13.119276963991403,48.16636809906933,38.86799554424527,5.0,87.5832914388192,100.0,91.30830400717343,16.54427,84.78498240430406,Excellent,0,0,Vehicle_0344,0.0003,0.0%,LOW,124,2480,temperature,-3.8462,Cooling system,Inspect coolant level and radiator,temperature signal is elevated (SHAP=-3.846),31,Low,2026-06-28 20:56:25
109.24314522476811,34.870414259979015,2051.738213736186,0.2394021886652003,13.233439297639867,70.55459550294216,39.99482527288998,2.0,80.0,100.0,86.0,17.470497,87.6,Good,1,0,Vehicle_0345,0.0032,0.3%,LOW,124,2480,fault_count,-6.1623,ECU fault logs,Review and clear fault codes,fault_count signal is elevated (SHAP=-6.162),31,Low,2026-06-28 20:56:25
54.05142584792885,24.18119762930956,2786.7676610934145,0.2392457826652962,12.437090482089582,82.4568249472839,31.560994092207547,2.0,96.72479051723823,89.22622122317681,94.4752197290198,20.8457,90.53037608204724,Excellent,0,0,Vehicle_0346,0.0002,0.0%,LOW,124,2480,temperature,-3.7882,Cooling system,Inspect coolant level and radiator,temperature signal is elevated (SHAP=-3.788),31,Low,2026-06-28 20:56:25
76.13344862213341,28.941804297064017,1784.9949293644222,0.2096575826766654,12.070468493637396,12.11107704165721,36.8396926663383,9.0,80.0,78.15682536254256,79.44704760876277,16.527294,65.29959363776618,Good,1,0,Vehicle_0347,0.0005,0.1%,LOW,124,2480,temperature,-6.0846,Cooling system,Inspect coolant level and radiator,temperature signal is elevated (SHAP=-6.085),31,Low,2026-06-28 20:56:25
93.86359484190032,25.84938154198612,695.8595532207653,0.2864400608937069,12.280620429803957,33.97214481521689,37.36008128420175,9.0,72.27281031619935,86.82559272941322,76.63864504016351,14.59012,65.34830556998075,Good,1,0,Vehicle_0348,0.0004,0.0%,LOW,124,2480,temperature,-6.0391,Cooling system,Inspect coolant level and radiator,temperature signal is elevated (SHAP=-6.039),31,Low,2026-06-28 20:56:25
61.276084008190864,39.01217551105879,2825.703842566621,0.0848106968554979,12.749429680994544,32.9153227805093,10.711096909066349,1.0,100.0,100.0,100.0,20.138336,98.0,Excellent,0,0,Vehicle_0349,0.0003,0.0%,LOW,124,2480,temperature,-3.8399,Cooling system,Inspect coolant level and radiator,temperature signal is elevated (SHAP=-3.840),31,Low,2026-06-28 20:56:25
107.13923572080265,34.49674209243938,2915.282398365457,0.7408057715024521,12.194244392071182,52.914428550513,41.465257458594905,6.0,45.0,83.26258117293625,56.47877435188087,2.3263693,58.53978084571577,Critical,3,0,Vehicle_0350,0.0158,1.6%,LOW,123,2460,fault_count,-6.8105,ECU fault logs,Review and clear fault codes,fault_count signal is elevated (SHAP=-6.811),30,Low,2026-06-28 20:56:25
90.52534919050989,33.90924372386375,2340.294540257893,0.0166300927973279,12.495053546816676,25.604550642470933,36.49942196220251,3.0,98.94930161898026,95.67095880618788,97.96579877514256,16.54427,91.9136710263231,Excellent,0,0,Vehicle_0351,0.0002,0.0%,LOW,124,2480,temperature,-3.8344,Cooling system,Inspect coolant level and radiator,temperature signal is elevated (SHAP=-3.834),31,Low,2026-06-28 20:56:25
97.69875978765106,33.72960787872583,1581.677699847993,0.6767738677441993,12.3948975798075,83.64526497453362,40.64048865243571,3.0,64.60248042469789,85.52483795907891,70.87918768501218,14.298463,73.63248020282309,Warning,2,0,Vehicle_0352,0.0002,0.0%,LOW,124,2480,temperature,-3.7366,Cooling system,Inspect coolant level and radiator,temperature signal is elevated (SHAP=-3.737),31,Low,2026-06-28 20:56:25
76.43584507717308,29.77650448468724,2571.148432711428,0.0184744018554762,12.172474931966857,50.8704494337148,22.131564045527377,5.0,90.0,82.36459094363283,87.70937728308985,15.826941,79.09854455858047,Good,1,0,Vehicle_0353,0.0002,0.0%,LOW,124,2480,temperature,-3.8302,Cooling system,Inspect coolant level and radiator,temperature signal is elevated (SHAP=-3.830),31,Low,2026-06-28 20:56:25
97.20645534949315,31.18533769516502,1328.374105349129,0.1095196320107924,12.189522901603253,47.53707421401577,31.842268248376065,9.0,65.58708930101369,83.06781969113416,70.83130841804983,5.091256,61.11234898905673,Warning,2,0,Vehicle_0354,0.0004,0.0%,LOW,124,2480,temperature,-6.088,Cooling system,Inspect coolant level and radiator,temperature signal is elevated (SHAP=-6.088),31,Low,2026-06-28 20:56:26
101.02707333983555,22.88889251680609,1678.2155226498726,0.1721439830798352,12.517328348674203,81.85427467565555,24.084705434344198,5.0,61.55557006722438,93.53024116797924,71.14797139745083,14.764089,71.39483107206634,Warning,2,0,Vehicle_0355,0.0003,0.0%,LOW,124,2480,temperature,-3.7855,Cooling system,Inspect coolant level and radiator,temperature signal is elevated (SHAP=-3.785),31,Low,2026-06-28 20:56:26
88.49317030205752,16.881348127496594,1899.4416507966712,0.0571170864860553,12.009244745445024,49.67904751833304,42.44601376212875,9.0,60.0,75.6313457496072,64.68940372488217,1.3566136,55.93991138485074,Warning,2,0,Vehicle_0356,0.0054,0.5%,LOW,124,2480,temperature,-6.5585,Cooling system,Inspect coolant level and radiator,temperature signal is elevated (SHAP=-6.559),31,Low,2026-06-28 20:56:26
88.51601339048044,30.900486782070143,3175.151256713245,0.151562260106206,12.580691738249406,58.00606812997378,20.948834579315054,8.0,80.0,99.20353420278802,85.7610602608364,19.392086,75.29734299705945,Good,1,0,Vehicle_0357,0.0005,0.1%,LOW,124,2480,temperature,-5.9313,Cooling system,Inspect coolant level and radiator,temperature signal is elevated (SHAP=-5.931),31,Low,2026-06-28 20:56:26
89.0551485892259,31.943941537632867,2209.911239650466,0.1355994202329115,12.211368416140328,34.984034534159015,25.71345218077679,7.0,80.0,83.9689471657885,81.19068414973655,19.657219,71.50819992299964,Good,1,0,Vehicle_0358,0.0003,0.0%,LOW,124,2480,temperature,-5.8094,Cooling system,Inspect coolant level and radiator,temperature signal is elevated (SHAP=-5.809),31,Low,2026-06-28 20:56:26
72.04982102890928,37.255587410552266,2141.7068705788315,0.3164302011065288,12.450946921859291,22.58995869891233,40.34314128271981,7.0,78.90465325956474,93.85156052669583,83.38872543970406,21.355003,74.8035473691616,Good,1,0,Vehicle_0359,0.0003,0.0%,LOW,124,2480,temperature,-5.8051,Cooling system,Inspect coolant level and radiator,temperature signal is elevated (SHAP=-5.805),31,Low,2026-06-28 20:56:26
82.7870697963947,39.42801489649421,4063.754012328997,0.1228440248420363,12.953585026467424,37.79276736991538,28.70625467722752,7.0,78.72491975342005,100.0,85.10744382739404,19.392086,77.06446629643642,Good,1,0,Vehicle_0360,0.0004,0.0%,LOW,124,2480,temperature,-5.8337,Cooling system,Inspect coolant level and radiator,temperature signal is elevated (SHAP=-5.834),31,Low,2026-06-28 20:56:26
82.71216201321462,39.41999090999368,2781.9699977509717,0.1612461807319791,12.33272318190922,93.73951677889649,25.71609343210941,2.0,100.0,66.3046285685761,89.89138857057283,19.657219,83.19575885605892,Good,1,0,Vehicle_0361,0.0002,0.0%,LOW,124,2480,temperature,-3.8189,Cooling system,Inspect coolant level and radiator,temperature signal is elevated (SHAP=-3.819),31,Low,2026-06-28 20:56:26
90.75090796530245,24.011858440236733,2771.195608379861,0.1000199750661598,12.767921736076795,62.66041896573912,44.06719429540183,9.0,74.54561783034207,100.0,82.18193248123944,16.85328,71.30915948874366,Good,1,0,Vehicle_0362,0.0005,0.1%,LOW,124,2480,temperature,-5.8935,Cooling system,Inspect coolant level and radiator,temperature signal is elevated (SHAP=-5.894),31,Low,2026-06-28 20:56:26
99.9973637036544,27.886409790301386,2204.2394038329803,0.7408057715024521,11.683186857646469,55.490696742221,44.47711756591868,9.0,40.00527259269117,67.0,48.10369081488382,2.088052,44.26221448893029,Critical,3,0,Vehicle_0363,0.0029,0.3%,LOW,124,2480,temperature,-6.4334,Cooling system,Inspect coolant level and radiator,temperature signal is elevated (SHAP=-6.433),31,Low,2026-06-28 20:56:26
69.12195877032386,32.88200577528828,2022.9026658905775,0.0647343667079055,12.211854794543765,30.472532196296008,42.22071192540999,6.0,85.0,83.98901027493022,84.69670308247906,19.30874,75.61582390447349,Good,1,0,Vehicle_0364,0.0002,0.0%,LOW,124,2480,temperature,-3.8296,Cooling system,Inspect coolant level and radiator,temperature signal is elevated (SHAP=-3.830),31,Low,2026-06-28 20:56:26
83.12486454520634,45.19142806645306,750.8748479862795,0.1604778358070226,12.411075448430427,68.22501601967691,43.487096739402936,7.0,80.0,92.2068622477552,83.66205867432656,16.54427,74.63860765414697,Good,1,0,Vehicle_0365,0.0004,0.0%,LOW,124,2480,temperature,-5.7901,Cooling system,Inspect coolant level and radiator,temperature signal is elevated (SHAP=-5.790),31,Low,2026-06-28 20:56:26
107.2218332148846,38.880595222283496,3274.992425538847,0.2482242081487449,13.169332271682585,22.84613451372417,32.684207210619434,8.0,60.0,100.0,72.0,2.8941512,67.19999999999999,Warning,2,1,Vehicle_0366,0.9992,99.9%,CRITICAL,5,100,temperature,4.8035,Cooling system,Inspect coolant level and radiator,temperature signal is rapidly deteriorating (SHAP=4.803),1,Immediate,2026-06-28 20:56:26
73.84617656781154,36.716382971990285,2858.6477646051035,0.1185341791508182,11.616019166696043,18.658871006352378,32.954070253633844,1.0,100.0,67.0,90.1,19.30874,85.46,Excellent,0,0,Vehicle_0367,0.0002,0.0%,LOW,124,2480,temperature,-3.8296,Cooling system,Inspect coolant level and radiator,temperature signal is elevated (SHAP=-3.830),31,Low,2026-06-28 20:56:26
72.6662497406452,27.673272266704256,2356.6672054292694,0.006483319511054,12.36151605524289,38.82225754236708,28.51918721466397,0.0,100.0,90.16253727876918,97.04876118363076,99.67958,96.26176416593228,Excellent,0,0,Vehicle_0368,0.0002,0.0%,LOW,124,2480,temperature,-3.8049,Cooling system,Inspect coolant level and radiator,temperature signal is elevated (SHAP=-3.805),31,Low,2026-06-28 20:56:26
88.0345928774679,24.70080221306925,2390.218638530996,0.2181908683922099,12.982675540366506,89.08981823922895,36.67729167715977,9.0,78.80320885227701,85.00179990527224,80.66278616817557,17.715132,67.3980316819598,Good,1,0,Vehicle_0369,0.0005,0.1%,LOW,124,2480,temperature,-6.0082,Cooling system,Inspect coolant level and radiator,temperature signal is elevated (SHAP=-6.008),31,Low,2026-06-28 20:56:26
97.6657778572798,34.73344730029944,3088.915409808844,0.1585845592784091,12.085991837893252,87.95788464785224,29.72101672674152,5.0,74.66844428544039,65.66665364414042,71.9679070930504,11.860716,66.31407498465833,Warning,2,0,Vehicle_0370,0.0002,0.0%,LOW,124,2480,temperature,-3.985,Cooling system,Inspect coolant level and radiator,temperature signal is elevated (SHAP=-3.985),31,Low,2026-06-28 20:56:26
85.17139083340989,23.39603241459384,1256.2319415361176,0.0046892954607541,12.314864475829731,40.97526143498912,30.66933794073023,7.0,73.58412965837536,88.23815962797649,77.98033864925569,19.392086,70.4358351151487,Good,1,0,Vehicle_0371,0.0003,0.0%,LOW,124,2480,temperature,-5.7683,Cooling system,Inspect coolant level and radiator,temperature signal is elevated (SHAP=-5.768),31,Low,2026-06-28 20:56:26
104.93440885655484,28.569381894118184,2028.094934756956,0.2141896333324312,12.532695594022217,36.51601963604031,40.999004339829,5.0,70.0,97.22369325341644,78.16710797602494,17.131138,76.34500343629824,Good,1,0,Vehicle_0372,0.001,0.1%,LOW,124,2480,fault_count,-5.0757,ECU fault logs,Review and clear fault codes,fault_count signal is elevated (SHAP=-5.076),31,Low,2026-06-28 20:56:26
97.85190973849792,29.311332305988465,1590.9577096859755,0.0780566814706595,12.473803421489112,17.192759188804402,46.8453924551438,5.0,74.29618052300418,88.52005678893698,78.56334340278401,16.85328,74.8420173994578,Good,1,0,Vehicle_0373,0.0002,0.0%,LOW,124,2480,temperature,-3.8217,Cooling system,Inspect coolant level and radiator,temperature signal is elevated (SHAP=-3.822),31,Low,2026-06-28 20:56:26
97.62730100335092,39.557472534736846,3917.207425989397,0.3311380473659691,13.026308190181766,51.560614510401685,38.98260254270095,0.0,82.66952816890021,100.0,87.86866971823014,99.735985,92.72120183093809,Good,1,0,Vehicle_0374,0.0002,0.0%,LOW,124,2480,temperature,-3.7869,Cooling system,Inspect coolant level and radiator,temperature signal is elevated (SHAP=-3.787),31,Low,2026-06-28 20:56:26
93.3117475198614,27.871816182241936,3200.5244254826407,0.0113540118200434,12.579389524029294,53.24025503976239,52.94315865242568,2.0,93.3765049602772,72.14307844796107,87.00647700658236,17.09106,82.63250189354163,Good,1,0,Vehicle_0375,0.0002,0.0%,LOW,124,2480,temperature,-3.8063,Cooling system,Inspect coolant level and radiator,temperature signal is elevated (SHAP=-3.806),31,Low,2026-06-28 20:56:26
119.91479650519128,15.364502168564307,737.8458870917086,0.1428432574308959,12.931109158205688,65.79112508393825,27.94484427967252,0.0,50.0,100.0,65.0,99.346176,79.0,Warning,2,0,Vehicle_0376,0.003,0.3%,LOW,124,2480,fault_count,-6.2102,ECU fault logs,Review and clear fault codes,fault_count signal is elevated (SHAP=-6.210),31,Low,2026-06-28 20:56:26
81.92257466700934,33.02666788597481,1288.9906986880196,0.0818411633752978,12.255996657076036,68.21415026650328,16.620253607907415,4.0,95.0,85.80986210438648,92.24295863131594,20.411087,84.50774759966686,Excellent,0,0,Vehicle_0377,0.0002,0.0%,LOW,124,2480,temperature,-3.8113,Cooling system,Inspect coolant level and radiator,temperature signal is elevated (SHAP=-3.811),31,Low,2026-06-28 20:56:26
54.94716561900229,25.80586888137644,2394.123461314011,0.0156512230543445,12.103789835499882,46.05156164670734,42.14627889589554,0.0,100.0,79.5313307143701,93.85939921431104,99.68493,92.22190567146065,Excellent,0,0,Vehicle_0378,0.0002,0.0%,LOW,124,2480,temperature,-3.7995,Cooling system,Inspect coolant level and radiator,temperature signal is elevated (SHAP=-3.800),31,Low,2026-06-28 20:56:26
109.06381542275712,30.25578614662648,2122.0478303420605,0.5417441234484447,12.309710722792149,61.12055749519169,27.28166447353269,8.0,43.883725103437015,88.02556731517606,57.12627776695872,2.026391,55.880880123210446,Critical,3,1,Vehicle_0379,0.9994,99.9%,CRITICAL,5,100,temperature,4.7083,Cooling system,Inspect coolant level and radiator,temperature signal is rapidly deteriorating (SHAP=4.708),1,Immediate,2026-06-28 20:56:26
78.13450853564761,29.479771794947258,1440.4942335384894,0.160979880665999,11.93635876265296,35.98722264306928,32.26307758224637,2.0,100.0,72.62479895943457,91.78743968783036,19.657219,85.59742360458515,Excellent,0,0,Vehicle_0380,0.0002,0.0%,LOW,124,2480,temperature,-3.8217,Cooling system,Inspect coolant level and radiator,temperature signal is elevated (SHAP=-3.822),31,Low,2026-06-28 20:56:26
86.6182066651455,28.35777602509339,4055.809790120392,0.1149468018890184,12.593404678484038,60.740850667213714,17.30203489878876,7.0,78.88380419759217,99.7279429874666,85.1370458345545,20.138336,77.02781609822603,Good,1,0,Vehicle_0381,0.0004,0.0%,LOW,124,2480,temperature,-5.7941,Cooling system,Inspect coolant level and radiator,temperature signal is elevated (SHAP=-5.794),31,Low,2026-06-28 20:56:26
104.64326027290792,34.74204349070823,2750.0319311860635,0.3925257174587248,12.245648754897902,39.855358436308826,26.007897526541736,0.0,73.83161883608501,85.38301113953844,77.29703652712104,99.7552,83.45482414418031,Good,1,0,Vehicle_0382,0.0002,0.0%,LOW,124,2480,temperature,-3.7341,Cooling system,Inspect coolant level and radiator,temperature signal is elevated (SHAP=-3.734),31,Low,2026-06-28 20:56:26
60.96610688411612,20.80281072988376,2879.853058290473,0.1521967887726188,12.13128444000901,59.18917031933876,19.97772583420764,0.0,83.21124291953502,80.66548315037164,82.447514988786,99.68493,85.60160562334593,Good,1,0,Vehicle_0383,0.0002,0.0%,LOW,124,2480,temperature,-3.7917,Cooling system,Inspect coolant level and radiator,temperature signal is elevated (SHAP=-3.792),31,Low,2026-06-28 20:56:26
66.2252917884079,26.89791465027384,1946.3880406142289,0.2686494217959611,12.5994633638484,57.5700265057073,30.65696736579697,4.0,95.0,99.97786375874654,96.49335912762396,20.8457,89.89158822832368,Excellent,0,0,Vehicle_0384,0.0002,0.0%,LOW,124,2480,temperature,-3.8024,Cooling system,Inspect coolant level and radiator,temperature signal is elevated (SHAP=-3.802),31,Low,2026-06-28 20:56:26
60.9808309432172,34.10422747870429,3077.819317742402,0.1592174874348797,11.942513688810283,51.376072513901285,31.0544850611705,7.0,80.0,72.87868966342424,77.86360689902727,20.411087,67.29390207210122,Good,1,0,Vehicle_0385,0.0003,0.0%,LOW,124,2480,temperature,-5.9135,Cooling system,Inspect coolant level and radiator,temperature signal is elevated (SHAP=-5.913),31,Low,2026-06-28 20:56:26
73.08795564961864,26.31549134793379,2195.6537912143904,0.139679997842686,12.708200885542318,65.89079436318708,35.89960411548209,8.0,80.0,100.0,86.0,19.392086,75.6,Good,1,0,Vehicle_0386,0.0005,0.1%,LOW,124,2480,temperature,-5.906,Cooling system,Inspect coolant level and radiator,temperature signal is elevated (SHAP=-5.906),31,Low,2026-06-28 20:56:26
91.5945490902549,20.34715974438017,2273.3254610340005,0.2762887598739162,12.208665044603457,18.59201857278629,47.39722964355175,5.0,68.19954079701088,75.70685230181664,70.45173424845261,15.04702,67.41241100943489,Warning,2,0,Vehicle_0387,0.0002,0.0%,LOW,124,2480,temperature,-3.9003,Cooling system,Inspect coolant level and radiator,temperature signal is elevated (SHAP=-3.900),31,Low,2026-06-28 20:56:26
92.86281764219156,34.011332059540415,2988.801567860208,0.0083426230097597,12.863638577637674,28.7016756355812,41.769062648978185,6.0,79.27436471561688,100.0,85.49205530093181,16.85328,79.29523318055908,Good,1,0,Vehicle_0388,0.0003,0.0%,LOW,124,2480,temperature,-3.8586,Cooling system,Inspect coolant level and radiator,temperature signal is elevated (SHAP=-3.859),31,Low,2026-06-28 20:56:26
89.1441126899283,36.738567782649234,1196.8019479517602,0.1553139435465319,12.242904968708174,44.59880652893931,18.778303637895192,6.0,85.0,85.26982995921219,85.08094898776365,20.411087,76.10253538450063,Good,1,0,Vehicle_0389,0.0002,0.0%,LOW,124,2480,temperature,-3.8197,Cooling system,Inspect coolant level and radiator,temperature signal is elevated (SHAP=-3.820),31,Low,2026-06-28 20:56:26
63.8085117416145,29.73002875414196,3777.622287880786,0.7408057715024521,12.65276386662317,21.13473224653354,41.08015435612857,6.0,65.0,100.0,75.5,23.994816,73.3,Good,1,0,Vehicle_0390,0.0002,0.0%,LOW,124,2480,temperature,-3.7528,Cooling system,Inspect coolant level and radiator,temperature signal is elevated (SHAP=-3.753),31,Low,2026-06-28 20:56:26
50.34844845051034,18.234926409182805,2645.9113717791006,0.0356419982791922,12.471824949509164,41.862709708905896,36.117546974414594,7.0,60.0,94.71277916725296,70.41383375017588,4.8235655,67.19085608355613,Warning,2,0,Vehicle_0391,0.0004,0.0%,LOW,124,2480,temperature,-5.9517,Cooling system,Inspect coolant level and radiator,temperature signal is elevated (SHAP=-5.952),31,Low,2026-06-28 20:56:26
85.81530378085573,34.2358184801929,3524.75536702434,0.4395903684302529,12.697560749485795,42.507394098449,34.02173567963902,0.0,90.69397543798314,100.0,93.4857828065882,99.65288,96.09146968395292,Excellent,0,0,Vehicle_0392,0.0002,0.0%,LOW,124,2480,temperature,-3.7718,Cooling system,Inspect coolant level and radiator,temperature signal is elevated (SHAP=-3.772),31,Low,2026-06-28 20:56:26
77.92335949542496,20.04067271148187,1639.6641947049452,0.0679929576254955,12.443978756859051,76.19367573333388,34.773004700627745,4.0,75.16269084592749,93.56412372043587,80.68312070828,14.993679,79.12269716905517,Good,1,0,Vehicle_0393,0.0002,0.0%,LOW,124,2480,temperature,-3.7802,Cooling system,Inspect coolant level and radiator,temperature signal is elevated (SHAP=-3.780),31,Low,2026-06-28 20:56:26
91.89078657574916,31.852795661088997,1761.4679007774455,0.5302345533155832,11.734641035062705,52.85067404582925,37.04552428086255,8.0,60.86945662746277,67.0,62.708619639223926,5.902582,55.025171783534354,Warning,2,0,Vehicle_0394,0.0004,0.0%,LOW,124,2480,temperature,-6.006,Cooling system,Inspect coolant level and radiator,temperature signal is elevated (SHAP=-6.006),31,Low,2026-06-28 20:56:26
95.52930439331904,24.67521705154704,1570.4798227201502,0.0426980047102712,12.803517415696852,70.58859152127756,28.081132089864347,4.0,82.64225941955006,100.0,87.84958159368503,17.392307,84.70974895621102,Good,1,0,Vehicle_0395,0.0003,0.0%,LOW,124,2480,temperature,-3.7929,Cooling system,Inspect coolant level and radiator,temperature signal is elevated (SHAP=-3.793),31,Low,2026-06-28 20:56:26
87.07362148088023,23.04096428539821,2700.238138131871,0.121980373353187,12.364926831016838,56.03349437619436,33.17649142475359,1.0,92.16385714159284,90.30323177944456,91.60566953294835,19.392086,91.02404807565792,Excellent,0,0,Vehicle_0396,0.0002,0.0%,LOW,124,2480,temperature,-3.7912,Cooling system,Inspect coolant level and radiator,temperature signal is elevated (SHAP=-3.791),31,Low,2026-06-28 20:56:26
96.4019962806378,27.34853989752186,2552.786641534597,0.2229787662422686,12.715806430941926,39.286654575358696,46.83939123891834,6.0,72.1960074387244,93.74606978767764,78.66102614341037,17.470497,73.94582964358176,Good,1,0,Vehicle_0397,0.0003,0.0%,LOW,124,2480,temperature,-3.8146,Cooling system,Inspect coolant level and radiator,temperature signal is elevated (SHAP=-3.815),31,Low,2026-06-28 20:56:26
88.43817061172602,28.90021466143644,2128.470544615056,0.7408057715024521,12.676098590747545,52.674336154930245,27.960942155744664,3.0,80.0,100.0,86.0,19.137293,85.6,Good,1,0,Vehicle_0398,0.0002,0.0%,LOW,124,2480,temperature,-3.7422,Cooling system,Inspect coolant level and radiator,temperature signal is elevated (SHAP=-3.742),31,Low,2026-06-28 20:56:26
92.950970584022,26.13475049768131,1688.7446456917764,0.0741434623304878,12.090681407595463,64.58852667864346,24.701120238249047,5.0,84.098058831956,78.99060806331283,82.56582360136305,15.452546,75.3376157734804,Good,1,0,Vehicle_0399,0.0002,0.0%,LOW,124,2480,temperature,-3.7838,Cooling system,Inspect coolant level and radiator,temperature signal is elevated (SHAP=-3.784),31,Low,2026-06-28 20:56:26
74.42990105695176,33.5322196692909,1486.722984215326,0.3601197138888989,12.034081837929882,73.86802652885162,34.38292652126149,5.0,85.9920190740734,76.65587581460763,83.19117609623366,24.303907,75.24588082066171,Good,1,0,Vehicle_0400,0.0002,0.0%,LOW,124,2480,temperature,-3.7504,Cooling system,Inspect coolant level and radiator,temperature signal is elevated (SHAP=-3.750),31,Low,2026-06-28 20:56:26
82.30582879252812,27.323583729247,2461.212879623475,0.1169527639688288,12.6621420405796,47.35379874131133,23.694335432436525,6.0,85.0,100.0,89.5,19.783419,81.69999999999999,Good,1,0,Vehicle_0401,0.0003,0.0%,LOW,124,2480,temperature,-3.8151,Cooling system,Inspect coolant level and radiator,temperature signal is elevated (SHAP=-3.815),31,Low,2026-06-28 20:56:26
87.95164144985436,35.88114523003093,2127.53057632912,0.4082110859178297,12.278700388235794,17.04978712294112,17.772168785456614,9.0,72.78592760547802,86.74639101472651,76.97406662825257,21.075558,65.53371817989685,Good,1,0,Vehicle_0402,0.0004,0.0%,LOW,124,2480,temperature,-6.0214,Cooling system,Inspect coolant level and radiator,temperature signal is elevated (SHAP=-6.021),31,Low,2026-06-28 20:56:26
97.30792713126128,31.68703899386088,1951.51440611339,0.2643200222594166,12.7745717117866,15.643954851561965,31.555328229251835,6.0,70.38414573747744,100.0,79.26890201623421,17.470497,75.56134120974053,Good,1,0,Vehicle_0403,0.0003,0.0%,LOW,124,2480,temperature,-3.8355,Cooling system,Inspect coolant level and radiator,temperature signal is elevated (SHAP=-3.836),31,Low,2026-06-28 20:56:26
79.09388241663142,25.814656760422157,3737.671588905288,0.0216455287199534,12.328719622854791,43.47174779766226,49.48621884563924,9.0,80.0,73.55654036758675,78.06696211027602,12.287563,63.55148533968296,Good,1,0,Vehicle_0404,0.0004,0.0%,LOW,124,2480,temperature,-6.0609,Cooling system,Inspect coolant level and radiator,temperature signal is elevated (SHAP=-6.061),31,Low,2026-06-28 20:56:26
92.81750883598168,24.804360697006285,2434.1394574458127,0.1963415509658478,12.809363910979316,3.24196997704054,34.61395904123107,0.0,93.58242511606176,100.0,95.50769758124324,99.68686,97.30461854874594,Excellent,0,0,Vehicle_0405,0.0003,0.0%,LOW,124,2480,temperature,-3.8092,Cooling system,Inspect coolant level and radiator,temperature signal is elevated (SHAP=-3.809),31,Low,2026-06-28 20:56:27
81.01241812126932,20.11502220571537,3516.03434714154,0.0390416594436304,12.569321793683642,85.9020893147366,36.78577094448213,7.0,60.46008882286148,88.99607662013484,69.02088516204348,15.373463,65.21174642125305,Warning,2,0,Vehicle_0406,0.0004,0.0%,LOW,124,2480,temperature,-5.9438,Cooling system,Inspect coolant level and radiator,temperature signal is elevated (SHAP=-5.944),31,Low,2026-06-28 20:56:27
83.23686749007804,31.74439906720093,2073.3982538538426,0.0856680463962601,12.51518999748566,61.93866462799467,13.698516418488747,4.0,95.0,96.50158739628348,95.45047621888504,20.138336,88.57060321058772,Excellent,0,0,Vehicle_0407,0.0002,0.0%,LOW,124,2480,temperature,-3.8266,Cooling system,Inspect coolant level and radiator,temperature signal is elevated (SHAP=-3.827),31,Low,2026-06-28 20:56:27
97.4427856303611,27.87247471649185,2695.8210270389254,0.2141373243575981,12.25039552050389,37.28665981005511,39.38125492440947,7.0,65.1144287392778,85.57881522078546,71.25374468373009,12.0682125,65.86800985439515,Warning,2,0,Vehicle_0408,0.0004,0.0%,LOW,124,2480,temperature,-5.9571,Cooling system,Inspect coolant level and radiator,temperature signal is elevated (SHAP=-5.957),31,Low,2026-06-28 20:56:27
55.10409443418766,15.766826831618914,2455.619186994932,0.0538772579496255,12.492971045624609,27.807048119824085,35.93365861309792,0.0,80.0,95.58505563201504,84.6755166896045,99.67958,89.9223211401657,Good,1,0,Vehicle_0409,0.0002,0.0%,LOW,124,2480,temperature,-3.8043,Cooling system,Inspect coolant level and radiator,temperature signal is elevated (SHAP=-3.804),31,Low,2026-06-28 20:56:27
65.55291507887858,26.7857107633836,1141.902152385502,0.6790504542815421,12.877141085981084,70.5623819195222,28.350851719606457,5.0,70.0,100.0,79.0,24.863546,77.4,Good,1,0,Vehicle_0410,0.0002,0.0%,LOW,124,2480,temperature,-3.7402,Cooling system,Inspect coolant level and radiator,temperature signal is elevated (SHAP=-3.740),31,Low,2026-06-28 20:56:27
62.76721903835769,24.593795824470288,3642.6706450111305,0.1494136716358035,12.378313816534671,27.727256886979887,36.80050471402374,0.0,98.37518329788116,90.85544493205526,96.1192617881334,99.67241,95.84264605929108,Excellent,0,0,Vehicle_0411,0.0002,0.0%,LOW,124,2480,temperature,-3.7995,Cooling system,Inspect coolant level and radiator,temperature signal is elevated (SHAP=-3.800),31,Low,2026-06-28 20:56:27
49.99575820227543,39.454065553023966,2391.877114374068,0.1903685565381785,12.612469777473542,29.63546472797895,36.7012161715796,6.0,85.0,100.0,89.5,20.788681,81.69999999999999,Good,1,0,Vehicle_0412,0.0003,0.0%,LOW,124,2480,temperature,-3.8394,Cooling system,Inspect coolant level and radiator,temperature signal is elevated (SHAP=-3.839),31,Low,2026-06-28 20:56:27
74.82603339767235,19.783328328640145,3097.134575706368,0.1997721723907729,12.418544030499882,34.68108119946616,24.405120716420647,2.0,80.0,92.51494125812016,83.75448237743605,19.783419,84.75567767808566,Good,1,0,Vehicle_0413,0.0002,0.0%,LOW,124,2480,temperature,-3.8,Cooling system,Inspect coolant level and radiator,temperature signal is elevated (SHAP=-3.800),31,Low,2026-06-28 20:56:27
96.24150849591612,21.35189520159568,1898.3770220307524,0.1253539238357608,12.44984161709817,52.28174829148651,38.31853726779909,1.0,72.9245638145505,93.80596670529948,79.18898468177518,16.85328,84.27458415012501,Good,1,0,Vehicle_0414,0.0002,0.0%,LOW,124,2480,temperature,-3.7912,Cooling system,Inspect coolant level and radiator,temperature signal is elevated (SHAP=-3.791),31,Low,2026-06-28 20:56:27
80.72673900426138,36.6598178586342,2368.1244947361884,0.1111160932720401,13.08936430277532,62.41594878294797,46.97135422527155,0.0,100.0,93.29739563407674,97.98921869022304,99.68686,97.45301034094916,Excellent,0,0,Vehicle_0415,0.0003,0.0%,LOW,124,2480,temperature,-3.8503,Cooling system,Inspect coolant level and radiator,temperature signal is elevated (SHAP=-3.850),31,Low,2026-06-28 20:56:27
87.96685122912778,38.14057894478378,1806.518112061316,0.2516107072973153,12.88069201241582,73.85344466831326,32.72058524526484,2.0,100.0,100.0,100.0,20.079834,96.0,Excellent,0,0,Vehicle_0416,0.0002,0.0%,LOW,124,2480,temperature,-3.8382,Cooling system,Inspect coolant level and radiator,temperature signal is elevated (SHAP=-3.838),31,Low,2026-06-28 20:56:27
101.33826245066189,25.53010236764615,3488.7987862107148,0.4988362487491745,12.431761526078288,70.89942597893403,26.32405797562892,9.0,46.744250083388366,93.0601629507294,60.63902394359067,2.257824,56.995446956300285,Warning,2,0,Vehicle_0417,0.0075,0.8%,LOW,124,2480,temperature,-6.4594,Cooling system,Inspect coolant level and radiator,temperature signal is elevated (SHAP=-6.459),31,Low,2026-06-28 20:56:27
104.91529198401535,26.20748506314653,2749.1274779605405,0.3476410507018466,12.485781635174414,50.01547418469483,33.224199301982715,9.0,56.82392995321023,95.28849245094456,68.36329870253053,3.2443643,62.07567771170723,Warning,2,0,Vehicle_0418,0.478,47.8%,MEDIUM,65,1300,ml_health_score,-1.0389,Vehicle system,Inspect flagged sensor,ml_health_score signal is elevated (SHAP=-1.039),16,Medium,2026-06-28 20:56:27
83.96293097910791,33.69741237931988,2793.6428213447107,0.0516149768695401,12.119251798579612,70.41043947512668,43.54613195064429,0.0,100.0,80.16913669140904,94.05074100742272,99.692085,92.46427194273544,Excellent,0,0,Vehicle_0419,0.0002,0.0%,LOW,124,2480,temperature,-3.8213,Cooling system,Inspect coolant level and radiator,temperature signal is elevated (SHAP=-3.821),31,Low,2026-06-28 20:56:27
105.30378834354096,16.03740121832814,3586.5473176839832,0.5586959775177643,12.33081138149402,36.58000772047279,22.73681160702728,9.0,22.753601498815712,88.89596948662829,42.59631189515948,2.0804882,45.33698103442134,Critical,3,1,Vehicle_0420,0.931,93.1%,CRITICAL,8,160,ml_health_score,1.0987,Vehicle system,Inspect flagged sensor,ml_health_score signal is rapidly deteriorating (SHAP=1.099),2,Immediate,2026-06-28 20:56:27
86.38189987651164,18.832837892966666,3425.0730375192184,0.310890102341111,12.523759115019446,13.582679710760672,40.78558258784181,5.0,69.27399317725927,96.85506349455218,77.54831427244714,18.618567,75.90000126237872,Good,1,0,Vehicle_0421,0.0002,0.0%,LOW,124,2480,temperature,-3.8004,Cooling system,Inspect coolant level and radiator,temperature signal is elevated (SHAP=-3.800),31,Low,2026-06-28 20:56:27
72.43902664258806,28.31559959489573,3112.2740289090284,0.5430131516143724,12.740245435827651,36.57737856578984,28.21985541479519,3.0,83.79912322570851,100.0,88.65938625799595,25.280869,87.19563175479757,Good,1,0,Vehicle_0422,0.0002,0.0%,LOW,124,2480,temperature,-3.7573,Cooling system,Inspect coolant level and radiator,temperature signal is elevated (SHAP=-3.757),31,Low,2026-06-28 20:56:27
76.08399471701897,39.29934339677476,1362.6181223700298,0.106904130558419,12.699688358764368,33.87478971447425,37.42063081379737,9.0,80.0,100.0,86.0,19.047188,73.6,Good,1,0,Vehicle_0423,0.0005,0.1%,LOW,124,2480,temperature,-5.9311,Cooling system,Inspect coolant level and radiator,temperature signal is elevated (SHAP=-5.931),31,Low,2026-06-28 20:56:27
62.79195231152475,27.38561947099956,1943.4567043866527,0.5566277343878625,11.956296377638196,37.36025856401646,29.356687249544365,2.0,82.8914843741425,73.44722557757558,80.05820673517242,25.600946,78.72436915661856,Good,1,0,Vehicle_0424,0.0002,0.0%,LOW,124,2480,temperature,-3.7353,Cooling system,Inspect coolant level and radiator,temperature signal is elevated (SHAP=-3.735),31,Low,2026-06-28 20:56:27
71.67799219399521,30.605620750410928,1696.889491190918,0.0576679346763915,12.790793092271452,30.812505415162217,29.329830449184392,1.0,100.0,100.0,100.0,20.138336,98.0,Excellent,0,0,Vehicle_0425,0.0003,0.0%,LOW,124,2480,temperature,-3.8314,Cooling system,Inspect coolant level and radiator,temperature signal is elevated (SHAP=-3.831),31,Low,2026-06-28 20:56:27
79.62974967888357,36.80273563538408,3082.02695490064,0.4054933685143997,12.36449052824898,40.77780844840576,50.23094916235048,2.0,92.96710876570668,72.50000713827876,86.8269782774783,21.291887,82.59618839414273,Good,1,0,Vehicle_0426,0.0002,0.0%,LOW,124,2480,temperature,-3.7621,Cooling system,Inspect coolant level and radiator,temperature signal is elevated (SHAP=-3.762),31,Low,2026-06-28 20:56:27
97.05377529067904,42.64130839966887,2636.5215534000413,0.154015498544169,12.005203457728983,62.40034428187156,20.909134094665085,1.0,85.89244941864195,75.46464263132063,82.76410738244554,19.657219,82.75139295573145,Good,1,0,Vehicle_0427,0.0002,0.0%,LOW,124,2480,temperature,-3.8218,Cooling system,Inspect coolant level and radiator,temperature signal is elevated (SHAP=-3.822),31,Low,2026-06-28 20:56:27
110.81154746748976,26.538909161110126,1387.590053095524,0.001240250475542,12.934553894972767,84.30514205325143,39.85366177545544,4.0,65.0,92.89651561213516,73.36895468364054,16.54427,74.60067593261135,Warning,2,0,Vehicle_0428,0.0026,0.3%,LOW,124,2480,fault_count,-6.161,ECU fault logs,Review and clear fault codes,fault_count signal is elevated (SHAP=-6.161),31,Low,2026-06-28 20:56:27
64.2672772693444,29.898979657599444,2349.004629591018,0.6712798889114887,12.985311598695182,15.493070514819536,52.31324410921287,1.0,80.0,75.13497002867625,78.54049100860287,21.746206,80.15128861089697,Good,1,0,Vehicle_0429,0.0002,0.0%,LOW,124,2480,temperature,-3.7763,Cooling system,Inspect coolant level and radiator,temperature signal is elevated (SHAP=-3.776),31,Low,2026-06-28 20:56:27
90.8924120238988,40.93233132805705,1304.7101314249771,0.5715373179131966,12.505498792936264,24.24530746198512,41.85521926472823,2.0,80.11268809132265,96.10182520862097,84.90942922651215,21.010471,86.16602257763148,Good,1,0,Vehicle_0430,0.0002,0.0%,LOW,124,2480,temperature,-3.7558,Cooling system,Inspect coolant level and radiator,temperature signal is elevated (SHAP=-3.756),31,Low,2026-06-28 20:56:27
69.39184091263698,20.86680434885143,2457.474809544192,0.05867553474589,12.683517440762094,34.17107482543665,21.68902980960818,3.0,83.46721739540573,100.0,88.427052176784,15.603429,87.0562313060704,Good,1,0,Vehicle_0431,0.0003,0.0%,LOW,124,2480,temperature,-3.8097,Cooling system,Inspect coolant level and radiator,temperature signal is elevated (SHAP=-3.810),31,Low,2026-06-28 20:56:27
92.12045632694804,36.16548642332293,1175.7019968102522,0.0923857430588452,12.706979683497773,65.31483754873186,22.184194910845942,6.0,80.75908734610394,100.0,86.53136114227274,14.993679,79.91881668536365,Good,1,0,Vehicle_0432,0.0003,0.0%,LOW,124,2480,temperature,-3.8211,Cooling system,Inspect coolant level and radiator,temperature signal is elevated (SHAP=-3.821),31,Low,2026-06-28 20:56:27
83.0337002396841,23.890106805832453,2923.0619947076902,0.3605681466350612,12.9583088611249,45.901051140539,27.483746233535985,8.0,71.52255078099239,100.0,80.06578554669467,23.994816,72.0394713280168,Good,1,0,Vehicle_0433,0.0005,0.1%,LOW,124,2480,temperature,-5.847,Cooling system,Inspect coolant level and radiator,temperature signal is elevated (SHAP=-5.847),31,Low,2026-06-28 20:56:27
57.536412612287045,30.61483420261894,2802.3701008272587,0.3572643301982579,12.69122741017269,35.51781553792755,36.579079115198745,0.0,96.1823779867828,100.0,97.32766459074796,99.74526,98.39659875444876,Excellent,0,0,Vehicle_0434,0.0002,0.0%,LOW,124,2480,temperature,-3.7718,Cooling system,Inspect coolant level and radiator,temperature signal is elevated (SHAP=-3.772),31,Low,2026-06-28 20:56:27
98.92445487352728,28.54428571559836,4026.358794677505,0.3279819909674172,11.868924689024572,64.33466015410843,37.25942694089052,6.0,64.75844829490087,69.84314342226358,66.28385683310968,11.021513,61.738942784318525,Warning,2,0,Vehicle_0435,0.0002,0.0%,LOW,124,2480,temperature,-3.9472,Cooling system,Inspect coolant level and radiator,temperature signal is elevated (SHAP=-3.947),31,Low,2026-06-28 20:56:27
75.92498930786904,24.251930395792623,3178.298631597874,0.0188088277513483,13.203923099588453,69.12780532683938,22.283034457003076,1.0,97.0077215831705,100.0,97.90540510821934,20.138336,96.7432430649316,Excellent,0,0,Vehicle_0436,0.0003,0.0%,LOW,124,2480,temperature,-3.8207,Cooling system,Inspect coolant level and radiator,temperature signal is elevated (SHAP=-3.821),31,Low,2026-06-28 20:56:27
76.99149642439669,24.10138843405035,2161.668595341998,0.0563181286756009,12.826262755792015,49.62480081152739,26.272425415530336,9.0,76.4055537362014,100.0,83.48388761534098,20.138336,72.09033256920458,Good,1,0,Vehicle_0437,0.0005,0.1%,LOW,124,2480,temperature,-5.9217,Cooling system,Inspect coolant level and radiator,temperature signal is elevated (SHAP=-5.922),31,Low,2026-06-28 20:56:27
68.95371383065465,31.658486185522527,3154.456074619589,0.0328584593632378,12.196190317890894,33.675615467589125,26.8851751301998,2.0,100.0,83.34285061299936,95.0028551838998,20.411087,89.67028323293975,Excellent,0,0,Vehicle_0438,0.0002,0.0%,LOW,124,2480,temperature,-3.8302,Cooling system,Inspect coolant level and radiator,temperature signal is elevated (SHAP=-3.830),31,Low,2026-06-28 20:56:27
75.18575084968667,35.97323596897609,1381.8688952438572,0.1785201949588489,11.988149971057036,55.40559134470786,33.192531918851074,8.0,80.0,74.76118630610277,78.42835589183083,16.257309,66.00925079631905,Good,1,0,Vehicle_0439,0.0004,0.0%,LOW,124,2480,temperature,-6.0797,Cooling system,Inspect coolant level and radiator,temperature signal is elevated (SHAP=-6.080),31,Low,2026-06-28 20:56:27
91.41835661042376,29.22158278086898,1730.0219170551318,0.0063341017112441,12.601925372161634,45.33463583094866,54.84695457291075,7.0,77.16328677915249,66.52035445210346,73.97040708103778,12.287563,63.68631513904336,Warning,2,0,Vehicle_0440,0.0004,0.0%,LOW,124,2480,temperature,-5.9468,Cooling system,Inspect coolant level and radiator,temperature signal is elevated (SHAP=-5.947),31,Low,2026-06-28 20:56:27
82.16133488595392,30.4206789523993,2766.514025660088,0.0326785846225036,12.28869598465297,45.17973512429079,25.668129343765525,3.0,100.0,87.15870936693499,96.14761281008047,19.657219,89.12030955943528,Excellent,0,0,Vehicle_0441,0.0002,0.0%,LOW,124,2480,temperature,-3.8302,Cooling system,Inspect coolant level and radiator,temperature signal is elevated (SHAP=-3.830),31,Low,2026-06-28 20:56:27
89.92993003423722,33.427044397746286,773.4002698016582,0.2232450714044611,12.531998141599583,39.75199562796328,25.23042166864212,3.0,100.0,97.19492334098284,99.15847700229484,20.079834,92.93407086957347,Excellent,0,0,Vehicle_0442,0.0003,0.0%,LOW,124,2480,temperature,-3.8244,Cooling system,Inspect coolant level and radiator,temperature signal is elevated (SHAP=-3.824),31,Low,2026-06-28 20:56:27
90.42882780893264,24.17028736192224,2470.2713720528936,0.0392449947394576,12.697362736511304,68.49966494644178,23.66859704856156,3.0,95.82349382982366,100.0,97.07644568087656,19.392086,92.24586740852592,Excellent,0,0,Vehicle_0443,0.0003,0.0%,LOW,124,2480,temperature,-3.8014,Cooling system,Inspect coolant level and radiator,temperature signal is elevated (SHAP=-3.801),31,Low,2026-06-28 20:56:27
104.8099248329225,34.43815505047754,1683.7893663052637,0.3220769582600956,12.173423244801285,54.99760452653588,41.35544571242232,4.0,73.52820278266029,82.40370884805291,76.19085460227807,18.875605,74.19525453097742,Good,1,0,Vehicle_0444,0.0002,0.0%,LOW,124,2480,temperature,-3.7789,Cooling system,Inspect coolant level and radiator,temperature signal is elevated (SHAP=-3.779),31,Low,2026-06-28 20:56:27
79.8582077370343,34.91605858235848,2581.0456441226106,0.0281822548955023,11.953556802926265,70.71401763779261,34.58658403644898,4.0,95.0,73.3342181207084,88.50026543621252,19.657219,79.76700288586919,Good,1,0,Vehicle_0445,0.0002,0.0%,LOW,124,2480,temperature,-3.8183,Cooling system,Inspect coolant level and radiator,temperature signal is elevated (SHAP=-3.818),31,Low,2026-06-28 20:56:27
62.84713274731402,45.621757792502464,1637.8109135621894,0.6013259873715534,12.554327387148792,76.7265229095625,26.03773451830041,6.0,65.0,98.11600471988768,74.9348014159663,26.043135,72.58408179355732,Warning,2,0,Vehicle_0446,0.0002,0.0%,LOW,124,2480,temperature,-3.7468,Cooling system,Inspect coolant level and radiator,temperature signal is elevated (SHAP=-3.747),31,Low,2026-06-28 20:56:27
101.00833624857977,27.743374856642507,2839.398509964151,0.0649568450301472,12.186644857889211,59.179615377332816,31.37204416221668,4.0,75.0,82.94910038792997,77.38473011637899,16.77857,75.02065814741339,Good,1,0,Vehicle_0447,0.0002,0.0%,LOW,124,2480,temperature,-3.7966,Cooling system,Inspect coolant level and radiator,temperature signal is elevated (SHAP=-3.797),31,Low,2026-06-28 20:56:27
80.02767741854117,27.25150918999124,2515.461938933912,0.0741840230271711,12.45843831429296,39.87045770229696,27.084896990422987,7.0,80.0,94.16058046458456,84.24817413937537,19.047188,75.38102057654213,Good,1,0,Vehicle_0448,0.0003,0.0%,LOW,124,2480,temperature,-5.7847,Cooling system,Inspect coolant level and radiator,temperature signal is elevated (SHAP=-5.785),31,Low,2026-06-28 20:56:27
101.71888666866066,34.613795229442474,3620.292733505065,0.0012542043689961,11.862669425215094,70.8065246443957,37.95891281189245,4.0,75.0,69.58511379012259,73.37553413703678,16.77857,69.94234324024659,Warning,2,0,Vehicle_0449,0.0002,0.0%,LOW,124,2480,temperature,-3.8183,Cooling system,Inspect coolant level and radiator,temperature signal is elevated (SHAP=-3.818),31,Low,2026-06-28 20:56:27
90.75065669773706,34.91462501347283,2505.3876272812977,0.343520956097616,12.299126910210145,59.31329404556709,61.519698055824975,3.0,95.59728953135148,53.58898504616848,82.99479818579657,21.291887,74.51467592071164,Good,1,0,Vehicle_0450,0.0002,0.0%,LOW,124,2480,temperature,-3.7359,Cooling system,Inspect coolant level and radiator,temperature signal is elevated (SHAP=-3.736),31,Low,2026-06-28 20:56:27
83.03293704694983,26.78947707973973,1885.0857560308268,0.1559394745450633,12.685980756416,102.06735553615276,40.50864405692237,3.0,100.0,67.0,90.1,17.09106,81.46,Excellent,0,0,Vehicle_0451,0.0003,0.0%,LOW,124,2480,temperature,-3.8033,Cooling system,Inspect coolant level and radiator,temperature signal is elevated (SHAP=-3.803),31,Low,2026-06-28 20:56:27
90.23163841069444,27.58102393841971,2302.491315338173,0.7408057715024521,12.64237300305872,56.20205776989373,34.070114848926366,7.0,59.53672317861114,100.0,71.6757062250278,4.9705267,69.00542373501668,Warning,2,0,Vehicle_0452,0.0004,0.0%,LOW,124,2480,temperature,-5.7922,Cooling system,Inspect coolant level and radiator,temperature signal is elevated (SHAP=-5.792),31,Low,2026-06-28 20:56:27
114.26518840189448,33.24678502930824,1424.6108823866148,0.0330920536917652,12.084656811650692,63.95376078028168,28.350245125120477,1.0,70.0,78.74209348059105,72.62262804417732,13.129557,77.3219955226246,Warning,2,0,Vehicle_0453,0.0021,0.2%,LOW,124,2480,fault_count,-6.1555,ECU fault logs,Review and clear fault codes,fault_count signal is elevated (SHAP=-6.155),31,Low,2026-06-28 20:56:27
116.1547079358063,25.034494555592037,2824.909803764352,0.480187110792303,11.93269425227278,55.80847782592063,21.565999181151504,2.0,57.987525947179805,72.47363790625215,62.333359534901504,5.4887476,67.89474330219133,Warning,2,0,Vehicle_0454,0.0024,0.2%,LOW,124,2480,fault_count,-6.2347,ECU fault logs,Review and clear fault codes,fault_count signal is elevated (SHAP=-6.235),31,Low,2026-06-28 20:56:27
86.04071702699169,27.53679607190991,2971.8801970522177,0.0511905897074266,12.406305475900718,48.01802816263764,42.33689731403035,3.0,100.0,92.0101008809046,97.60303026427138,12.938285,90.96383833474376,Excellent,0,0,Vehicle_0455,0.0002,0.0%,LOW,124,2480,temperature,-3.8049,Cooling system,Inspect coolant level and radiator,temperature signal is elevated (SHAP=-3.805),31,Low,2026-06-28 20:56:27
87.40285889975613,30.537556604210607,4475.356829354254,0.24472211804611,12.624413118807764,44.824169008248674,41.7935417836632,6.0,75.49286341291491,100.0,82.84500438904044,13.435298,77.70700263342425,Good,1,0,Vehicle_0456,0.0003,0.0%,LOW,124,2480,temperature,-3.8352,Cooling system,Inspect coolant level and radiator,temperature signal is elevated (SHAP=-3.835),31,Low,2026-06-28 20:56:27
101.1436023619958,35.975632108933546,2002.531207516476,0.0943899891281355,12.56207005607702,55.88487689317134,30.33899003309194,1.0,80.0,98.43538981317712,85.53061694395313,16.85328,89.0054481290073,Good,1,0,Vehicle_0457,0.0002,0.0%,LOW,124,2480,temperature,-3.831,Cooling system,Inspect coolant level and radiator,temperature signal is elevated (SHAP=-3.831),31,Low,2026-06-28 20:56:28
72.31508450848979,26.37240830292276,2285.764341059854,0.1700437511468015,12.195136062255475,60.4235150362771,47.13333982942618,4.0,95.0,76.0460071479894,89.31380214439682,17.475641,80.79748271623596,Good,1,0,Vehicle_0458,0.0002,0.0%,LOW,124,2480,temperature,-3.7966,Cooling system,Inspect coolant level and radiator,temperature signal is elevated (SHAP=-3.797),31,Low,2026-06-28 20:56:28
89.99605558927382,18.94569322781597,2039.3931804494275,0.0356686239687013,12.519129776994642,73.0877579928885,35.211069388850845,6.0,65.0,96.664103301029,74.4992309903087,16.85328,72.03235925439103,Warning,2,0,Vehicle_0459,0.0002,0.0%,LOW,124,2480,temperature,-3.7929,Cooling system,Inspect coolant level and radiator,temperature signal is elevated (SHAP=-3.793),31,Low,2026-06-28 20:56:28
84.61205728069216,18.50041519489073,2669.6909609049794,0.2663588266706432,13.0009421885104,56.17701116607529,42.74760735395135,9.0,60.0,100.0,72.0,2.6238322,65.19999999999999,Warning,2,0,Vehicle_0460,0.0052,0.5%,LOW,124,2480,temperature,-6.5563,Cooling system,Inspect coolant level and radiator,temperature signal is elevated (SHAP=-6.556),31,Low,2026-06-28 20:56:28
89.70862317186331,22.4435215997632,2805.3524275836908,0.1322472466741812,12.482057874923612,40.74221649149542,37.961970020330114,4.0,84.7740863990528,95.134887340599,87.88232668151666,16.85328,83.7563734770298,Good,1,0,Vehicle_0461,0.0002,0.0%,LOW,124,2480,temperature,-3.7995,Cooling system,Inspect coolant level and radiator,temperature signal is elevated (SHAP=-3.800),31,Low,2026-06-28 20:56:28
72.49946791075891,22.120993690800372,2457.3001244571915,0.0009700558954347,11.746740825672552,43.46292006802033,33.22864120122362,9.0,68.4839747632015,67.0,68.03878233424105,9.128296,56.22326940054462,Warning,2,0,Vehicle_0462,0.0004,0.0%,LOW,124,2480,temperature,-6.0651,Cooling system,Inspect coolant level and radiator,temperature signal is elevated (SHAP=-6.065),31,Low,2026-06-28 20:56:28
61.156487600365466,29.072335448280548,3369.0607334984256,0.0831398498987873,12.481280135240258,23.541261141936385,25.45115388692513,6.0,85.0,95.10280557866064,88.03084167359819,20.138336,79.83906611989104,Good,1,0,Vehicle_0463,0.0002,0.0%,LOW,124,2480,temperature,-3.8302,Cooling system,Inspect coolant level and radiator,temperature signal is elevated (SHAP=-3.830),31,Low,2026-06-28 20:56:28
53.90524846013062,22.86671907841437,2006.416396996178,0.0009646876581986,13.217582788485045,83.2242768714462,33.544634076373285,7.0,71.46687631365748,94.6799431621138,78.43079636819436,20.138336,71.99446645333937,Good,1,0,Vehicle_0464,0.0004,0.0%,LOW,124,2480,temperature,-5.7964,Cooling system,Inspect coolant level and radiator,temperature signal is elevated (SHAP=-5.796),31,Low,2026-06-28 20:56:28
68.23923830515588,25.783470241072777,3288.9392383125696,0.0432057375162067,11.885043674753762,39.17652772958303,43.42050668894847,2.0,100.0,70.50805158359265,91.1524154750778,19.657219,84.79305960176521,Excellent,0,0,Vehicle_0465,0.0002,0.0%,LOW,124,2480,temperature,-3.7995,Cooling system,Inspect coolant level and radiator,temperature signal is elevated (SHAP=-3.800),31,Low,2026-06-28 20:56:28
78.11987072591,25.3554846901077,2930.798282912866,0.4330816184133003,12.41188986473161,69.34880920275813,29.91864888100573,9.0,71.12789210577998,92.24045692017889,77.46166155009965,20.389969,66.92508831409558,Good,1,0,Vehicle_0466,0.0004,0.0%,LOW,124,2480,temperature,-5.9717,Cooling system,Inspect coolant level and radiator,temperature signal is elevated (SHAP=-5.972),31,Low,2026-06-28 20:56:28
80.60212620026857,27.35695283491204,2490.3760640808428,0.1011446018258017,12.309465826787148,55.53101714885067,39.39741395603178,2.0,100.0,88.01546535496979,96.40463960649092,17.713797,91.44587683488852,Excellent,0,0,Vehicle_0467,0.0002,0.0%,LOW,124,2480,temperature,-3.7966,Cooling system,Inspect coolant level and radiator,temperature signal is elevated (SHAP=-3.797),31,Low,2026-06-28 20:56:28
114.05846743644275,37.93502598913874,2248.050687394284,0.3313286529353768,12.438353183710026,56.07463661678814,24.172641179759964,1.0,67.91142313764155,93.3320688280386,75.53761684476066,20.407671,81.98898387246412,Good,1,0,Vehicle_0468,0.0017,0.2%,LOW,124,2480,fault_count,-6.1381,ECU fault logs,Review and clear fault codes,fault_count signal is elevated (SHAP=-6.138),31,Low,2026-06-28 20:56:28
101.58990054860948,33.9716855365831,4441.334206985095,0.3628182592552706,12.477700861261509,47.65104249455327,42.80058336130358,0.0,66.98543190994673,94.95516052703724,75.37635049507388,99.75105,84.21684240245177,Good,1,0,Vehicle_0469,0.0002,0.0%,LOW,124,2480,temperature,-3.7579,Cooling system,Inspect coolant level and radiator,temperature signal is elevated (SHAP=-3.758),31,Low,2026-06-28 20:56:28
70.56863325487559,30.096776491656023,1846.3930794063365,0.0058440761725295,12.855988794425173,34.24402222746653,38.12941336489962,6.0,85.0,100.0,89.5,19.392086,81.69999999999999,Good,1,0,Vehicle_0470,0.0003,0.0%,LOW,124,2480,temperature,-3.8586,Cooling system,Inspect coolant level and radiator,temperature signal is elevated (SHAP=-3.859),31,Low,2026-06-28 20:56:28
90.21562678676436,27.23384231651497,2738.346541574732,0.6903500043617343,12.433913314560323,30.6292919901605,22.97889241163499,6.0,64.56874642647128,93.1489242256134,73.14279976621391,23.994816,70.51546470485103,Warning,2,0,Vehicle_0471,0.0002,0.0%,LOW,124,2480,temperature,-3.7252,Cooling system,Inspect coolant level and radiator,temperature signal is elevated (SHAP=-3.725),31,Low,2026-06-28 20:56:28
78.89382645474512,27.400604060261877,1899.824743806294,0.1220404390614049,12.91090382288482,84.56930777609874,32.75985476478388,1.0,100.0,92.46064216943708,97.73819265083112,19.047188,95.13504402438608,Excellent,0,0,Vehicle_0472,0.0003,0.0%,LOW,124,2480,temperature,-3.8226,Cooling system,Inspect coolant level and radiator,temperature signal is elevated (SHAP=-3.823),31,Low,2026-06-28 20:56:28
80.73454242939857,31.966478819711696,3928.496598897045,0.3918694642767987,12.352937736485408,52.27922157674492,44.3144090931837,8.0,73.87536904821341,89.80868163002303,78.65536282275629,21.010471,69.15495401965838,Good,1,0,Vehicle_0473,0.0004,0.0%,LOW,124,2480,temperature,-5.9533,Cooling system,Inspect coolant level and radiator,temperature signal is elevated (SHAP=-5.953),31,Low,2026-06-28 20:56:28
87.77988474123073,33.50501444011374,3209.4610630393627,0.1208702729542097,12.259945290410148,72.50535492375302,22.40967459346776,2.0,100.0,85.97274322941858,95.79182296882556,19.30874,90.66964242717906,Excellent,0,0,Vehicle_0474,0.0002,0.0%,LOW,124,2480,temperature,-3.8189,Cooling system,Inspect coolant level and radiator,temperature signal is elevated (SHAP=-3.819),31,Low,2026-06-28 20:56:28
94.2875667546309,24.5542949633964,1957.3200969270847,0.1065732876652972,12.132326806784558,77.69813875290502,24.290497613750656,6.0,74.64204634432379,80.70848077986301,76.46197667498555,19.30874,70.01888216096393,Good,1,0,Vehicle_0475,0.0002,0.0%,LOW,124,2480,temperature,-3.7887,Cooling system,Inspect coolant level and radiator,temperature signal is elevated (SHAP=-3.789),31,Low,2026-06-28 20:56:28
79.91112274173977,30.21888453368539,2910.075994744983,0.3576062038336861,11.67316518835194,41.78306139801572,34.30503045213507,5.0,86.15958641108759,67.0,80.41171048776131,24.714924,71.64702629265679,Good,1,0,Vehicle_0476,0.0002,0.0%,LOW,124,2480,temperature,-3.7621,Cooling system,Inspect coolant level and radiator,temperature signal is elevated (SHAP=-3.762),31,Low,2026-06-28 20:56:28
100.95777299101536,17.81028258802184,2706.156577021244,0.6587335805156651,12.510312564770336,58.470115318556886,56.33330730432194,5.0,30.0,62.30039329677638,39.69011798903291,2.060163,46.27414945277502,Critical,3,0,Vehicle_0477,0.0006,0.1%,LOW,124,2480,temperature,-4.1568,Cooling system,Inspect coolant level and radiator,temperature signal is elevated (SHAP=-4.157),31,Low,2026-06-28 20:56:28
67.87092660786394,31.270282705023583,2086.700190420209,0.2008605700571492,13.221600115388735,50.90021550982696,28.274219159605018,7.0,80.0,100.0,86.0,20.138336,77.6,Good,1,0,Vehicle_0478,0.0004,0.0%,LOW,124,2480,temperature,-5.8379,Cooling system,Inspect coolant level and radiator,temperature signal is elevated (SHAP=-5.838),31,Low,2026-06-28 20:56:28
85.09508593543403,34.57289545175212,3106.5313737825386,0.0058795129827562,12.583294190914344,26.855723939662223,39.95273999585496,9.0,80.0,99.31088537521671,85.79326561256501,16.54427,73.33813644258235,Good,1,0,Vehicle_0479,0.0005,0.1%,LOW,124,2480,temperature,-5.9391,Cooling system,Inspect coolant level and radiator,temperature signal is elevated (SHAP=-5.939),31,Low,2026-06-28 20:56:28
123.67837025846389,28.319588238714747,2811.4443128835283,0.1701319573029041,12.674698941664673,46.29040048191488,37.60135407601352,7.0,50.0,100.0,65.0,1.9160271,65.0,Warning,2,1,Vehicle_0480,0.9992,99.9%,CRITICAL,5,100,temperature,4.5966,Cooling system,Inspect coolant level and radiator,temperature signal is rapidly deteriorating (SHAP=4.597),1,Immediate,2026-06-28 20:56:28
88.34619613937913,40.89916197684063,2672.558971108762,0.0841415684110987,12.23478746999422,61.75013180478455,29.10480099734456,9.0,80.0,84.93498313726151,81.48049494117845,19.30874,67.87529359215937,Good,1,0,Vehicle_0481,0.0004,0.0%,LOW,124,2480,temperature,-6.0257,Cooling system,Inspect coolant level and radiator,temperature signal is elevated (SHAP=-6.026),31,Low,2026-06-28 20:56:28
106.49821759909258,24.712569315383696,2466.464231006137,0.1926175079258903,12.302266643490531,40.019414899782845,36.61133351784875,8.0,58.85027726153479,87.71849904398442,67.51074379626968,2.2400975,62.05014608655869,Warning,2,1,Vehicle_0482,0.9993,99.9%,CRITICAL,5,100,temperature,4.6483,Cooling system,Inspect coolant level and radiator,temperature signal is rapidly deteriorating (SHAP=4.648),1,Immediate,2026-06-28 20:56:28
86.37280267259813,31.304642491819568,2844.843594079721,0.1306222368251866,12.793856595333306,43.50313609256278,30.52165337905045,3.0,100.0,100.0,100.0,19.392086,94.0,Excellent,0,0,Vehicle_0483,0.0003,0.0%,LOW,124,2480,temperature,-3.8394,Cooling system,Inspect coolant level and radiator,temperature signal is elevated (SHAP=-3.839),31,Low,2026-06-28 20:56:28
93.71165642994696,29.785051520004263,2683.510129193968,0.0656112529184527,13.203477456115928,46.5326628922871,31.421952098834883,5.0,82.57668714010609,100.0,87.80368099807426,17.233616,82.68220859884455,Good,1,0,Vehicle_0484,0.0003,0.0%,LOW,124,2480,temperature,-3.8586,Cooling system,Inspect coolant level and radiator,temperature signal is elevated (SHAP=-3.859),31,Low,2026-06-28 20:56:28
84.14825208410963,29.39821399533955,2547.274666420014,0.0117677976073187,12.995179174318729,92.23058662620208,18.387280972268663,1.0,100.0,79.81953206676658,93.94585962002998,20.411087,90.33142218537132,Excellent,0,0,Vehicle_0485,0.0002,0.0%,LOW,124,2480,temperature,-3.8479,Cooling system,Inspect coolant level and radiator,temperature signal is elevated (SHAP=-3.848),31,Low,2026-06-28 20:56:28
82.44388628253694,29.314066991971515,1987.1872672099491,0.0044940633656486,12.72209785189121,13.31902125791121,34.755637651336784,9.0,80.0,100.0,86.0,19.392086,73.6,Good,1,0,Vehicle_0486,0.0005,0.1%,LOW,124,2480,temperature,-5.9391,Cooling system,Inspect coolant level and radiator,temperature signal is elevated (SHAP=-5.939),31,Low,2026-06-28 20:56:28
73.3077640491187,30.64263018005683,3855.012992609994,0.3019854840406865,12.414060231756205,60.03286598054518,43.990935066225504,9.0,79.86763439728756,92.32998455994344,83.60633944608432,19.203627,70.62980057963928,Good,1,0,Vehicle_0487,0.0004,0.0%,LOW,124,2480,temperature,-5.913,Cooling system,Inspect coolant level and radiator,temperature signal is elevated (SHAP=-5.913),31,Low,2026-06-28 20:56:28
91.45452038436328,35.0877524607822,1659.6640453211623,0.1113927623620337,12.48388756570693,44.9332184549567,35.57425774779686,8.0,77.09095923127342,95.21036208541084,82.52678008751464,16.85328,72.55814046959095,Good,1,0,Vehicle_0488,0.0004,0.0%,LOW,124,2480,temperature,-5.9214,Cooling system,Inspect coolant level and radiator,temperature signal is elevated (SHAP=-5.921),31,Low,2026-06-28 20:56:28
72.22694216221348,38.26641741764847,2842.108975103796,0.665317871037953,12.0985970722287,37.18690182995133,45.905077608224296,7.0,60.0,76.23986536147123,64.87195960844137,2.5919378,60.17114883735907,Warning,2,0,Vehicle_0489,0.0011,0.1%,LOW,124,2480,temperature,-6.2987,Cooling system,Inspect coolant level and radiator,temperature signal is elevated (SHAP=-6.299),31,Low,2026-06-28 20:56:28
94.98377854470144,29.98649853297505,2243.8074061588536,0.7408057715024521,11.820732991478938,44.44248585687469,40.80327445945017,8.0,50.032442910597126,67.85523589850615,55.37928080696983,1.7541707,50.798615663883126,Critical,3,0,Vehicle_0490,0.0028,0.3%,LOW,124,2480,temperature,-6.4497,Cooling system,Inspect coolant level and radiator,temperature signal is elevated (SHAP=-6.450),31,Low,2026-06-28 20:56:28
101.27930506668864,34.8918964330298,3907.63781555944,0.3262589794569216,11.949280656896024,63.34752487666846,34.404586936697804,7.0,58.24940136953856,73.15782709696096,62.72192908776528,1.5285432,58.26472287205135,Warning,2,0,Vehicle_0491,0.0079,0.8%,LOW,124,2480,temperature,-6.4214,Cooling system,Inspect coolant level and radiator,temperature signal is elevated (SHAP=-6.421),31,Low,2026-06-28 20:56:28
90.49797110855845,25.789398322399304,1777.2139702209274,0.216002659071326,12.419920013808776,64.49047188041122,28.720744469931816,2.0,99.00405778288312,92.571700569612,97.07435061890178,19.352795,92.75895048526344,Excellent,0,0,Vehicle_0492,0.0002,0.0%,LOW,124,2480,temperature,-3.7859,Cooling system,Inspect coolant level and radiator,temperature signal is elevated (SHAP=-3.786),31,Low,2026-06-28 20:56:28
80.70626899666462,34.5957327163574,1911.7893905917344,0.0775244224381752,12.283203095429329,53.72034244869506,30.13736284638596,2.0,100.0,86.93212768645981,96.07963830593796,16.39558,91.03420852085472,Excellent,0,0,Vehicle_0493,0.0002,0.0%,LOW,124,2480,temperature,-3.8213,Cooling system,Inspect coolant level and radiator,temperature signal is elevated (SHAP=-3.821),31,Low,2026-06-28 20:56:28
91.80948368963044,25.42805085703806,1724.1455493905396,0.144752906468943,11.812223318112126,71.85482632913255,20.294895260628785,5.0,86.38103262073912,67.50421187212518,80.71798639615493,19.30874,71.931634212118,Good,1,0,Vehicle_0494,0.0002,0.0%,LOW,124,2480,temperature,-3.7835,Cooling system,Inspect coolant level and radiator,temperature signal is elevated (SHAP=-3.784),31,Low,2026-06-28 20:56:28
80.3699041668038,36.5439596165288,2758.7720407604884,0.2026320980238306,12.385070648380106,75.37665990201153,32.32921109901674,4.0,95.0,91.13416424567936,93.84024927370382,19.701874,86.53098241335817,Excellent,0,0,Vehicle_0495,0.0002,0.0%,LOW,124,2480,temperature,-3.8183,Cooling system,Inspect coolant level and radiator,temperature signal is elevated (SHAP=-3.818),31,Low,2026-06-28 20:56:28
99.03320688197724,43.26384526435944,1401.5594723450863,0.5367464964578937,12.272627870213622,66.32751883901228,36.459987585641535,7.0,46.150486472185946,86.4958996463119,58.25411042442373,2.295369,58.25164618391661,Critical,3,0,Vehicle_0496,0.0035,0.4%,LOW,124,2480,temperature,-6.323,Cooling system,Inspect coolant level and radiator,temperature signal is elevated (SHAP=-6.323),31,Low,2026-06-28 20:56:28
57.52890873677315,29.26749667217165,2117.177204193787,0.2530570922072886,11.930860457886368,39.07615097705562,52.154210977992335,7.0,80.0,48.07367656263871,70.42210296879162,9.494913,57.86799709380272,Warning,2,0,Vehicle_0497,0.0003,0.0%,LOW,124,2480,temperature,-5.9437,Cooling system,Inspect coolant level and radiator,temperature signal is elevated (SHAP=-5.944),31,Low,2026-06-28 20:56:28
79.9658894782203,16.84473905515555,778.1073417165721,0.0717689163498715,12.251928395751971,59.88883098425753,40.283203232788765,9.0,60.0,85.64204632476887,67.69261389743066,1.5469193,59.74397760341217,Warning,2,0,Vehicle_0498,0.0057,0.6%,LOW,124,2480,temperature,-6.5152,Cooling system,Inspect coolant level and radiator,temperature signal is elevated (SHAP=-6.515),31,Low,2026-06-28 20:56:28
55.137820073140034,26.71156240053106,2692.3370833024724,0.1247243385402425,12.271618799713462,59.98401318277139,26.35146019862023,7.0,80.0,86.4542754881803,81.93628264645409,20.411087,72.45262468550851,Good,1,0,Vehicle_0499,0.0003,0.0%,LOW,124,2480,temperature,-5.7764,Cooling system,Inspect coolant level and radiator,temperature signal is elevated (SHAP=-5.776),31,Low,2026-06-28 20:56:28
62.574087546591926,37.39125080573582,2099.82811299499,0.7408057715024521,12.153345144030212,33.687371327068966,20.60631724481194,0.0,80.0,81.5754871912463,80.47264615737389,99.7439,84.5986851326736,Good,1,0,Vehicle_0500,0.0002,0.0%,LOW,124,2480,temperature,-3.7499,Cooling system,Inspect coolant level and radiator,temperature signal is elevated (SHAP=-3.750),31,Low,2026-06-28 20:56:28
105.45793344720865,33.31846072215147,1309.5546048545175,0.0619697018500877,12.770668065910376,18.61122211891484,32.93447912795428,3.0,80.0,100.0,86.0,16.54427,85.6,Good,1,0,Vehicle_0501,0.0026,0.3%,LOW,124,2480,fault_count,-6.1365,ECU fault logs,Review and clear fault codes,fault_count signal is elevated (SHAP=-6.136),31,Low,2026-06-28 20:56:28
98.42777472957528,31.493481592050177,3368.487522379247,0.3442448327204974,11.638839375162677,9.544487572508883,43.11764446827749,3.0,80.19479502614959,67.0,76.2363565183047,18.146824,73.14181391098282,Good,1,0,Vehicle_0502,0.0002,0.0%,LOW,124,2480,temperature,-3.7621,Cooling system,Inspect coolant level and radiator,temperature signal is elevated (SHAP=-3.762),31,Low,2026-06-28 20:56:28
74.20779650072814,36.05201013572904,1453.8664812920483,0.0424247585780953,11.605680403715612,51.39710980224303,32.793836633056124,6.0,85.0,67.0,79.6,15.210032,69.16,Good,1,0,Vehicle_0503,0.0002,0.0%,LOW,124,2480,temperature,-3.9264,Cooling system,Inspect coolant level and radiator,temperature signal is elevated (SHAP=-3.926),31,Low,2026-06-28 20:56:28
62.46244815938655,32.90672063549053,3137.5549520225723,0.0487546006657037,12.401314313779636,55.96079429733837,40.41984175005595,3.0,100.0,91.80421544341,97.541264633023,14.993679,90.8856018684958,Excellent,0,0,Vehicle_0504,0.0002,0.0%,LOW,124,2480,temperature,-3.8213,Cooling system,Inspect coolant level and radiator,temperature signal is elevated (SHAP=-3.821),31,Low,2026-06-28 20:56:28
44.51298544453835,37.30635112470682,1939.1673408097563,0.5691363633224625,12.438450875756924,26.364368446951715,33.18874550747812,9.0,62.057575778502496,93.33609862497306,71.44113263244367,18.549675,63.53189930446081,Warning,2,0,Vehicle_0505,0.0004,0.0%,LOW,124,2480,temperature,-6.0048,Cooling system,Inspect coolant level and radiator,temperature signal is elevated (SHAP=-6.005),31,Low,2026-06-28 20:56:28
76.84756738101048,35.516542059881914,3781.257102316341,0.1518559241578425,12.56168605440759,70.92064665102725,42.170004347156,2.0,100.0,98.41954974431307,99.52586492329392,17.713797,95.39942890283896,Excellent,0,0,Vehicle_0506,0.0003,0.0%,LOW,124,2480,temperature,-3.8238,Cooling system,Inspect coolant level and radiator,temperature signal is elevated (SHAP=-3.824),31,Low,2026-06-28 20:56:28
121.30622518371104,39.13020271642175,3099.640431140917,0.1644387738785996,12.184410596688362,53.044362985928245,19.02741977294339,4.0,65.0,82.85693711339493,70.35708113401847,14.500374,70.78563610309007,Warning,2,0,Vehicle_0507,0.0023,0.2%,LOW,124,2480,fault_count,-6.1502,ECU fault logs,Review and clear fault codes,fault_count signal is elevated (SHAP=-6.150),31,Low,2026-06-28 20:56:28
91.52326407195471,32.15277650343753,1693.5617033007777,0.0993107428246368,12.032830477963069,76.98905229830706,51.041821201461005,8.0,76.95347185609057,56.062065131009085,70.68604983856612,6.8177643,57.624042929341485,Warning,2,0,Vehicle_0508,0.0004,0.0%,LOW,124,2480,temperature,-6.0361,Cooling system,Inspect coolant level and radiator,temperature signal is elevated (SHAP=-6.036),31,Low,2026-06-28 20:56:28
76.60641570925766,35.43155640896373,1766.3339582317549,0.1180144626241894,12.39707354692202,57.41071739967182,23.87516551776289,3.0,100.0,91.62928381053338,97.48878514316002,20.138336,90.81912784800268,Excellent,0,0,Vehicle_0509,0.0002,0.0%,LOW,124,2480,temperature,-3.8166,Cooling system,Inspect coolant level and radiator,temperature signal is elevated (SHAP=-3.817),31,Low,2026-06-28 20:56:28
91.9762031425046,28.15723756148529,2984.420164179448,0.1463515064227598,12.2233687458608,28.673328562416973,42.93732329729777,0.0,96.04759371499082,84.46396076675805,92.572503830521,99.692085,92.4362944516642,Excellent,0,0,Vehicle_0510,0.0002,0.0%,LOW,124,2480,temperature,-3.8172,Cooling system,Inspect coolant level and radiator,temperature signal is elevated (SHAP=-3.817),31,Low,2026-06-28 20:56:28
61.58562470508336,26.391235130645963,2290.0974954318667,0.0632914839853295,13.020428561862278,59.165624265802975,32.27816005331045,3.0,100.0,100.0,100.0,20.138336,94.0,Excellent,0,0,Vehicle_0511,0.0003,0.0%,LOW,124,2480,temperature,-3.8256,Cooling system,Inspect coolant level and radiator,temperature signal is elevated (SHAP=-3.826),31,Low,2026-06-28 20:56:28
80.54014955953546,40.24060584251384,2364.525994382908,0.0539929022134098,12.270309100029923,63.40221389744202,33.84172099633099,3.0,100.0,86.40025037623433,95.9200751128703,19.657219,88.83209514296904,Excellent,0,0,Vehicle_0512,0.0002,0.0%,LOW,124,2480,temperature,-3.8213,Cooling system,Inspect coolant level and radiator,temperature signal is elevated (SHAP=-3.821),31,Low,2026-06-28 20:56:29
86.49216209523608,31.297228057936127,3517.7910894176784,0.3852130652130905,12.378725939313169,39.04752828225988,32.58898094029852,6.0,79.31912898579397,90.8724449966682,82.78512378905623,24.402285,75.84556327276738,Good,1,0,Vehicle_0513,0.0002,0.0%,LOW,124,2480,temperature,-3.7621,Cooling system,Inspect coolant level and radiator,temperature signal is elevated (SHAP=-3.762),31,Low,2026-06-28 20:56:29
83.70849022268428,34.82928339517427,1901.0489013040344,0.0984862123721688,13.390167255839176,21.158140053802494,37.55604585051493,7.0,80.0,100.0,86.0,17.233616,77.6,Good,1,0,Vehicle_0514,0.0004,0.0%,LOW,124,2480,temperature,-5.8379,Cooling system,Inspect coolant level and radiator,temperature signal is elevated (SHAP=-5.838),31,Low,2026-06-28 20:56:29
96.8620918253512,30.742440086468346,2573.0350177403634,0.1558617970656661,12.322095909307723,52.00592128613212,39.57524543280895,5.0,76.27581634929757,88.53645625894366,79.95400832219138,16.85328,75.67969624510357,Good,1,0,Vehicle_0515,0.0002,0.0%,LOW,124,2480,temperature,-3.8296,Cooling system,Inspect coolant level and radiator,temperature signal is elevated (SHAP=-3.830),31,Low,2026-06-28 20:56:29
90.1696783935408,26.48090609448021,3263.702234921845,0.7408057715024521,12.622462746079636,29.983107293676305,45.58361511823068,4.0,74.66064321291842,98.01570859801568,81.66716282844759,21.010471,80.60343941667169,Good,1,0,Vehicle_0516,0.0002,0.0%,LOW,124,2480,temperature,-3.7322,Cooling system,Inspect coolant level and radiator,temperature signal is elevated (SHAP=-3.732),31,Low,2026-06-28 20:56:29
95.02489027161997,30.065897355494407,3147.29399070848,0.0079845495147406,12.658523773354542,72.41775326122263,49.07948882597378,5.0,79.9502194567601,86.12973799168914,81.8040750172388,13.129557,76.3083926086811,Good,1,0,Vehicle_0517,0.0003,0.0%,LOW,124,2480,temperature,-3.828,Cooling system,Inspect coolant level and radiator,temperature signal is elevated (SHAP=-3.828),31,Low,2026-06-28 20:56:29
74.6744157665386,38.615964106606285,2372.309865983462,0.0773706204603827,12.692560657487286,41.85646639146815,38.31821546776703,1.0,100.0,100.0,100.0,14.993679,98.0,Excellent,0,0,Vehicle_0518,0.0003,0.0%,LOW,124,2480,temperature,-3.8394,Cooling system,Inspect coolant level and radiator,temperature signal is elevated (SHAP=-3.839),31,Low,2026-06-28 20:56:29
98.46723112615824,33.33144044567654,2268.875295317873,0.1815833071392915,12.5157949061645,84.49202212986597,52.13674239168304,1.0,83.06553774768355,64.8497792332845,77.60081019336383,13.129557,77.5304419626752,Good,1,0,Vehicle_0519,0.0002,0.0%,LOW,124,2480,temperature,-3.8231,Cooling system,Inspect coolant level and radiator,temperature signal is elevated (SHAP=-3.823),31,Low,2026-06-28 20:56:29
109.43405421435988,19.731161041617245,1108.9476299832547,0.5118734890537425,12.477536317764203,7.516826649623283,35.92972542822478,6.0,30.8751007297505,94.94837310777346,50.09708244315739,1.4937878,57.04792408744913,Critical,3,0,Vehicle_0520,0.0324,3.2%,LOW,120,2400,fault_count,-7.2617,ECU fault logs,Review and clear fault codes,fault_count signal is elevated (SHAP=-7.262),30,Low,2026-06-28 20:56:29
70.44775720522881,28.70853326054307,1655.0040058678433,0.3897670727526885,12.440133715934849,52.69591208290296,45.77440362252924,8.0,74.0155284831541,90.772543465713,79.04263297792177,24.402285,69.58008847989566,Good,1,0,Vehicle_0521,0.0004,0.0%,LOW,124,2480,temperature,-5.834,Cooling system,Inspect coolant level and radiator,temperature signal is elevated (SHAP=-5.834),31,Low,2026-06-28 20:56:29
71.68456516428161,40.693762756228274,2754.687381259787,0.5369604158557585,12.169602439106493,78.5878528020264,39.28719672906147,5.0,74.20263894294943,82.24610061314274,76.61567744400742,24.714924,72.418626589033,Good,1,0,Vehicle_0522,0.0002,0.0%,LOW,124,2480,temperature,-3.7568,Cooling system,Inspect coolant level and radiator,temperature signal is elevated (SHAP=-3.757),31,Low,2026-06-28 20:56:29
105.03676504480347,28.717218828900265,2389.694248846211,0.0809494001071182,12.530207521135708,32.19391368225406,29.507953685746344,0.0,80.0,97.12106024684796,85.13631807405439,99.68686,90.50600289380222,Good,1,0,Vehicle_0523,0.0009,0.1%,LOW,124,2480,fault_count,-5.0737,ECU fault logs,Review and clear fault codes,fault_count signal is elevated (SHAP=-5.074),31,Low,2026-06-28 20:56:29
82.12984019957409,19.19712784959492,2559.941662852981,0.1960599525864822,13.211458334969835,46.81598128745929,36.81234154379844,9.0,60.0,100.0,72.0,3.4210622,65.19999999999999,Warning,2,0,Vehicle_0524,0.0017,0.2%,LOW,124,2480,temperature,-6.3064,Cooling system,Inspect coolant level and radiator,temperature signal is elevated (SHAP=-6.306),31,Low,2026-06-28 20:56:29
106.05732088099836,41.35829331253526,3331.4028877072483,0.648869861124955,12.884272763585424,41.93928571271912,40.03171877509125,3.0,60.0,100.0,72.0,6.278801,77.19999999999999,Warning,2,0,Vehicle_0525,0.0024,0.2%,LOW,124,2480,fault_count,-6.2026,ECU fault logs,Review and clear fault codes,fault_count signal is elevated (SHAP=-6.203),31,Low,2026-06-28 20:56:29
78.36196432161724,34.09435505887676,1550.1415127501805,0.45432857167623,12.521567208889856,36.32464715695434,34.678018685973925,7.0,69.711428554918,96.76464736670655,77.82739419845456,23.994816,72.04936599241404,Good,1,0,Vehicle_0526,0.0003,0.0%,LOW,124,2480,temperature,-5.7397,Cooling system,Inspect coolant level and radiator,temperature signal is elevated (SHAP=-5.740),31,Low,2026-06-28 20:56:29
106.82568364406066,29.5799228471232,2311.05575821388,0.17302761607243,12.742331919242396,54.89245282228563,39.12856517997557,8.0,60.0,100.0,72.0,2.8351605,67.19999999999999,Warning,2,1,Vehicle_0527,0.9995,100.0%,CRITICAL,5,100,temperature,4.8395,Cooling system,Inspect coolant level and radiator,temperature signal is rapidly deteriorating (SHAP=4.840),1,Immediate,2026-06-28 20:56:29
86.97228725208178,27.77149358350759,2650.968770728974,0.0225807853945643,12.05232963650774,24.091567980017924,43.65362959326895,9.0,80.0,77.40859750594423,79.22257925178327,12.050134,65.01526705225882,Good,1,0,Vehicle_0528,0.0004,0.0%,LOW,124,2480,temperature,-6.0775,Cooling system,Inspect coolant level and radiator,temperature signal is elevated (SHAP=-6.077),31,Low,2026-06-28 20:56:29
88.87343234984043,36.49411157875041,1936.6720499403875,0.218235514001736,12.295795138320113,47.78062437339549,34.76626858004107,1.0,100.0,87.45154945570465,96.2354648367114,17.783546,93.23158879316776,Excellent,0,0,Vehicle_0529,0.0002,0.0%,LOW,124,2480,temperature,-3.8296,Cooling system,Inspect coolant level and radiator,temperature signal is elevated (SHAP=-3.830),31,Low,2026-06-28 20:56:29
108.47077032504856,26.748099598642845,3645.1816911419337,0.0045243488061284,12.779139937673625,60.31988475369147,10.0,1.0,80.0,100.0,86.0,19.392086,89.6,Good,1,0,Vehicle_0530,0.0033,0.3%,LOW,124,2480,fault_count,-6.1311,ECU fault logs,Review and clear fault codes,fault_count signal is elevated (SHAP=-6.131),31,Low,2026-06-28 20:56:29
79.57344283833743,36.88953854709593,3226.869441290518,0.4162982755122315,12.994866877383275,45.69812577226714,51.782701514933706,6.0,77.2467816325179,76.9388148492254,77.15439159753014,21.666563,69.68039792836316,Good,1,0,Vehicle_0531,0.0002,0.0%,LOW,124,2480,temperature,-3.7911,Cooling system,Inspect coolant level and radiator,temperature signal is elevated (SHAP=-3.791),31,Low,2026-06-28 20:56:29
70.88316856112563,33.253171714345534,2732.1066616710045,0.6722513961265775,12.09165353116185,29.99591600028449,32.024085697796714,7.0,60.0,79.03070816042629,65.70921244812789,5.413449,61.23166910096199,Warning,2,0,Vehicle_0532,0.0003,0.0%,LOW,124,2480,temperature,-5.855,Cooling system,Inspect coolant level and radiator,temperature signal is elevated (SHAP=-5.855),31,Low,2026-06-28 20:56:29
78.27153687957468,31.4680915529241,3935.385423462869,0.3418898504761313,12.206564676230736,70.60370797203004,26.76719779167702,8.0,77.20734330159125,83.77079289451791,79.17637817946925,25.180113,68.25998548658514,Good,1,0,Vehicle_0533,0.0004,0.0%,LOW,124,2480,temperature,-5.956,Cooling system,Inspect coolant level and radiator,temperature signal is elevated (SHAP=-5.956),31,Low,2026-06-28 20:56:29
91.78500925964708,30.87308883201357,1300.8837763118863,0.0790727042905288,13.272550317551415,64.605139232337,23.758897043471823,5.0,86.42998148070583,100.0,90.50098703649408,19.047188,84.30059222189644,Excellent,0,0,Vehicle_0534,0.0003,0.0%,LOW,124,2480,temperature,-3.8403,Cooling system,Inspect coolant level and radiator,temperature signal is elevated (SHAP=-3.840),31,Low,2026-06-28 20:56:29
61.51361391729229,28.95019177971493,2493.8189751154546,0.1647085994551512,12.438504499907587,29.176256573925173,31.635540976663552,1.0,100.0,93.33831062118806,98.0014931863564,20.138336,95.46855803605146,Excellent,0,0,Vehicle_0535,0.0002,0.0%,LOW,124,2480,temperature,-3.8172,Cooling system,Inspect coolant level and radiator,temperature signal is elevated (SHAP=-3.817),31,Low,2026-06-28 20:56:29
94.56206353976684,36.2738407212556,2793.069575147249,0.181112085030562,13.129344789080152,24.11784869954917,29.37252168683018,7.0,70.87587292046635,100.0,79.61311104432644,17.713797,73.76786662659586,Good,1,0,Vehicle_0536,0.0005,0.1%,LOW,124,2480,temperature,-5.8379,Cooling system,Inspect coolant level and radiator,temperature signal is elevated (SHAP=-5.838),31,Low,2026-06-28 20:56:29
76.91843023573385,24.807943007389,1768.3559625648622,0.1074182983145035,12.482742926910316,30.961511680123515,27.62990536115309,6.0,84.23177202955598,95.1631457350506,87.51118414120437,20.138336,79.53933963173274,Good,1,0,Vehicle_0537,0.0002,0.0%,LOW,124,2480,temperature,-3.7943,Cooling system,Inspect coolant level and radiator,temperature signal is elevated (SHAP=-3.794),31,Low,2026-06-28 20:56:29
102.21718991100346,20.268449239018743,2740.5716334541826,0.5136950953543995,12.498472112930177,60.90546330974431,28.178737301554268,4.0,41.82745726578168,95.81197465836972,58.02281248355809,3.6646366,65.9760824218088,Critical,3,0,Vehicle_0538,0.0003,0.0%,LOW,124,2480,temperature,-4.0574,Cooling system,Inspect coolant level and radiator,temperature signal is elevated (SHAP=-4.057),31,Low,2026-06-28 20:56:29
49.086095426492925,33.68664073735485,1614.7340049696977,0.1068397179720243,12.27780364493604,55.51145797925091,40.29742824059822,6.0,85.0,86.70940035361168,85.5128201060835,21.43972,76.64957213437243,Good,1,0,Vehicle_0539,0.0002,0.0%,LOW,124,2480,temperature,-3.8134,Cooling system,Inspect coolant level and radiator,temperature signal is elevated (SHAP=-3.813),31,Low,2026-06-28 20:56:29
73.20151337343746,33.78742996840289,3052.445854619403,0.4838244237197251,12.777022056604093,65.80165424891428,55.303634410031016,2.0,87.745038418685,66.0,81.2215268930795,21.666563,77.9329161358477,Good,1,0,Vehicle_0540,0.0002,0.0%,LOW,124,2480,temperature,-3.7567,Cooling system,Inspect coolant level and radiator,temperature signal is elevated (SHAP=-3.757),31,Low,2026-06-28 20:56:29
59.70297773148848,32.8814469150706,3346.267814503125,0.1982837689165545,12.9431110201216,43.4769956389877,43.20571598014901,8.0,80.0,100.0,86.0,19.392086,75.6,Good,1,0,Vehicle_0541,0.0006,0.1%,LOW,124,2480,temperature,-5.9584,Cooling system,Inspect coolant level and radiator,temperature signal is elevated (SHAP=-5.958),31,Low,2026-06-28 20:56:29
72.60655800454072,32.446370217708235,2717.8667209026626,0.033646991528893,11.985999107943654,31.505315249997857,46.2259818475457,0.0,100.0,70.50412492102029,91.15123747630608,99.677315,88.79156746998771,Excellent,0,0,Vehicle_0542,0.0002,0.0%,LOW,124,2480,temperature,-3.8296,Cooling system,Inspect coolant level and radiator,temperature signal is elevated (SHAP=-3.830),31,Low,2026-06-28 20:56:29
88.71498851663415,28.076757729974712,1017.7617479480434,0.5427594839026145,12.259019779111826,68.37692976828998,31.22589968553261,8.0,63.81603440649236,85.93456588836283,70.4515938510535,17.513138,63.45786948830467,Warning,2,0,Vehicle_0543,0.0004,0.0%,LOW,124,2480,temperature,-5.9622,Cooling system,Inspect coolant level and radiator,temperature signal is elevated (SHAP=-5.962),31,Low,2026-06-28 20:56:29
82.31160061825368,34.72489622631315,1726.5651830671725,0.1725384206595879,12.766031409749688,38.93102973097672,36.04665365550578,8.0,80.0,100.0,86.0,19.392086,75.6,Good,1,0,Vehicle_0544,0.0006,0.1%,LOW,124,2480,temperature,-5.9338,Cooling system,Inspect coolant level and radiator,temperature signal is elevated (SHAP=-5.934),31,Low,2026-06-28 20:56:29
81.19933646577978,29.726651239472755,2951.768002570529,0.0258092189066641,12.348180544886269,53.73096111707957,39.26482404230287,6.0,85.0,89.61244747655859,86.38373424296756,17.713797,77.75273004109225,Good,1,0,Vehicle_0545,0.0002,0.0%,LOW,124,2480,temperature,-3.8213,Cooling system,Inspect coolant level and radiator,temperature signal is elevated (SHAP=-3.821),31,Low,2026-06-28 20:56:29
82.61222692929908,27.07731863510893,2516.9589148098926,0.5427502143276757,12.202645812586717,19.00150321769252,28.4044210635723,8.0,63.81665237815496,83.60913976920205,69.75439859546907,17.194534,62.57446711112185,Warning,2,0,Vehicle_0546,0.0004,0.0%,LOW,124,2480,temperature,-5.98,Cooling system,Inspect coolant level and radiator,temperature signal is elevated (SHAP=-5.980),31,Low,2026-06-28 20:56:29
88.05082360929916,28.1286521264676,500.0,0.3738734326897312,12.80381686154776,38.60379151354401,30.742699294508828,9.0,75.07510448735125,100.0,82.55257314114587,24.402285,71.53154388468752,Good,1,0,Vehicle_0547,0.0005,0.1%,LOW,124,2480,temperature,-5.8434,Cooling system,Inspect coolant level and radiator,temperature signal is elevated (SHAP=-5.843),31,Low,2026-06-28 20:56:29
69.87195937085339,42.12383819265499,3494.2643070945924,0.0806863742853052,12.841381281885004,70.18792641883027,43.545519583330766,1.0,100.0,100.0,100.0,19.392086,98.0,Excellent,0,0,Vehicle_0548,0.0003,0.0%,LOW,124,2480,temperature,-3.8503,Cooling system,Inspect coolant level and radiator,temperature signal is elevated (SHAP=-3.850),31,Low,2026-06-28 20:56:29
95.60274461348575,19.590143507727404,2609.325205003066,0.13655605977477,12.220143163731144,35.67450866660285,45.902927551001085,5.0,58.79451077302849,81.26095183050602,65.53444309027174,2.5664806,65.57285622026424,Warning,2,0,Vehicle_0549,0.0006,0.1%,LOW,124,2480,temperature,-4.328,Cooling system,Inspect coolant level and radiator,temperature signal is elevated (SHAP=-4.328),31,Low,2026-06-28 20:56:29
94.93998955578226,32.998728625774795,1844.740268799964,0.6252472336074522,12.48494661119518,66.29007642903,35.67410269515258,6.0,55.12002088843548,95.25404771180114,67.16022893544516,5.4963293,67.34694690362733,Warning,2,0,Vehicle_0550,0.0002,0.0%,LOW,124,2480,temperature,-3.8328,Cooling system,Inspect coolant level and radiator,temperature signal is elevated (SHAP=-3.833),31,Low,2026-06-28 20:56:29
90.77556906484152,19.9253374342577,3295.9644780533317,0.1043265135057387,11.916610081638307,3.3796060762361293,23.04842819221274,9.0,58.44886187031696,71.81016586758015,62.45725306949591,1.8940032,53.83638501521358,Warning,2,0,Vehicle_0551,0.0094,0.9%,LOW,123,2460,temperature,-6.5597,Cooling system,Inspect coolant level and radiator,temperature signal is elevated (SHAP=-6.560),30,Low,2026-06-28 20:56:29
93.34800164126897,29.35059997006216,1957.967989674481,0.2129544998901648,12.04180763580852,38.81216680713628,32.04408016782342,7.0,73.3039967174621,76.97456497710147,74.4051671953539,14.297014,66.03801331263263,Warning,2,0,Vehicle_0552,0.0004,0.0%,LOW,124,2480,temperature,-5.9818,Cooling system,Inspect coolant level and radiator,temperature signal is elevated (SHAP=-5.982),31,Low,2026-06-28 20:56:29
89.44627001212989,27.398235089074877,1949.238305916628,0.3987666046299071,12.449666092853352,46.57290708243735,20.586688654941284,5.0,83.41555969133952,93.7987263302008,86.5305096829979,24.402285,80.6780510758389,Good,1,0,Vehicle_0553,0.0002,0.0%,LOW,124,2480,temperature,-3.74,Cooling system,Inspect coolant level and radiator,temperature signal is elevated (SHAP=-3.740),31,Low,2026-06-28 20:56:29
115.52609954096602,17.489830219920734,2786.6821208112287,0.1121169803312023,12.412562715031935,84.85080606684812,35.75202409834727,5.0,40.0,84.26438198476801,53.27931459543041,1.2731314,58.820465154211846,Critical,3,0,Vehicle_0554,0.0455,4.5%,LOW,119,2380,fault_count,-7.2146,ECU fault logs,Review and clear fault codes,fault_count signal is elevated (SHAP=-7.215),29,Low,2026-06-28 20:56:29
83.69358743421235,32.33422554260258,3924.830767393836,0.4934309166967608,12.013249563307747,26.618742399710964,37.554031112714185,1.0,87.10460555354928,75.79654448644456,83.71218723341785,22.126616,83.38662123733963,Good,1,0,Vehicle_0555,0.0002,0.0%,LOW,124,2480,temperature,-3.7579,Cooling system,Inspect coolant level and radiator,temperature signal is elevated (SHAP=-3.758),31,Low,2026-06-28 20:56:29
80.39375172498134,27.719771626846825,3798.8697423783087,0.300704302407747,12.11361043010977,63.419865908941794,32.29289578962224,3.0,99.9530465061502,79.93643024202798,93.94806162691351,21.26825,86.35612302455371,Excellent,0,0,Vehicle_0556,0.0002,0.0%,LOW,124,2480,temperature,-3.7885,Cooling system,Inspect coolant level and radiator,temperature signal is elevated (SHAP=-3.788),31,Low,2026-06-28 20:56:29
73.69708629463933,17.404761944632536,2787.769199123285,0.2007692843399651,11.973982252017777,71.13863562497588,37.41711222383205,4.0,75.0,74.17676789573326,74.75303036871998,19.657219,71.68717180037865,Warning,2,0,Vehicle_0557,0.0002,0.0%,LOW,124,2480,temperature,-3.7882,Cooling system,Inspect coolant level and radiator,temperature signal is elevated (SHAP=-3.788),31,Low,2026-06-28 20:56:29
69.51605994133244,35.037408544645515,2869.908527080256,0.1726114892470889,12.582023942765284,35.57020705511451,39.16901239083839,8.0,80.0,99.25848763906798,85.7775462917204,19.392086,75.31822530284583,Good,1,0,Vehicle_0558,0.0005,0.1%,LOW,124,2480,temperature,-5.9391,Cooling system,Inspect coolant level and radiator,temperature signal is elevated (SHAP=-5.939),31,Low,2026-06-28 20:56:29
66.33292318598387,38.61003706793361,3133.19914566786,0.4659082784361616,11.61294432132324,42.529521024546206,37.56862042907124,8.0,68.93944810425589,67.0,68.35761367297911,11.877453,58.41456820378747,Warning,2,0,Vehicle_0559,0.0004,0.0%,LOW,124,2480,temperature,-6.0112,Cooling system,Inspect coolant level and radiator,temperature signal is elevated (SHAP=-6.011),31,Low,2026-06-28 20:56:29
71.66804030153622,38.94074605377944,1494.4130597045207,0.3419254827636631,11.995369108175922,52.83257547623807,22.984697077030702,6.0,82.2049678157558,75.05897571225675,80.06117018470607,25.600946,71.04849725327499,Good,1,0,Vehicle_0560,0.0002,0.0%,LOW,124,2480,temperature,-3.7561,Cooling system,Inspect coolant level and radiator,temperature signal is elevated (SHAP=-3.756),31,Low,2026-06-28 20:56:29
83.93979427521893,32.153738643908824,3015.318669721586,0.1619289656606116,11.654823380867072,20.37030065614941,32.46735674487306,1.0,100.0,67.0,90.1,19.657219,85.46,Excellent,0,0,Vehicle_0561,0.0002,0.0%,LOW,124,2480,temperature,-3.8296,Cooling system,Inspect coolant level and radiator,temperature signal is elevated (SHAP=-3.830),31,Low,2026-06-28 20:56:29
90.01442692746572,30.27634883146269,1912.7412254851772,0.1042258293678549,12.567608241543192,40.89793576277287,39.09842978266268,7.0,79.97114614506856,98.6638399636567,85.578954290645,16.85328,77.08014056711835,Good,1,0,Vehicle_0562,0.0004,0.0%,LOW,124,2480,temperature,-5.8186,Cooling system,Inspect coolant level and radiator,temperature signal is elevated (SHAP=-5.819),31,Low,2026-06-28 20:56:29
85.76713087828243,37.96893972537478,2754.7824534372644,0.1199668557636227,11.67890657997812,75.52224081892831,50.78711771306,4.0,95.0,47.323799775596,80.6971399326788,17.09106,69.88304391472647,Good,1,0,Vehicle_0563,0.0002,0.0%,LOW,124,2480,temperature,-3.8072,Cooling system,Inspect coolant level and radiator,temperature signal is elevated (SHAP=-3.807),31,Low,2026-06-28 20:56:29
73.5169708385543,40.09430151204059,2318.02589791413,0.2458667334591634,12.412691679414216,60.45309621728841,32.280742497613026,6.0,85.0,92.27353177583642,87.18205953275091,20.079834,78.76394207481783,Good,1,0,Vehicle_0564,0.0002,0.0%,LOW,124,2480,temperature,-3.8213,Cooling system,Inspect coolant level and radiator,temperature signal is elevated (SHAP=-3.821),31,Low,2026-06-28 20:56:29
98.50276846029944,36.80141221725375,2900.9666616913714,0.0068117055477361,13.05580960629897,46.86497421033514,40.5084020044811,4.0,77.9944630794011,100.0,84.59612415558077,16.85328,82.75767449334846,Good,1,0,Vehicle_0565,0.0003,0.0%,LOW,124,2480,temperature,-3.8586,Cooling system,Inspect coolant level and radiator,temperature signal is elevated (SHAP=-3.859),31,Low,2026-06-28 20:56:29
96.0911900845142,24.350774386621197,2594.482772005168,0.0441760918761117,13.06937359250836,52.26144723672967,43.78151911923824,7.0,65.22071737745635,100.0,75.65450216421945,16.85328,71.39270129853168,Good,1,0,Vehicle_0566,0.0004,0.0%,LOW,124,2480,temperature,-5.7994,Cooling system,Inspect coolant level and radiator,temperature signal is elevated (SHAP=-5.799),31,Low,2026-06-28 20:56:29
82.60527538866974,31.208069119289533,500.0,0.6859638901228272,11.677636972328472,61.61810731059544,33.03372301627441,2.0,80.0,67.0,76.1,24.303907,75.06,Good,1,0,Vehicle_0567,0.0002,0.0%,LOW,124,2480,temperature,-3.736,Cooling system,Inspect coolant level and radiator,temperature signal is elevated (SHAP=-3.736),31,Low,2026-06-28 20:56:29
75.20625783002932,32.637096865748575,2643.1133693641445,0.3823788987680456,12.519363840652384,65.44820295820227,46.4840774748734,1.0,94.50807341546364,91.62789501234128,93.6440198945269,21.010471,92.5119909391844,Excellent,0,0,Vehicle_0568,0.0002,0.0%,LOW,124,2480,temperature,-3.7646,Cooling system,Inspect coolant level and radiator,temperature signal is elevated (SHAP=-3.765),31,Low,2026-06-28 20:56:30
93.226418812447,19.142298186496625,3013.72236183941,0.3520218351535443,12.004411481447818,38.87171705241796,47.02173831430896,2.0,70.0790400315364,68.55806334107199,69.62274702439707,18.20426,71.48526088285264,Warning,2,0,Vehicle_0569,0.0002,0.0%,LOW,124,2480,temperature,-3.732,Cooling system,Inspect coolant level and radiator,temperature signal is elevated (SHAP=-3.732),31,Low,2026-06-28 20:56:30
87.81960381229156,32.81616395772465,2856.742678670763,0.1941389543161931,11.922745585715898,80.69441886559339,48.80384734061191,9.0,80.0,57.98438332447118,73.39531499734136,8.001888,57.634065663299054,Warning,2,0,Vehicle_0570,0.0005,0.1%,LOW,124,2480,temperature,-6.0503,Cooling system,Inspect coolant level and radiator,temperature signal is elevated (SHAP=-6.050),31,Low,2026-06-28 20:56:30
63.27809110877429,43.637950955876335,2417.9312430331365,0.0793640567702391,12.354612018243971,76.32696402409323,39.58432168985532,0.0,100.0,89.87774575256381,96.96332372576914,99.698845,96.15354338597425,Excellent,0,0,Vehicle_0571,0.0002,0.0%,LOW,124,2480,temperature,-3.8183,Cooling system,Inspect coolant level and radiator,temperature signal is elevated (SHAP=-3.818),31,Low,2026-06-28 20:56:30
83.98029616023393,33.83961699480475,3813.729353544325,0.2252618970351012,12.89131646277325,63.54515260706425,58.60137249657536,2.0,100.0,66.0,89.8,17.715132,83.08,Good,1,0,Vehicle_0572,0.0003,0.0%,LOW,124,2480,temperature,-3.8333,Cooling system,Inspect coolant level and radiator,temperature signal is elevated (SHAP=-3.833),31,Low,2026-06-28 20:56:30
88.93053718111571,38.84047848865054,2749.098503297329,0.0091329006822501,12.639863549688144,33.14080268308218,28.847168872356587,3.0,100.0,100.0,100.0,19.392086,94.0,Excellent,0,0,Vehicle_0573,0.0003,0.0%,LOW,124,2480,temperature,-3.8394,Cooling system,Inspect coolant level and radiator,temperature signal is elevated (SHAP=-3.839),31,Low,2026-06-28 20:56:30
71.50457820268369,31.09748838077223,2850.138640154485,0.1735678804803175,12.113943628606847,29.595521864588136,56.2407758617894,8.0,80.0,45.95017468003243,69.78505240400973,6.8177643,55.06106637841232,Warning,2,0,Vehicle_0574,0.0005,0.1%,LOW,124,2480,temperature,-6.0288,Cooling system,Inspect coolant level and radiator,temperature signal is elevated (SHAP=-6.029),31,Low,2026-06-28 20:56:30
87.84765089256165,29.560690056097076,3335.593515240455,0.0034627828230207,12.682013598964,43.467924068068136,42.682994886584325,3.0,100.0,100.0,100.0,16.85328,94.0,Excellent,0,0,Vehicle_0575,0.0003,0.0%,LOW,124,2480,temperature,-3.8394,Cooling system,Inspect coolant level and radiator,temperature signal is elevated (SHAP=-3.839),31,Low,2026-06-28 20:56:30
63.17766272113316,32.28762834048585,2790.074399757279,0.117595874304411,11.50251666724733,51.21530195288822,48.40387333026719,8.0,80.0,55.42683067709156,72.62804920312746,9.547502,58.66219565729479,Warning,2,0,Vehicle_0576,0.0004,0.0%,LOW,124,2480,temperature,-6.068,Cooling system,Inspect coolant level and radiator,temperature signal is elevated (SHAP=-6.068),31,Low,2026-06-28 20:56:30
105.04279150018256,25.105040112093405,1781.5857972686372,0.7408057715024521,12.098821680626704,14.630162688818956,31.799622454582888,9.0,40.0,79.32639432585154,51.79791829775546,1.5735388,48.94402984382359,Critical,3,1,Vehicle_0577,0.8769,87.7%,CRITICAL,15,300,ml_health_score,1.2348,Vehicle system,Inspect flagged sensor,ml_health_score signal is rapidly deteriorating (SHAP=1.235),3,Immediate,2026-06-28 20:56:30
103.71924977589148,24.217348876593668,549.3300689763021,0.09840035571398,12.0704433821195,59.89386267090512,43.444747029637625,6.0,61.86939550637467,78.15578951242935,66.75531370819107,6.9772425,63.68434612740052,Warning,2,0,Vehicle_0578,0.0002,0.0%,LOW,124,2480,temperature,-3.9112,Cooling system,Inspect coolant level and radiator,temperature signal is elevated (SHAP=-3.911),31,Low,2026-06-28 20:56:30
81.21223998545553,37.59782734301619,2118.3032783855347,0.2938442989440056,12.431328276695572,75.74924527696943,49.26974163664363,3.0,100.0,78.52516984910402,93.5575509547312,13.632763,85.83956454265953,Excellent,0,0,Vehicle_0579,0.0002,0.0%,LOW,124,2480,temperature,-3.8145,Cooling system,Inspect coolant level and radiator,temperature signal is elevated (SHAP=-3.814),31,Low,2026-06-28 20:56:30
90.4518150675861,38.23405405719911,3108.756420704893,0.1285050267902458,12.318868814536,61.52948279661754,24.12641356276128,5.0,89.0963698648278,88.40333859960998,88.88846048526246,19.047188,81.01374401107947,Good,1,0,Vehicle_0580,0.0002,0.0%,LOW,124,2480,temperature,-3.8218,Cooling system,Inspect coolant level and radiator,temperature signal is elevated (SHAP=-3.822),31,Low,2026-06-28 20:56:30
48.85117051300188,24.0533621064759,2217.522934865756,0.0099075931283116,12.343411562552046,36.4789439439153,33.36673718184581,6.0,81.2134484259036,89.41572695527188,83.67413198471408,15.603429,76.08762458188282,Good,1,0,Vehicle_0581,0.0002,0.0%,LOW,124,2480,temperature,-3.7995,Cooling system,Inspect coolant level and radiator,temperature signal is elevated (SHAP=-3.800),31,Low,2026-06-28 20:56:30
67.65478509602,35.80799282732319,3140.942697825384,0.0014555106023979,12.330112187957544,34.11193205199019,13.587473117688123,1.0,100.0,88.86712775324871,96.6601383259746,20.138336,93.7695085462345,Excellent,0,0,Vehicle_0582,0.0002,0.0%,LOW,124,2480,temperature,-3.8302,Cooling system,Inspect coolant level and radiator,temperature signal is elevated (SHAP=-3.830),31,Low,2026-06-28 20:56:30
80.59331619771805,29.478240146363877,2618.982540736218,0.0405107044061941,12.408962896395636,55.99704688348157,33.21667023150843,8.0,80.0,92.11971947632,83.635915842896,19.392086,72.6054934010016,Good,1,0,Vehicle_0583,0.0004,0.0%,LOW,124,2480,temperature,-5.921,Cooling system,Inspect coolant level and radiator,temperature signal is elevated (SHAP=-5.921),31,Low,2026-06-28 20:56:30
68.91800467859711,32.03885144694259,3530.452856209748,0.0630978730272139,12.61605238678329,46.9339256932364,26.83991806539914,4.0,95.0,100.0,96.5,20.138336,89.9,Excellent,0,0,Vehicle_0584,0.0003,0.0%,LOW,124,2480,temperature,-3.8399,Cooling system,Inspect coolant level and radiator,temperature signal is elevated (SHAP=-3.840),31,Low,2026-06-28 20:56:30
95.71594723945988,32.76131183661038,2263.826634303471,0.1253595620738891,12.459732410440951,58.86082348511816,32.82232312033265,8.0,68.56810552108024,94.21396193068932,76.26186244396297,16.85328,68.59990985251565,Good,1,0,Vehicle_0585,0.0004,0.0%,LOW,124,2480,temperature,-6.0257,Cooling system,Inspect coolant level and radiator,temperature signal is elevated (SHAP=-6.026),31,Low,2026-06-28 20:56:30
114.95944796121992,35.96610280874591,2874.0918612541504,0.0702579456368198,12.286259273358176,62.034427452112695,61.519698055824975,6.0,55.0,53.05819502602478,54.41745850780743,1.3866603,51.26211410988942,Critical,3,0,Vehicle_0586,0.0368,3.7%,LOW,120,2400,fault_count,-7.2641,ECU fault logs,Review and clear fault codes,fault_count signal is elevated (SHAP=-7.264),30,Low,2026-06-28 20:56:30
67.35077920856047,30.49630921117913,2904.708051628287,0.1887739215169729,12.560699311921914,71.83781057789324,52.17803506797199,8.0,80.0,73.97352738567419,78.19205821570226,14.057339,65.7099404065562,Good,1,0,Vehicle_0587,0.0005,0.1%,LOW,124,2480,temperature,-6.0944,Cooling system,Inspect coolant level and radiator,temperature signal is elevated (SHAP=-6.094),31,Low,2026-06-28 20:56:30
72.4380489387221,38.46097197181162,3701.281498104954,0.3761369918945902,12.730449417461106,27.35753142140956,20.60552463299368,0.0,94.92420054036064,100.0,96.44694037825244,99.74526,97.86816422695146,Excellent,0,0,Vehicle_0588,0.0002,0.0%,LOW,124,2480,temperature,-3.7703,Cooling system,Inspect coolant level and radiator,temperature signal is elevated (SHAP=-3.770),31,Low,2026-06-28 20:56:30
88.53172552464895,31.856477038559547,1134.6901549325776,0.0075117593796271,12.177589643710949,54.43237895698624,40.55738301599405,0.0,100.0,82.57557280307662,94.77267184092298,99.692085,93.37871766516912,Excellent,0,0,Vehicle_0589,0.0002,0.0%,LOW,124,2480,temperature,-3.8108,Cooling system,Inspect coolant level and radiator,temperature signal is elevated (SHAP=-3.811),31,Low,2026-06-28 20:56:30
109.16674222749432,33.74510563481719,2133.273380357474,0.0370448053062349,12.37623890773093,42.73049992077353,42.989310870592384,1.0,80.0,90.76985494390084,83.23095648317025,16.85328,86.09254487868232,Good,1,0,Vehicle_0590,0.0024,0.2%,LOW,124,2480,fault_count,-6.1654,ECU fault logs,Review and clear fault codes,fault_count signal is elevated (SHAP=-6.165),31,Low,2026-06-28 20:56:30
66.66438531190146,25.00042445077652,3178.812884310803,0.7173782243178842,12.864762625218637,48.02729912129277,31.621029132954103,8.0,60.0,100.0,72.0,8.038574,67.19999999999999,Warning,2,0,Vehicle_0591,0.0005,0.1%,LOW,124,2480,temperature,-5.9737,Cooling system,Inspect coolant level and radiator,temperature signal is elevated (SHAP=-5.974),31,Low,2026-06-28 20:56:30
88.73554183460413,42.951954064229,3736.717183822919,0.3229200684581394,11.958895729093058,67.28817705337488,36.783076031585495,9.0,78.47199543612403,73.55444882508863,76.9967314528134,10.563874,62.90892863670577,Good,1,0,Vehicle_0592,0.0004,0.0%,LOW,124,2480,temperature,-6.0859,Cooling system,Inspect coolant level and radiator,temperature signal is elevated (SHAP=-6.086),31,Low,2026-06-28 20:56:30
112.31948276219664,32.8189495392298,2692.057210113664,0.0455337666977764,13.121880878502376,69.46251746102487,37.75982207414998,9.0,50.0,100.0,65.0,0.92108846,61.0,Warning,2,1,Vehicle_0593,0.9997,100.0%,CRITICAL,5,100,temperature,4.6899,Cooling system,Inspect coolant level and radiator,temperature signal is rapidly deteriorating (SHAP=4.690),1,Immediate,2026-06-28 20:56:30
60.22361277731099,34.27798455207059,2265.8366684628104,0.0193507173695389,11.86433801010417,77.96887300767308,21.5338862713814,3.0,100.0,69.65394291679698,90.89618287503907,15.826941,82.46849830838285,Excellent,0,0,Vehicle_0594,0.0002,0.0%,LOW,124,2480,temperature,-3.8189,Cooling system,Inspect coolant level and radiator,temperature signal is elevated (SHAP=-3.819),31,Low,2026-06-28 20:56:30
65.78396189731252,20.350885132730756,3105.694694939556,0.4817126661794511,12.261854155518106,58.51180500736535,24.68670645913852,2.0,69.28936278562627,86.05148391512189,74.31799912447495,20.146257,77.80109625770935,Warning,2,0,Vehicle_0595,0.0002,0.0%,LOW,124,2480,temperature,-3.7323,Cooling system,Inspect coolant level and radiator,temperature signal is elevated (SHAP=-3.732),31,Low,2026-06-28 20:56:30
78.64590090308742,25.063787861525395,3194.9621401853465,0.5950469031841245,12.019924001249596,47.79966418488412,36.7229671844099,3.0,80.3302064543917,76.0718650515458,79.05270403353794,24.303907,76.64599543043192,Good,1,0,Vehicle_0596,0.0002,0.0%,LOW,124,2480,temperature,-3.7198,Cooling system,Inspect coolant level and radiator,temperature signal is elevated (SHAP=-3.720),31,Low,2026-06-28 20:56:30
77.19117380716884,37.427302127512384,2212.2706570661544,0.1860350995560188,13.275170798747752,44.942430610992325,35.99402527981767,8.0,80.0,100.0,86.0,19.047188,75.6,Good,1,0,Vehicle_0597,0.0006,0.1%,LOW,124,2480,temperature,-5.9584,Cooling system,Inspect coolant level and radiator,temperature signal is elevated (SHAP=-5.958),31,Low,2026-06-28 20:56:30
97.18901931630468,31.72134670975563,2764.245849742037,0.1943044413740265,12.19865998846114,15.304899952106624,27.91437284582731,2.0,85.62196136739067,83.444724524022,84.96879031438007,17.157566,83.67021909343245,Good,1,0,Vehicle_0598,0.0002,0.0%,LOW,124,2480,temperature,-3.8296,Cooling system,Inspect coolant level and radiator,temperature signal is elevated (SHAP=-3.830),31,Low,2026-06-28 20:56:30
88.62489579731258,18.517321591026445,3444.4218099295754,0.0222231199452326,12.199663537388588,76.79470089797208,27.056238601461555,5.0,70.0,83.48612091727925,74.04583627518377,19.657219,71.12472594856612,Warning,2,0,Vehicle_0599,0.0002,0.0%,LOW,124,2480,temperature,-3.7887,Cooling system,Inspect coolant level and radiator,temperature signal is elevated (SHAP=-3.789),31,Low,2026-06-28 20:56:30
58.37556910536807,36.22973957390291,4012.367194619562,0.1688505257808545,12.251700504024033,43.5620317242866,34.10220750328794,6.0,84.75265610760877,85.63264579099135,85.01665301262354,20.411087,76.13652096577239,Good,1,0,Vehicle_0600,0.0002,0.0%,LOW,124,2480,temperature,-3.8255,Cooling system,Inspect coolant level and radiator,temperature signal is elevated (SHAP=-3.825),31,Low,2026-06-28 20:56:30
92.73115604351216,26.73730317388366,3094.0839673882338,0.2014518074824786,12.43824112315758,60.11794120005821,43.86150952983273,3.0,94.53768791297568,93.32744633025015,94.17461543815804,17.131138,89.17025852894486,Excellent,0,0,Vehicle_0601,0.0002,0.0%,LOW,124,2480,temperature,-3.7966,Cooling system,Inspect coolant level and radiator,temperature signal is elevated (SHAP=-3.797),31,Low,2026-06-28 20:56:30
76.33691668966524,38.46790191526027,2535.3111173324746,0.692132369734095,12.268623288438196,63.579930514848655,34.2351422905313,4.0,75.0,86.33071064807558,78.39921319442267,24.303907,76.30567004626872,Good,1,0,Vehicle_0602,0.0002,0.0%,LOW,124,2480,temperature,-3.7449,Cooling system,Inspect coolant level and radiator,temperature signal is elevated (SHAP=-3.745),31,Low,2026-06-28 20:56:30
104.11670825411858,29.472985928377803,2456.7398591696733,0.0472136171773052,12.34684527815104,25.093689818997213,51.22730830635649,6.0,65.0,68.38451948211834,66.01535584463551,5.9724035,61.28611740320497,Warning,2,0,Vehicle_0603,0.0002,0.0%,LOW,124,2480,temperature,-3.9719,Cooling system,Inspect coolant level and radiator,temperature signal is elevated (SHAP=-3.972),31,Low,2026-06-28 20:56:30
75.5861869534462,31.228240116123175,2945.9172457548984,0.1069261731533192,11.327699806254133,31.533072150807307,28.041794523374392,7.0,80.0,67.0,76.1,14.562929,65.06,Good,1,0,Vehicle_0604,0.0003,0.0%,LOW,124,2480,temperature,-5.9818,Cooling system,Inspect coolant level and radiator,temperature signal is elevated (SHAP=-5.982),31,Low,2026-06-28 20:56:30
75.45077075346646,37.07372747154989,2407.46172601644,0.1616635297918114,12.42286393440073,80.94039814110988,36.93109801454826,1.0,100.0,91.14148036119884,97.34244410835964,19.047188,94.63376253725556,Excellent,0,0,Vehicle_0605,0.0002,0.0%,LOW,124,2480,temperature,-3.8183,Cooling system,Inspect coolant level and radiator,temperature signal is elevated (SHAP=-3.818),31,Low,2026-06-28 20:56:30
93.11697416206798,24.615042174872027,2651.7123992179104,0.0459911138473226,12.407122648594658,55.808710313670886,31.457045708959942,5.0,82.22622037535216,92.04380925452963,85.1714970391054,16.919046,79.51166007436917,Good,1,0,Vehicle_0606,0.0002,0.0%,LOW,124,2480,temperature,-3.7912,Cooling system,Inspect coolant level and radiator,temperature signal is elevated (SHAP=-3.791),31,Low,2026-06-28 20:56:30
96.44389723505404,24.04291915299636,1653.6989883753,0.3852186276679428,12.815427518964958,38.38828671402968,40.8796094641311,1.0,77.60264029734782,100.0,84.32184820814348,21.381533,88.59310892488608,Good,1,0,Vehicle_0607,0.0002,0.0%,LOW,124,2480,temperature,-3.7353,Cooling system,Inspect coolant level and radiator,temperature signal is elevated (SHAP=-3.735),31,Low,2026-06-28 20:56:30
91.72149045904304,28.821009477611355,3537.6457571929272,0.0867716892952436,12.92362437931176,47.47305977744912,27.18412117774804,0.0,96.5570190819139,100.0,97.58991335733973,99.67958,98.55394801440384,Excellent,0,0,Vehicle_0608,0.0003,0.0%,LOW,124,2480,temperature,-3.8467,Cooling system,Inspect coolant level and radiator,temperature signal is elevated (SHAP=-3.847),31,Low,2026-06-28 20:56:30
59.71604023922788,34.963036797727334,1587.8522182810573,0.0855552735485247,12.32491677544328,71.72473809665678,54.27397753993756,6.0,85.0,57.12129335124767,76.6363880053743,14.800512,65.4060914734741,Good,1,0,Vehicle_0609,0.0002,0.0%,LOW,124,2480,temperature,-3.8968,Cooling system,Inspect coolant level and radiator,temperature signal is elevated (SHAP=-3.897),31,Low,2026-06-28 20:56:30
93.07051659892376,22.01473648431905,2154.31059163759,0.3919082284956022,12.726491632669582,68.68628959468609,18.09387596923994,4.0,70.79069750638855,100.0,79.55348825447199,24.402285,79.73209295268319,Good,1,0,Vehicle_0610,0.0002,0.0%,LOW,124,2480,temperature,-3.742,Cooling system,Inspect coolant level and radiator,temperature signal is elevated (SHAP=-3.742),31,Low,2026-06-28 20:56:30
69.48537922488401,19.99179240066542,2578.074608681451,0.0247063906051945,11.959372487822078,20.678364755207134,52.15480239680246,2.0,80.0,49.247786973532335,70.7743360920597,14.500374,68.31415904994228,Warning,2,0,Vehicle_0611,0.0002,0.0%,LOW,124,2480,temperature,-3.876,Cooling system,Inspect coolant level and radiator,temperature signal is elevated (SHAP=-3.876),31,Low,2026-06-28 20:56:30
88.52914167382396,34.94232556226275,4092.789503910911,0.1951918290030281,12.706936937078442,82.68567687343784,35.899884691088324,0.0,98.14420992178178,95.56863315882757,97.3715368928955,99.662926,97.5366487675028,Excellent,0,0,Vehicle_0612,0.0003,0.0%,LOW,124,2480,temperature,-3.8238,Cooling system,Inspect coolant level and radiator,temperature signal is elevated (SHAP=-3.824),31,Low,2026-06-28 20:56:30
63.643983469014096,26.38213012459798,2161.8536121181382,0.0888268729262947,12.17100968034617,69.3229606199736,40.52424581746913,9.0,80.0,82.30414931427951,80.69124479428385,16.257309,66.87557673942621,Good,1,0,Vehicle_0613,0.0004,0.0%,LOW,124,2480,temperature,-6.0692,Cooling system,Inspect coolant level and radiator,temperature signal is elevated (SHAP=-6.069),31,Low,2026-06-28 20:56:30
91.69483221314596,27.6466439224783,1967.1873488316828,0.1268942870984822,11.92612101274798,46.95049501316828,48.345249030919575,8.0,76.61033557370808,60.828645070727546,71.87582842281392,6.8177643,59.29122606783387,Warning,2,0,Vehicle_0614,0.0004,0.0%,LOW,124,2480,temperature,-6.0432,Cooling system,Inspect coolant level and radiator,temperature signal is elevated (SHAP=-6.043),31,Low,2026-06-28 20:56:30
72.90101643538941,18.859137588359005,2059.346466132965,0.1649193063714562,12.32576452871838,26.16555113826559,43.57661495166069,9.0,60.0,88.6877868096332,68.60633604288995,2.1317124,60.90135898766061,Warning,2,0,Vehicle_0615,0.0088,0.9%,LOW,123,2460,temperature,-6.5685,Cooling system,Inspect coolant level and radiator,temperature signal is elevated (SHAP=-6.569),30,Low,2026-06-28 20:56:30
65.76048024609217,25.926124113888108,3827.11773408905,0.3279816627911218,12.960188978879112,71.08017280121851,27.699731122069387,1.0,98.1345558139252,100.0,98.69418906974764,23.390514,97.21651344184858,Excellent,0,0,Vehicle_0616,0.0002,0.0%,LOW,124,2480,temperature,-3.7895,Cooling system,Inspect coolant level and radiator,temperature signal is elevated (SHAP=-3.789),31,Low,2026-06-28 20:56:30
95.707302047236,29.95459622021309,500.0,0.2366885295134687,12.47240221469234,59.52855000589239,41.00089555262602,0.0,88.585395905528,94.736591356059,90.4307545406873,99.70013,93.20577099562418,Excellent,0,0,Vehicle_0617,0.0002,0.0%,LOW,124,2480,temperature,-3.8108,Cooling system,Inspect coolant level and radiator,temperature signal is elevated (SHAP=-3.811),31,Low,2026-06-28 20:56:30
88.62466782515126,35.582267145737354,1697.8095902811306,0.260691331499081,12.998595259071353,20.844032438444696,53.67473972634616,2.0,100.0,70.50588493042305,91.15176547912692,17.715132,84.79223627356075,Excellent,0,0,Vehicle_0618,0.0002,0.0%,LOW,124,2480,temperature,-3.8469,Cooling system,Inspect coolant level and radiator,temperature signal is elevated (SHAP=-3.847),31,Low,2026-06-28 20:56:30
75.79034797910654,25.372619002592167,4612.341159193811,0.2194985100448968,12.100506914473678,45.35843849283246,26.12708287839177,1.0,87.75317681612378,79.39591022203922,85.2459968378984,21.125496,85.02678014714688,Good,1,0,Vehicle_0619,0.0002,0.0%,LOW,124,2480,temperature,-3.7958,Cooling system,Inspect coolant level and radiator,temperature signal is elevated (SHAP=-3.796),31,Low,2026-06-28 20:56:30
106.76768273531596,39.94425672139498,2972.7056587933093,0.165272552451078,12.819140441819195,103.20347233180824,56.18428511193977,4.0,75.0,33.0,62.4,5.9942245,56.04,Warning,2,0,Vehicle_0620,0.0044,0.4%,LOW,124,2480,fault_count,-6.135,ECU fault logs,Review and clear fault codes,fault_count signal is elevated (SHAP=-6.135),31,Low,2026-06-28 20:56:30
78.39021367645387,25.8926638549212,1615.212040528624,0.4926157978169266,12.139135985105222,50.33003514828843,38.85702485968564,6.0,72.15894681220489,80.98935938559039,74.80807058422053,24.714924,69.0827142276504,Warning,2,0,Vehicle_0621,0.0002,0.0%,LOW,124,2480,temperature,-3.8302,Cooling system,Inspect coolant level and radiator,temperature signal is elevated (SHAP=-3.830),31,Low,2026-06-28 20:56:30
85.48161510956402,25.901449190488957,2466.465614260183,0.0159124221802115,12.49013146859568,35.16058811328686,30.667722280797427,1.0,100.0,95.46792307957186,98.64037692387156,19.392086,96.2778107702373,Excellent,0,0,Vehicle_0622,0.0002,0.0%,LOW,124,2480,temperature,-3.8043,Cooling system,Inspect coolant level and radiator,temperature signal is elevated (SHAP=-3.804),31,Low,2026-06-28 20:56:30
89.033701715179,39.22414531138681,2553.963652854289,0.2736680142853708,12.486673131463766,29.83006749386719,26.067106153917457,3.0,100.0,95.32526667288036,98.5975800018641,20.079834,92.22360133569453,Excellent,0,0,Vehicle_0623,0.0002,0.0%,LOW,124,2480,temperature,-3.8311,Cooling system,Inspect coolant level and radiator,temperature signal is elevated (SHAP=-3.831),31,Low,2026-06-28 20:56:31
75.7050109880708,31.268760914183503,3176.900196724485,0.1677715125724987,12.664596693569669,85.4419796685884,32.767129255917254,5.0,90.0,91.02073354682912,90.30622006404872,19.392086,82.38787874779506,Excellent,0,0,Vehicle_0624,0.0003,0.0%,LOW,124,2480,temperature,-3.828,Cooling system,Inspect coolant level and radiator,temperature signal is elevated (SHAP=-3.828),31,Low,2026-06-28 20:56:31
92.06704440099894,26.68785162593054,3971.60160225805,0.0502097751305725,12.500296247964531,66.95518979155376,15.447216689295049,3.0,95.86591119800212,95.88722022853692,95.87230390716256,20.138336,90.70082639000492,Excellent,0,0,Vehicle_0625,0.0002,0.0%,LOW,124,2480,temperature,-3.7977,Cooling system,Inspect coolant level and radiator,temperature signal is elevated (SHAP=-3.798),31,Low,2026-06-28 20:56:31
76.99821479252913,29.06920121291644,2810.8413450233725,0.6715177689808456,12.104326184871274,78.14878227834456,30.84755530941213,4.0,75.0,79.55345512594005,76.36603653778201,24.303907,73.73031294785721,Good,1,0,Vehicle_0626,0.0002,0.0%,LOW,124,2480,temperature,-3.743,Cooling system,Inspect coolant level and radiator,temperature signal is elevated (SHAP=-3.743),31,Low,2026-06-28 20:56:31
78.82542516675686,38.11844146525236,2068.1693575896315,0.482418749888606,12.752122780837023,54.96370568184316,32.370727561443886,5.0,77.83875000742627,100.0,84.48712500519838,23.994816,80.69227500311902,Good,1,0,Vehicle_0627,0.0002,0.0%,LOW,124,2480,temperature,-3.7695,Cooling system,Inspect coolant level and radiator,temperature signal is elevated (SHAP=-3.769),31,Low,2026-06-28 20:56:31
105.43963959705012,38.79721691775409,3129.6675536785638,0.491613642372786,13.092662637730156,75.08038470665574,24.255863508875805,9.0,47.225757175147606,100.0,63.058030022603326,2.2093177,59.83481801356199,Warning,2,1,Vehicle_0628,0.9989,99.9%,CRITICAL,5,100,temperature,4.5137,Cooling system,Inspect coolant level and radiator,temperature signal is rapidly deteriorating (SHAP=4.514),1,Immediate,2026-06-28 20:56:31
69.3912092123135,25.099240924378464,1941.3978425097112,0.1020298389903397,12.166478631097553,33.033592209041785,42.4784519490436,3.0,100.0,82.11724353277404,94.6351730598322,19.30874,87.20455254245414,Excellent,0,0,Vehicle_0629,0.0002,0.0%,LOW,124,2480,temperature,-3.7995,Cooling system,Inspect coolant level and radiator,temperature signal is elevated (SHAP=-3.800),31,Low,2026-06-28 20:56:31
48.80829503605765,29.745397139525352,1673.3300032087764,0.2198477927921223,11.665907169421988,53.25181961830116,32.81233712210613,0.0,100.0,67.0,90.1,99.69827,87.46,Excellent,0,0,Vehicle_0630,0.0002,0.0%,LOW,124,2480,temperature,-3.8134,Cooling system,Inspect coolant level and radiator,temperature signal is elevated (SHAP=-3.813),31,Low,2026-06-28 20:56:31
109.16405492517842,30.54094096600544,1092.072902434844,0.3005415918874461,12.599727827341516,55.74107029945473,28.64205455385572,8.0,59.96389387417025,99.98877287783756,71.97135757527045,3.121072,67.18056912072979,Warning,2,1,Vehicle_0631,0.9908,99.1%,CRITICAL,5,100,temperature,4.5468,Cooling system,Inspect coolant level and radiator,temperature signal is rapidly deteriorating (SHAP=4.547),1,Immediate,2026-06-28 20:56:31
123.23991928910505,24.082559336900417,1247.8972843996794,0.199839781177634,12.26752784237914,77.64893863750441,31.746660649314563,5.0,56.33023734760167,86.28552349813953,65.31682319276302,2.5664806,66.44719861528571,Warning,2,0,Vehicle_0632,0.026,2.6%,LOW,121,2420,fault_count,-7.1463,ECU fault logs,Review and clear fault codes,fault_count signal is elevated (SHAP=-7.146),30,Low,2026-06-28 20:56:31
78.92096101826002,29.665889684100037,1782.8438751005824,0.2502235860177084,12.347558857617882,56.37686080280911,38.55107473315847,4.0,95.0,89.58680287673762,93.37604086302127,20.079834,85.9429850931603,Excellent,0,0,Vehicle_0633,0.0002,0.0%,LOW,124,2480,temperature,-3.8122,Cooling system,Inspect coolant level and radiator,temperature signal is elevated (SHAP=-3.812),31,Low,2026-06-28 20:56:31
55.94742939069722,30.031937162710204,1557.768185839303,0.2461843064782548,12.622471102292405,37.4897651652757,35.73221210466994,7.0,80.0,100.0,86.0,20.8457,77.6,Good,1,0,Vehicle_0634,0.0004,0.0%,LOW,124,2480,temperature,-5.8107,Cooling system,Inspect coolant level and radiator,temperature signal is elevated (SHAP=-5.811),31,Low,2026-06-28 20:56:31
80.34274035706085,36.84125687362042,2750.5892218997737,0.1437347558326416,12.21744302806976,51.28147677840748,27.990249119124226,9.0,80.0,84.21952490787764,81.2658574723633,19.657219,67.60341946499351,Good,1,0,Vehicle_0635,0.0004,0.0%,LOW,124,2480,temperature,-6.034,Cooling system,Inspect coolant level and radiator,temperature signal is elevated (SHAP=-6.034),31,Low,2026-06-28 20:56:31
80.70665575238996,37.2445501698672,1540.4785393407717,0.104834583949685,12.292459211462532,16.471735950795185,36.25653474040444,1.0,100.0,87.31394247282944,96.19418274184883,19.657219,93.17929813967518,Excellent,0,0,Vehicle_0636,0.0002,0.0%,LOW,124,2480,temperature,-3.8217,Cooling system,Inspect coolant level and radiator,temperature signal is elevated (SHAP=-3.822),31,Low,2026-06-28 20:56:31
82.15114238466614,28.024743609845952,500.0,0.1049101127820185,12.359952193225366,3.5806253345946573,34.49324042433743,8.0,80.0,90.09802797054635,83.02940839116391,19.392086,71.83725062880762,Good,1,0,Vehicle_0637,0.0005,0.1%,LOW,124,2480,temperature,-5.8941,Cooling system,Inspect coolant level and radiator,temperature signal is elevated (SHAP=-5.894),31,Low,2026-06-28 20:56:31
68.29917937117227,28.71628113683513,1664.8705803284274,0.042191882383611,12.987901575194009,66.62682740216574,23.605357768511876,6.0,85.0,100.0,89.5,20.138336,81.69999999999999,Good,1,0,Vehicle_0638,0.0003,0.0%,LOW,124,2480,temperature,-3.8304,Cooling system,Inspect coolant level and radiator,temperature signal is elevated (SHAP=-3.830),31,Low,2026-06-28 20:56:31
93.69341713714716,33.98575381233381,2122.5122818228647,0.4344606938794649,12.412027841645433,42.50512227387312,32.11495306492739,5.0,73.64911946707468,92.2461484678741,79.2282281673145,21.381533,75.98616659396352,Good,1,0,Vehicle_0639,0.0002,0.0%,LOW,124,2480,temperature,-3.7621,Cooling system,Inspect coolant level and radiator,temperature signal is elevated (SHAP=-3.762),31,Low,2026-06-28 20:56:31
92.86761062929128,26.48886930643793,2015.640409702428,0.7195109579188772,11.905730567674016,44.77165402039465,40.79338270420888,8.0,54.264778741417416,71.36138591655316,59.39376089395813,1.8776894,53.90853371968552,Critical,3,0,Vehicle_0640,0.0028,0.3%,LOW,124,2480,temperature,-6.425,Cooling system,Inspect coolant level and radiator,temperature signal is elevated (SHAP=-6.425),31,Low,2026-06-28 20:56:31
62.5839157027104,33.531840910424414,3715.619743447347,0.1778092685091416,11.921648607543554,66.6189335873323,40.72138259896508,3.0,100.0,72.01800506117159,91.60540151835148,19.30874,83.3668419232452,Excellent,0,0,Vehicle_0641,0.0002,0.0%,LOW,124,2480,temperature,-3.8171,Cooling system,Inspect coolant level and radiator,temperature signal is elevated (SHAP=-3.817),31,Low,2026-06-28 20:56:31
95.48795097542332,29.47256107578471,2009.16595256868,0.1904545264726872,12.45569196866384,77.94020770089197,32.70035667596606,7.0,69.02409804915337,94.04729370738345,76.53105674662238,16.54427,70.72809278945012,Good,1,0,Vehicle_0642,0.0004,0.0%,LOW,124,2480,temperature,-5.7976,Cooling system,Inspect coolant level and radiator,temperature signal is elevated (SHAP=-5.798),31,Low,2026-06-28 20:56:31
115.79027472918835,24.183608533568275,3204.7387705593583,0.7408057715024521,11.948228799723609,60.68975909655166,41.76772794785977,5.0,36.7344341342731,73.11443798859882,47.648435290570816,2.088052,53.21194877206226,Critical,3,0,Vehicle_0643,0.0188,1.9%,LOW,122,2440,fault_count,-6.924,ECU fault logs,Review and clear fault codes,fault_count signal is elevated (SHAP=-6.924),30,Low,2026-06-28 20:56:31
87.5794049865559,24.25897972272212,2484.8139202553107,0.4732009788313444,11.775078605230336,88.56145660435624,25.200445030153784,9.0,65.48918696879886,52.873596602812206,61.70450985900286,10.304541,49.59742523596416,Warning,2,0,Vehicle_0644,0.0004,0.0%,LOW,124,2480,temperature,-5.9406,Cooling system,Inspect coolant level and radiator,temperature signal is elevated (SHAP=-5.941),31,Low,2026-06-28 20:56:31
79.94012256897241,38.68235217618661,2466.156219461921,0.3684620164922854,12.654214396373604,60.05378268114555,25.51012161806674,4.0,90.43586556718095,100.0,93.30510589702666,25.280869,87.98306353821599,Excellent,0,0,Vehicle_0645,0.0002,0.0%,LOW,124,2480,temperature,-3.7722,Cooling system,Inspect coolant level and radiator,temperature signal is elevated (SHAP=-3.772),31,Low,2026-06-28 20:56:31
82.86995178388717,29.06147112514021,1831.6957689215703,0.0690042502315979,12.673799361147458,56.04426927159989,32.4874503670632,7.0,80.0,100.0,86.0,19.047188,77.6,Good,1,0,Vehicle_0646,0.0004,0.0%,LOW,124,2480,temperature,-5.8103,Cooling system,Inspect coolant level and radiator,temperature signal is elevated (SHAP=-5.810),31,Low,2026-06-28 20:56:31
94.22885150452842,39.842124563389866,2452.9738787353863,0.3812855987405322,12.25274538644246,54.80777645009199,49.97566136087136,4.0,81.12325707490767,68.75849856378883,77.41382952157201,21.291887,72.19999742570099,Good,1,0,Vehicle_0647,0.0002,0.0%,LOW,124,2480,temperature,-3.7598,Cooling system,Inspect coolant level and radiator,temperature signal is elevated (SHAP=-3.760),31,Low,2026-06-28 20:56:31
59.03992591739173,26.91818243571054,1887.9230984820665,0.0259854650808221,12.517463716460684,24.290088757327677,36.63251626538206,3.0,100.0,96.59537830400322,98.97861349120096,20.138336,92.7062437555212,Excellent,0,0,Vehicle_0648,0.0002,0.0%,LOW,124,2480,temperature,-3.8097,Cooling system,Inspect coolant level and radiator,temperature signal is elevated (SHAP=-3.810),31,Low,2026-06-28 20:56:31
87.46586054465953,31.74723120678896,2636.0194514036566,0.0609678955008649,12.4752486576782,69.11997211280244,32.24634190334228,3.0,100.0,94.85400712922578,98.45620213876774,19.392086,92.0445227091058,Excellent,0,0,Vehicle_0649,0.0002,0.0%,LOW,124,2480,temperature,-3.8213,Cooling system,Inspect coolant level and radiator,temperature signal is elevated (SHAP=-3.821),31,Low,2026-06-28 20:56:31
79.14304075805785,44.35606033810945,2311.0002939010496,0.1993551261347204,12.640967754387637,1.0906795996942833,50.44138001206647,9.0,80.0,81.49930795897401,80.4497923876922,14.057339,66.56973702441012,Good,1,0,Vehicle_0650,0.0005,0.1%,LOW,124,2480,temperature,-6.112,Cooling system,Inspect coolant level and radiator,temperature signal is elevated (SHAP=-6.112),31,Low,2026-06-28 20:56:31
112.71737519434068,23.65567953202033,1744.2976534467198,0.0976514194381701,12.64189996157592,38.27494285448444,32.13061564796462,8.0,44.6227181280813,100.0,61.23590268965691,1.2520909,60.74154161379415,Warning,2,1,Vehicle_0651,0.9996,100.0%,CRITICAL,5,100,temperature,4.6674,Cooling system,Inspect coolant level and radiator,temperature signal is rapidly deteriorating (SHAP=4.667),1,Immediate,2026-06-28 20:56:31
82.38740899292563,18.61311300060134,3293.5154717604764,0.135257873844177,11.35768456498911,50.45860701135225,57.34733237285994,2.0,80.0,33.0,65.9,9.280766,62.14,Warning,2,0,Vehicle_0652,0.0002,0.0%,LOW,124,2480,temperature,-3.8986,Cooling system,Inspect coolant level and radiator,temperature signal is elevated (SHAP=-3.899),31,Low,2026-06-28 20:56:31
110.0183141667928,37.7195407877234,2841.47238401714,0.1125240477345319,12.303800416607045,34.20475353173274,29.887168763792545,8.0,50.0,87.78176718504052,61.33453015551216,1.2520909,58.3570715303154,Warning,2,1,Vehicle_0653,0.9996,100.0%,CRITICAL,5,100,temperature,4.7595,Cooling system,Inspect coolant level and radiator,temperature signal is rapidly deteriorating (SHAP=4.760),1,Immediate,2026-06-28 20:56:31
68.4438895332699,25.03914536764156,2141.549812686201,0.2873139992982001,12.607161675271254,40.96488153854357,24.882712707486988,5.0,90.0,100.0,93.0,20.8457,85.8,Excellent,0,0,Vehicle_0654,0.0002,0.0%,LOW,124,2480,temperature,-3.8059,Cooling system,Inspect coolant level and radiator,temperature signal is elevated (SHAP=-3.806),31,Low,2026-06-28 20:56:31
93.80888750204188,29.8757618153626,2616.394437628248,0.1172824260302087,12.235817363584395,86.78751132454457,33.336380251481245,1.0,92.38222499591625,73.77807256235778,86.8009792658487,17.09106,84.83620207198078,Good,1,0,Vehicle_0655,0.0002,0.0%,LOW,124,2480,temperature,-3.8183,Cooling system,Inspect coolant level and radiator,temperature signal is elevated (SHAP=-3.818),31,Low,2026-06-28 20:56:31
89.79100395686844,26.484490737290493,2432.9419827984293,0.1434059525027173,12.41448105570393,72.08047771563358,32.50915739162983,7.0,80.0,92.34734354778716,83.70420306433614,17.713797,74.69199054815911,Good,1,0,Vehicle_0656,0.0004,0.0%,LOW,124,2480,temperature,-5.7728,Cooling system,Inspect coolant level and radiator,temperature signal is elevated (SHAP=-5.773),31,Low,2026-06-28 20:56:31
71.96429128202827,31.608976685731896,1805.927250189381,0.5690574207961424,12.70027999267123,36.28344638386522,26.92280023650717,1.0,82.0628386135905,100.0,87.44398702951335,25.280869,90.466392217708,Good,1,0,Vehicle_0657,0.0002,0.0%,LOW,124,2480,temperature,-3.7672,Cooling system,Inspect coolant level and radiator,temperature signal is elevated (SHAP=-3.767),31,Low,2026-06-28 20:56:31
87.6609417195541,24.29678275688555,2556.396983216931,0.493342547406462,12.432370093300865,40.60866978055248,61.01974078158437,8.0,64.29762786711139,59.08526634866067,62.73391941157617,7.881361,53.45740491667783,Warning,2,0,Vehicle_0658,0.0004,0.0%,LOW,124,2480,temperature,-5.9025,Cooling system,Inspect coolant level and radiator,temperature signal is elevated (SHAP=-5.902),31,Low,2026-06-28 20:56:31
103.187782552474,28.920359472700163,2003.1905961541004,0.0156965839388567,13.003167766893949,24.459921028963123,38.1862656780525,4.0,75.0,100.0,82.5,16.54427,81.5,Good,1,0,Vehicle_0659,0.0003,0.0%,LOW,124,2480,temperature,-3.8462,Cooling system,Inspect coolant level and radiator,temperature signal is elevated (SHAP=-3.846),31,Low,2026-06-28 20:56:31
80.14312443570098,32.69889195933921,1744.0529315039207,0.0767385559864208,12.850794500912448,64.09987572012274,39.64249573671584,9.0,80.0,100.0,86.0,17.392307,73.6,Good,1,0,Vehicle_0660,0.0005,0.1%,LOW,124,2480,temperature,-5.9448,Cooling system,Inspect coolant level and radiator,temperature signal is elevated (SHAP=-5.945),31,Low,2026-06-28 20:56:31
59.62056026245355,23.95014668235443,1201.78613578678,0.5275190415609224,12.352574338811428,45.00515099179049,30.381207328630783,4.0,75.63265062535622,89.79369147597139,79.88096288054076,24.863546,77.88731602351874,Good,1,0,Vehicle_0661,0.0002,0.0%,LOW,124,2480,temperature,-3.723,Cooling system,Inspect coolant level and radiator,temperature signal is elevated (SHAP=-3.723),31,Low,2026-06-28 20:56:31
84.73655760283832,25.799495822124666,2213.114117169096,0.0091695595201521,12.32078153171009,10.67067058210904,29.2233061525487,0.0,100.0,88.48223818304119,96.54467145491236,99.67241,95.62325050955565,Excellent,0,0,Vehicle_0662,0.0002,0.0%,LOW,124,2480,temperature,-3.7995,Cooling system,Inspect coolant level and radiator,temperature signal is elevated (SHAP=-3.800),31,Low,2026-06-28 20:56:31
71.46365357811231,27.91570299840881,2953.5765276669786,0.0586749532469822,11.327699806254133,52.015671836201165,45.255583557177005,7.0,80.0,66.13101590559819,75.83930477167945,14.256514,64.72978604412731,Good,1,0,Vehicle_0663,0.0003,0.0%,LOW,124,2480,temperature,-5.9571,Cooling system,Inspect coolant level and radiator,temperature signal is elevated (SHAP=-5.957),31,Low,2026-06-28 20:56:31
79.86488592004176,21.42710739464233,1944.272517296912,0.2399447112149066,12.26939912124379,58.77957767203651,18.24158227410239,7.0,65.70842957856932,86.36271375130633,71.90471483039042,16.822624,66.41537164849552,Warning,2,0,Vehicle_0664,0.0003,0.0%,LOW,124,2480,temperature,-5.9445,Cooling system,Inspect coolant level and radiator,temperature signal is elevated (SHAP=-5.944),31,Low,2026-06-28 20:56:31
83.77618345472318,27.464634103207523,4516.566953726376,0.2248352762890851,11.858692442915787,69.26281946350106,23.57135527209632,3.0,89.6686609254725,69.42106327027626,83.59438162891362,20.351988,78.04084163140342,Good,1,0,Vehicle_0665,0.0002,0.0%,LOW,124,2480,temperature,-3.7929,Cooling system,Inspect coolant level and radiator,temperature signal is elevated (SHAP=-3.793),31,Low,2026-06-28 20:56:31
59.41521675976724,30.71277923941741,3208.548522922186,0.1558830975884031,12.488491816800249,48.5329041084645,32.52691494392445,2.0,100.0,95.40028744301026,98.62008623290308,20.138336,94.2521092283439,Excellent,0,0,Vehicle_0666,0.0002,0.0%,LOW,124,2480,temperature,-3.8344,Cooling system,Inspect coolant level and radiator,temperature signal is elevated (SHAP=-3.834),31,Low,2026-06-28 20:56:31
60.76512491018983,27.60270635046943,3543.464106128383,0.1435501884352611,12.461148284448,42.546576744272365,48.51047305634312,8.0,80.0,82.33675834191345,80.70102750257404,19.657219,68.88796816992712,Good,1,0,Vehicle_0667,0.0004,0.0%,LOW,124,2480,temperature,-6.0092,Cooling system,Inspect coolant level and radiator,temperature signal is elevated (SHAP=-6.009),31,Low,2026-06-28 20:56:31
92.23100253288288,28.371741042409653,3136.194409659007,0.2934987536069841,12.678342302410712,89.72529360979055,31.254830270305263,7.0,75.53799493423423,83.95326554384559,78.06257611711764,18.110687,69.6281987790397,Good,1,0,Vehicle_0668,0.0004,0.0%,LOW,124,2480,temperature,-5.791,Cooling system,Inspect coolant level and radiator,temperature signal is elevated (SHAP=-5.791),31,Low,2026-06-28 20:56:31
77.15921955745479,29.88058997456049,3982.291979950858,0.3289784464859191,12.958668188779276,50.13172312199104,39.16151557274196,2.0,98.0681035676054,100.0,98.64767249732375,22.557795,95.18860349839426,Excellent,0,0,Vehicle_0669,0.0002,0.0%,LOW,124,2480,temperature,-3.825,Cooling system,Inspect coolant level and radiator,temperature signal is elevated (SHAP=-3.825),31,Low,2026-06-28 20:56:31
46.52883487269149,26.06553922540612,1870.3984132219664,0.4149797157384751,12.389492228131212,64.39123663195869,35.27728679388092,7.0,72.334685617435,91.31655441041252,78.02924625532825,25.280869,71.08085863527945,Good,1,0,Vehicle_0670,0.0003,0.0%,LOW,124,2480,temperature,-5.7089,Cooling system,Inspect coolant level and radiator,temperature signal is elevated (SHAP=-5.709),31,Low,2026-06-28 20:56:31
96.77266054912202,34.14637539520126,500.0,0.1731717635629573,13.312166524769278,39.20920713247483,47.96258412936808,2.0,86.45467890175595,89.92721396014852,87.49643941927371,16.85328,86.48330644359393,Good,1,0,Vehicle_0671,0.0003,0.0%,LOW,124,2480,temperature,-3.8482,Cooling system,Inspect coolant level and radiator,temperature signal is elevated (SHAP=-3.848),31,Low,2026-06-28 20:56:31
89.0855463291136,38.615868748810655,2143.099513317693,0.0446450773363462,12.492980578087964,63.798193032716654,19.152769817870787,1.0,100.0,95.58544884612849,98.67563465383854,19.392086,96.32247056152882,Excellent,0,0,Vehicle_0672,0.0002,0.0%,LOW,124,2480,temperature,-3.8266,Cooling system,Inspect coolant level and radiator,temperature signal is elevated (SHAP=-3.827),31,Low,2026-06-28 20:56:31
74.29187763945274,27.21371764682731,2946.57486043803,0.2239364792755278,11.875913442513347,20.887420151918043,42.35963203722777,6.0,85.0,70.13142950367556,80.53942885110266,20.351988,70.3499432113967,Good,1,0,Vehicle_0673,0.0002,0.0%,LOW,124,2480,temperature,-3.8049,Cooling system,Inspect coolant level and radiator,temperature signal is elevated (SHAP=-3.805),31,Low,2026-06-28 20:56:31
65.24754683412638,32.91118938886624,2621.2135773983828,0.3377737589952962,12.175171249955952,40.758649085627326,33.011010702574026,8.0,77.48174940031357,82.475814060683,78.9799687984244,25.600946,67.88314409119124,Good,1,0,Vehicle_0674,0.0004,0.0%,LOW,124,2480,temperature,-5.9598,Cooling system,Inspect coolant level and radiator,temperature signal is elevated (SHAP=-5.960),31,Low,2026-06-28 20:56:32
97.53711844471506,28.56229706739212,2720.378088774227,0.7408057715024521,12.250901319876872,25.834515211478923,44.24884193919408,9.0,44.92576311056988,85.59967944492098,57.1279380108752,2.088052,53.39669869550932,Critical,3,0,Vehicle_0675,0.0031,0.3%,LOW,124,2480,temperature,-6.448,Cooling system,Inspect coolant level and radiator,temperature signal is elevated (SHAP=-6.448),31,Low,2026-06-28 20:56:32
90.24025933840645,32.19292407023103,3556.728002135898,0.1742353938014073,12.636850860461353,37.90053356261065,26.80717893899685,4.0,94.51948132318712,100.0,96.16363692623098,19.047188,89.69818215573858,Excellent,0,0,Vehicle_0676,0.0003,0.0%,LOW,124,2480,temperature,-3.8399,Cooling system,Inspect coolant level and radiator,temperature signal is elevated (SHAP=-3.840),31,Low,2026-06-28 20:56:32
120.7390342402611,39.39467718721953,2805.64605957,0.1080034989799502,12.02110003990828,75.00940080462142,35.24393069862838,1.0,70.0,76.12037664621653,71.83611299386496,14.227122,76.32574312556227,Warning,2,0,Vehicle_0677,0.0021,0.2%,LOW,124,2480,fault_count,-6.1548,ECU fault logs,Review and clear fault codes,fault_count signal is elevated (SHAP=-6.155),31,Low,2026-06-28 20:56:32
91.30282898087404,33.051957258108594,3139.1303420728173,0.56131662238347,12.28080964687624,37.75348221392605,33.97493289087316,5.0,69.9732338793539,86.83339793364495,75.03128309564121,21.291887,72.38544944411372,Good,1,0,Vehicle_0678,0.0002,0.0%,LOW,124,2480,temperature,-3.76,Cooling system,Inspect coolant level and radiator,temperature signal is elevated (SHAP=-3.760),31,Low,2026-06-28 20:56:32
90.81554711893024,19.359512767141915,1748.3498065177928,0.0118710429197291,12.335583887681564,64.36512250948168,24.975645286795874,6.0,63.36890576213955,89.09283536686456,71.08608464355704,14.373344,68.47021785950714,Warning,2,0,Vehicle_0679,0.0002,0.0%,LOW,124,2480,temperature,-3.8911,Cooling system,Inspect coolant level and radiator,temperature signal is elevated (SHAP=-3.891),31,Low,2026-06-28 20:56:32
82.49608104837152,32.723973788681754,1623.6850486271703,0.1161887927198465,12.220751676937782,80.3453036411408,22.195869870530363,9.0,80.0,83.78625566580119,81.13587669974035,20.411087,67.43877715300445,Good,1,0,Vehicle_0680,0.0004,0.0%,LOW,124,2480,temperature,-6.009,Cooling system,Inspect coolant level and radiator,temperature signal is elevated (SHAP=-6.009),31,Low,2026-06-28 20:56:32
97.25163800801188,37.39718245985406,3791.2911384195904,0.2354753415911874,12.724566152671889,49.448453727933625,29.19588638136857,1.0,85.49672398397627,100.0,89.84770678878338,17.470497,91.90862407327003,Good,1,0,Vehicle_0681,0.0003,0.0%,LOW,124,2480,temperature,-3.8352,Cooling system,Inspect coolant level and radiator,temperature signal is elevated (SHAP=-3.835),31,Low,2026-06-28 20:56:32
94.3762780187223,28.670422980011384,2580.7212281176544,0.0868294806145868,12.656528555386142,69.8753421011256,36.29931128995,6.0,76.2474439625554,100.0,83.37321077378877,16.85328,78.02392646427326,Good,1,0,Vehicle_0682,0.0003,0.0%,LOW,124,2480,temperature,-3.8185,Cooling system,Inspect coolant level and radiator,temperature signal is elevated (SHAP=-3.818),31,Low,2026-06-28 20:56:32
103.77587512847792,35.97380883670699,2001.416653243092,0.496124664592832,12.866626854041584,60.6217191627735,27.43087775695507,5.0,56.92502236047787,100.0,69.84751565233451,6.278801,71.90850939140071,Warning,2,0,Vehicle_0683,0.0002,0.0%,LOW,124,2480,temperature,-3.7581,Cooling system,Inspect coolant level and radiator,temperature signal is elevated (SHAP=-3.758),31,Low,2026-06-28 20:56:32
77.18015622044072,25.85930675308833,2002.8844051623053,0.2390934209803821,12.26758992755552,52.32873861167066,31.69926436972182,5.0,90.0,86.28808451166525,88.88642535349956,20.351988,80.58947211443278,Good,1,0,Vehicle_0684,0.0002,0.0%,LOW,124,2480,temperature,-3.7912,Cooling system,Inspect coolant level and radiator,temperature signal is elevated (SHAP=-3.791),31,Low,2026-06-28 20:56:32
78.46888790584056,21.08676504286636,1980.701502689394,0.7408057715024521,12.88101102705916,65.00631178633859,16.14202645516429,0.0,64.34706017146543,100.0,75.0429421200258,99.73955,85.02576527201548,Good,1,0,Vehicle_0685,0.0002,0.0%,LOW,124,2480,temperature,-3.7465,Cooling system,Inspect coolant level and radiator,temperature signal is elevated (SHAP=-3.747),31,Low,2026-06-28 20:56:32
77.8134524363203,30.84701411299584,1932.8327831633264,0.1494096099466741,11.854401165609184,86.79876179983708,31.2935007951627,0.0,100.0,58.02609111164757,87.40782733349427,99.67787,84.04991462242607,Good,1,0,Vehicle_0686,0.0002,0.0%,LOW,124,2480,temperature,-3.8072,Cooling system,Inspect coolant level and radiator,temperature signal is elevated (SHAP=-3.807),31,Low,2026-06-28 20:56:32
96.86202581768484,19.46113967552212,1473.4817579170722,0.0561007827115208,11.844646279604058,37.25462174982895,45.23586646625007,6.0,51.27594836463032,68.03971304841714,56.30507776976637,1.3566136,55.39098927154325,Critical,3,0,Vehicle_0687,0.0009,0.1%,LOW,124,2480,temperature,-4.3029,Cooling system,Inspect coolant level and radiator,temperature signal is elevated (SHAP=-4.303),31,Low,2026-06-28 20:56:32
107.47561660445098,28.56137392263845,1299.6636782235933,0.5175335081503497,11.914479325563516,30.815981996478502,42.05180325970083,1.0,65.49776612331002,71.72227217949501,67.3651179401655,16.496128,72.7635251999983,Warning,2,0,Vehicle_0688,0.002,0.2%,LOW,124,2480,fault_count,-6.109,ECU fault logs,Review and clear fault codes,fault_count signal is elevated (SHAP=-6.109),31,Low,2026-06-28 20:56:32
78.11739260276049,37.721053575873015,2343.9964978764647,0.1633861149610326,12.403684677052835,29.641709086893133,34.13078062972856,6.0,85.0,91.90199292842946,87.07059787852883,14.993679,78.62275731280319,Good,1,0,Vehicle_0689,0.0002,0.0%,LOW,124,2480,temperature,-3.8296,Cooling system,Inspect coolant level and radiator,temperature signal is elevated (SHAP=-3.830),31,Low,2026-06-28 20:56:32
78.62839408310363,18.541422565522318,2025.6593037436803,0.3883825238804492,12.880951246631104,69.88855939473109,37.43652725014163,0.0,74.10783174130339,100.0,81.87548221891237,99.74526,89.12528933134742,Good,1,0,Vehicle_0690,0.0002,0.0%,LOW,124,2480,temperature,-3.7587,Cooling system,Inspect coolant level and radiator,temperature signal is elevated (SHAP=-3.759),31,Low,2026-06-28 20:56:32
89.71115835804699,22.323019224516614,3385.727428354636,0.1784167977700753,12.159143167744148,72.58735246256705,26.717396044058425,8.0,69.29207689806645,81.81465566944608,73.04885052948035,14.256514,64.19224145157742,Warning,2,0,Vehicle_0691,0.0005,0.1%,LOW,124,2480,temperature,-6.0486,Cooling system,Inspect coolant level and radiator,temperature signal is elevated (SHAP=-6.049),31,Low,2026-06-28 20:56:32
81.31357749980648,23.807806529030536,2734.4613226135334,0.0339189544900223,12.209322638014225,39.2592613333213,51.244386832914,3.0,95.23122611612214,62.65364358617915,85.45795135713925,17.09106,77.80549953151939,Good,1,0,Vehicle_0692,0.0002,0.0%,LOW,124,2480,temperature,-3.7884,Cooling system,Inspect coolant level and radiator,temperature signal is elevated (SHAP=-3.788),31,Low,2026-06-28 20:56:32
99.28080479709836,29.62008084173424,2712.2541440623863,0.0323581654749689,12.313592817876266,7.279729011213057,55.677625065139054,4.0,76.43839040580329,54.18570373739598,69.7625844052811,10.334224,64.69469139064785,Warning,2,0,Vehicle_0693,0.0002,0.0%,LOW,124,2480,temperature,-3.9287,Cooling system,Inspect coolant level and radiator,temperature signal is elevated (SHAP=-3.929),31,Low,2026-06-28 20:56:32
51.2233406407143,27.805699286122746,1905.5036739564396,0.1003868330255598,12.629131249355062,36.50486520153829,36.64823630705974,3.0,100.0,100.0,100.0,20.138336,94.0,Excellent,0,0,Vehicle_0694,0.0003,0.0%,LOW,124,2480,temperature,-3.8146,Cooling system,Inspect coolant level and radiator,temperature signal is elevated (SHAP=-3.815),31,Low,2026-06-28 20:56:32
72.59942429624658,38.39481829017653,2403.1772673760192,0.0324758694465317,12.20894987865817,60.95708355613992,60.906858360614926,4.0,95.0,49.869182494649536,81.46075474839486,17.09106,70.85028934796682,Good,1,0,Vehicle_0695,0.0002,0.0%,LOW,124,2480,temperature,-3.7974,Cooling system,Inspect coolant level and radiator,temperature signal is elevated (SHAP=-3.797),31,Low,2026-06-28 20:56:32
73.26375499057832,35.726089974550185,2788.8008829051523,0.0189812531550938,12.1866332168334,48.66553722034334,28.19817628464658,5.0,90.0,82.94862019437772,87.88458605831332,20.411087,79.32047567386354,Good,1,0,Vehicle_0696,0.0002,0.0%,LOW,124,2480,temperature,-3.8296,Cooling system,Inspect coolant level and radiator,temperature signal is elevated (SHAP=-3.830),31,Low,2026-06-28 20:56:32
50.194659814207824,32.97163767641159,3072.95659177014,0.7408057715024521,11.861841894656925,53.60695493510734,22.48920759931047,6.0,65.0,69.55097815459811,66.36529344637944,13.354004,61.729371698747286,Warning,2,0,Vehicle_0697,0.0002,0.0%,LOW,124,2480,temperature,-3.8836,Cooling system,Inspect coolant level and radiator,temperature signal is elevated (SHAP=-3.884),31,Low,2026-06-28 20:56:32
70.54542333446794,30.87378188606331,2424.8865387853075,0.0639727030929242,12.171311555529153,39.53311163448805,27.903762459058814,6.0,85.0,82.31660166557754,84.19498049967325,15.826941,74.98030863291946,Good,1,0,Vehicle_0698,0.0002,0.0%,LOW,124,2480,temperature,-3.8296,Cooling system,Inspect coolant level and radiator,temperature signal is elevated (SHAP=-3.830),31,Low,2026-06-28 20:56:32
71.27265826231111,32.35937866190896,3363.299023459367,0.2034337241127646,12.870984701174134,70.28178249419528,32.80509734925009,9.0,80.0,100.0,86.0,15.246505,73.6,Good,1,0,Vehicle_0699,0.0006,0.1%,LOW,124,2480,temperature,-5.95,Cooling system,Inspect coolant level and radiator,temperature signal is elevated (SHAP=-5.950),31,Low,2026-06-28 20:56:32
81.98343018221755,24.82810586811975,2506.3914471263543,0.0079563208591415,12.436370403391392,56.86383603509272,58.12066551202963,1.0,99.312423472479,59.2502791398949,87.29378017270376,13.129557,82.22632393160124,Good,1,0,Vehicle_0700,0.0002,0.0%,LOW,124,2480,temperature,-3.7672,Cooling system,Inspect coolant level and radiator,temperature signal is elevated (SHAP=-3.767),31,Low,2026-06-28 20:56:32
101.69448837490395,35.143262121339674,3134.277694814144,0.1313284960331415,12.104058195900834,61.72926944727604,32.188408725940405,8.0,60.0,79.54240058090937,65.86272017427281,1.0391295,59.42611222074556,Warning,2,0,Vehicle_0701,0.0148,1.5%,LOW,123,2460,temperature,-6.5866,Cooling system,Inspect coolant level and radiator,temperature signal is elevated (SHAP=-6.587),30,Low,2026-06-28 20:56:32
81.32409023213947,23.327734473844792,2108.11823312868,0.0643615123936928,12.894457589091576,53.18131366053363,26.403441871959785,6.0,78.31093789537917,100.0,84.81765652676542,19.392086,78.89059391605926,Good,1,0,Vehicle_0702,0.0003,0.0%,LOW,124,2480,temperature,-3.8207,Cooling system,Inspect coolant level and radiator,temperature signal is elevated (SHAP=-3.821),31,Low,2026-06-28 20:56:32
69.53779419593269,35.01226196341339,1049.9293067450867,0.1378884717128863,12.165914599175926,60.48736327221688,26.01541140422563,3.0,100.0,82.09397721600692,94.62819316480208,20.411087,87.19571134208263,Excellent,0,0,Vehicle_0703,0.0002,0.0%,LOW,124,2480,temperature,-3.8113,Cooling system,Inspect coolant level and radiator,temperature signal is elevated (SHAP=-3.811),31,Low,2026-06-28 20:56:32
84.14568188179706,37.11685501271299,2714.6871904148184,0.5061110063151837,12.967982231792986,59.17143376361923,46.4002211204328,9.0,66.25926624565442,95.23924819052849,74.95326082911663,17.749279,66.01980613557566,Warning,2,0,Vehicle_0704,0.0004,0.0%,LOW,124,2480,temperature,-6.0511,Cooling system,Inspect coolant level and radiator,temperature signal is elevated (SHAP=-6.051),31,Low,2026-06-28 20:56:32
100.73760432162024,31.26518761252852,3080.2592505173006,0.1004786390582837,12.96144279116004,31.43850743728436,44.97301748309036,7.0,60.0,100.0,72.0,3.5469651,69.19999999999999,Warning,2,0,Vehicle_0705,0.0021,0.2%,LOW,124,2480,temperature,-6.1186,Cooling system,Inspect coolant level and radiator,temperature signal is elevated (SHAP=-6.119),31,Low,2026-06-28 20:56:32
70.36061775827642,28.942721646228144,2960.277865446056,0.2877018665023962,12.422404650549868,57.46126190750256,30.145218136463896,1.0,100.0,92.67419183518209,97.80225755055464,20.8457,95.21619289736918,Excellent,0,0,Vehicle_0706,0.0002,0.0%,LOW,124,2480,temperature,-3.805,Cooling system,Inspect coolant level and radiator,temperature signal is elevated (SHAP=-3.805),31,Low,2026-06-28 20:56:32
71.34137674117827,32.40185944985804,2837.749329149952,0.0797065959969411,11.800580189051326,65.8301634389304,16.242158839228445,1.0,100.0,67.02393279836716,90.10717983951014,20.411087,85.46909446337952,Excellent,0,0,Vehicle_0707,0.0002,0.0%,LOW,124,2480,temperature,-3.8218,Cooling system,Inspect coolant level and radiator,temperature signal is elevated (SHAP=-3.822),31,Low,2026-06-28 20:56:32
93.37823438911336,13.797891390265011,2221.1304272360103,0.3085297921022588,13.315800246138302,73.10282932389688,23.714064552907157,6.0,47.674878414956055,100.0,63.37241489046924,3.4878552,66.02344893428153,Warning,2,0,Vehicle_0708,0.0004,0.0%,LOW,124,2480,temperature,-4.1933,Cooling system,Inspect coolant level and radiator,temperature signal is elevated (SHAP=-4.193),31,Low,2026-06-28 20:56:32
81.67695826403799,31.81354931091277,1854.6029988435264,0.0383110711662207,12.554910422505818,58.32214296567426,52.21243837499543,7.0,80.0,73.61776445338056,78.08532933601417,17.09106,67.57475049228461,Good,1,0,Vehicle_0709,0.0004,0.0%,LOW,124,2480,temperature,-5.9149,Cooling system,Inspect coolant level and radiator,temperature signal is elevated (SHAP=-5.915),31,Low,2026-06-28 20:56:32
94.71227036064212,29.31987601296116,2941.3826152350243,0.2994537394974222,12.270445190111763,30.69498962536928,41.888078845494704,0.0,90.57545927871575,86.4058640921103,89.32458072273411,99.72104,90.87592125206253,Good,1,0,Vehicle_0710,0.0002,0.0%,LOW,124,2480,temperature,-3.8258,Cooling system,Inspect coolant level and radiator,temperature signal is elevated (SHAP=-3.826),31,Low,2026-06-28 20:56:32
84.79529812307055,29.69623132165805,2841.15793295862,0.3327747431282795,12.782451165910024,33.77365340851994,35.65461375558305,6.0,82.81501712478136,100.0,87.97051198734695,21.402967,80.78230719240817,Good,1,0,Vehicle_0711,0.0002,0.0%,LOW,124,2480,temperature,-3.7718,Cooling system,Inspect coolant level and radiator,temperature signal is elevated (SHAP=-3.772),31,Low,2026-06-28 20:56:32
95.5249547213435,34.23919507738697,2051.280727324939,0.0116746863991302,12.68092111480854,41.29703837494138,53.68833173151058,5.0,78.95009055731299,70.45967211286403,76.4029650239783,17.09106,69.93371343695978,Good,1,0,Vehicle_0712,0.0002,0.0%,LOW,124,2480,temperature,-3.8394,Cooling system,Inspect coolant level and radiator,temperature signal is elevated (SHAP=-3.839),31,Low,2026-06-28 20:56:32
69.47382828939038,29.551386470611632,3387.539351353645,0.0084025511171939,12.924375339954576,53.7892781627305,54.58326272811516,9.0,80.0,67.41690672440846,76.22507201732253,8.166957,61.21842455527521,Good,1,0,Vehicle_0713,0.0005,0.1%,LOW,124,2480,temperature,-6.0966,Cooling system,Inspect coolant level and radiator,temperature signal is elevated (SHAP=-6.097),31,Low,2026-06-28 20:56:32
84.81873023817599,23.15875886009305,1793.7075883619195,0.2504655175271748,12.13506088452804,47.555277973848135,34.64060398038701,7.0,72.6350354403722,80.8212614867817,75.09090325429506,16.857136,67.21879424993337,Good,1,0,Vehicle_0714,0.0003,0.0%,LOW,124,2480,temperature,-5.9426,Cooling system,Inspect coolant level and radiator,temperature signal is elevated (SHAP=-5.943),31,Low,2026-06-28 20:56:32
81.83964978455265,29.15158397504773,2033.181296967168,0.1008364510765773,12.527389365109755,27.52535868738173,34.82428239468333,9.0,80.0,97.00481131077748,85.10144339323324,19.392086,72.46182829809544,Good,1,0,Vehicle_0715,0.0005,0.1%,LOW,124,2480,temperature,-5.9341,Cooling system,Inspect coolant level and radiator,temperature signal is elevated (SHAP=-5.934),31,Low,2026-06-28 20:56:32
66.76163613843804,30.405332904484947,3809.140169873332,0.498498506404763,11.925651907902026,27.40559931369897,29.179533178879232,0.0,86.76676623968245,72.18314120095854,82.39167872806527,99.74951,83.87163547703088,Good,1,0,Vehicle_0716,0.0002,0.0%,LOW,124,2480,temperature,-3.7579,Cooling system,Inspect coolant level and radiator,temperature signal is elevated (SHAP=-3.758),31,Low,2026-06-28 20:56:32
61.54783078196967,30.68960346948608,3194.86555018713,0.7408057715024521,12.666533758296492,8.029564501866332,32.15396712514865,7.0,60.0,100.0,72.0,10.249365,69.19999999999999,Warning,2,0,Vehicle_0717,0.0004,0.0%,LOW,124,2480,temperature,-5.8193,Cooling system,Inspect coolant level and radiator,temperature signal is elevated (SHAP=-5.819),31,Low,2026-06-28 20:56:32
95.28623552911992,30.971516203710408,2213.5925552871818,0.1937905769340294,12.390821852149124,0.0,20.13675024199879,3.0,89.42752894176016,91.37140140115142,90.01069067957754,18.630426,86.2806946879768,Excellent,0,0,Vehicle_0718,0.0003,0.0%,LOW,124,2480,temperature,-3.8302,Cooling system,Inspect coolant level and radiator,temperature signal is elevated (SHAP=-3.830),31,Low,2026-06-28 20:56:32
79.73571426673033,36.23621426951132,2729.9045677148406,0.2365064711640767,12.512403702194725,47.36436354090149,20.096136238159403,5.0,90.0,96.3866527155324,91.91599581465972,20.481514,84.4269280319023,Excellent,0,0,Vehicle_0719,0.0002,0.0%,LOW,124,2480,temperature,-3.8349,Cooling system,Inspect coolant level and radiator,temperature signal is elevated (SHAP=-3.835),31,Low,2026-06-28 20:56:32
69.66579577529006,23.48379268179512,2623.8337956190708,0.0805255173681287,12.341460110463812,96.40460750285712,17.773411310940986,8.0,73.93517072718046,62.267627176918,70.43490766210172,9.336495,58.71447003264463,Warning,2,0,Vehicle_0720,0.0004,0.0%,LOW,124,2480,temperature,-6.0143,Cooling system,Inspect coolant level and radiator,temperature signal is elevated (SHAP=-6.014),31,Low,2026-06-28 20:56:32
83.55731594615001,31.0542027369891,500.0,0.7408057715024521,12.299604471764656,85.93559047582853,45.84337006919445,8.0,60.0,74.94750193991386,64.48425058197415,1.9097686,57.680050737167264,Warning,2,0,Vehicle_0721,0.0029,0.3%,LOW,124,2480,temperature,-6.4061,Cooling system,Inspect coolant level and radiator,temperature signal is elevated (SHAP=-6.406),31,Low,2026-06-28 20:56:32
101.92028286023954,37.73957819170945,1774.8208404212946,0.2393887618823259,12.052707530394114,30.435371757540576,19.38597777087437,2.0,80.0,77.4241856287572,79.22725568862717,19.994253,79.02119053892774,Good,1,0,Vehicle_0722,0.0002,0.0%,LOW,124,2480,temperature,-3.825,Cooling system,Inspect coolant level and radiator,temperature signal is elevated (SHAP=-3.825),31,Low,2026-06-28 20:56:32
50.78893231942116,19.59233101837683,2459.3227063125746,0.1744292124495655,12.716172085873694,52.99806594781221,54.49962298706155,2.0,80.0,67.70128184399073,76.31038455319722,19.30874,75.32648710071648,Good,1,0,Vehicle_0723,0.0003,0.0%,LOW,124,2480,temperature,-3.788,Cooling system,Inspect coolant level and radiator,temperature signal is elevated (SHAP=-3.788),31,Low,2026-06-28 20:56:32
62.550419651450106,31.07788008468032,2214.710818752555,0.1591173284219626,12.995881614696575,20.708409798996684,27.69622108800595,7.0,80.0,100.0,86.0,19.783419,77.6,Good,1,0,Vehicle_0724,0.0004,0.0%,LOW,124,2480,temperature,-5.8379,Cooling system,Inspect coolant level and radiator,temperature signal is elevated (SHAP=-5.838),31,Low,2026-06-28 20:56:32
71.15670337157098,26.48772898816174,2697.682051864336,0.0220781597784302,12.177332656435969,23.75780938283758,52.37349906782536,8.0,80.0,57.49507524737737,73.24852257421321,8.001888,59.4481285940034,Warning,2,0,Vehicle_0725,0.0004,0.0%,LOW,124,2480,temperature,-6.0432,Cooling system,Inspect coolant level and radiator,temperature signal is elevated (SHAP=-6.043),31,Low,2026-06-28 20:56:32
106.91768300080494,27.77573769316137,3403.585850358336,0.2794686909287571,12.621416201988438,26.050548047392404,31.349456571345254,6.0,65.0,100.0,75.5,17.470497,73.3,Good,1,0,Vehicle_0726,0.0029,0.3%,LOW,124,2480,fault_count,-6.1356,ECU fault logs,Review and clear fault codes,fault_count signal is elevated (SHAP=-6.136),31,Low,2026-06-28 20:56:32
89.23880474378944,24.571154980713462,2242.771372276858,0.0462018043618045,12.572873449864096,45.49002631116334,19.33813229079523,0.0,98.28461992285386,98.88102980689403,98.46354288806592,99.67958,98.85433169421836,Excellent,0,0,Vehicle_0727,0.0002,0.0%,LOW,124,2480,temperature,-3.8097,Cooling system,Inspect coolant level and radiator,temperature signal is elevated (SHAP=-3.810),31,Low,2026-06-28 20:56:32
96.5097586069184,28.982695705797337,1653.8761631017082,0.0498239984039292,12.403239124539544,46.35080779576048,47.83778898065469,1.0,86.98048278616318,82.23513135303024,85.5568773562233,17.09106,85.78115268434003,Good,1,0,Vehicle_0728,0.0002,0.0%,LOW,124,2480,temperature,-3.8217,Cooling system,Inspect coolant level and radiator,temperature signal is elevated (SHAP=-3.822),31,Low,2026-06-28 20:56:32
67.89758621310654,41.04753368656142,2759.881326808836,0.2948902238538228,11.789361706654114,55.05403941613718,49.01865627633225,7.0,80.0,53.33656866047035,72.00097059814111,7.9015675,59.86789609097874,Warning,2,0,Vehicle_0729,0.0003,0.0%,LOW,124,2480,temperature,-5.9353,Cooling system,Inspect coolant level and radiator,temperature signal is elevated (SHAP=-5.935),31,Low,2026-06-28 20:56:32
68.20696187094211,22.41341783293672,2238.7013331457574,0.0174974994148905,11.879361059555764,63.26432779408566,25.939489997329893,7.0,69.65367133174686,70.27364370667524,69.83966304422538,14.2264185,61.95852656787027,Warning,2,0,Vehicle_0730,0.0003,0.0%,LOW,124,2480,temperature,-5.9445,Cooling system,Inspect coolant level and radiator,temperature signal is elevated (SHAP=-5.944),31,Low,2026-06-28 20:56:33
91.71720575084066,22.982339985127037,2375.149199342478,0.1849957511138591,12.087607219539372,43.26238153209683,31.683477334025493,8.0,68.49494843882681,78.86379780599907,71.60560324897848,10.586178,62.7361215105869,Warning,2,0,Vehicle_0731,0.0004,0.0%,LOW,124,2480,temperature,-6.0651,Cooling system,Inspect coolant level and radiator,temperature signal is elevated (SHAP=-6.065),31,Low,2026-06-28 20:56:33
85.8741149640317,22.188392579018974,2266.581024677537,0.2224721341329675,11.544398110571228,50.72403941325256,25.94204063439021,5.0,78.7535703160759,67.0,75.22749922125313,20.351988,68.53649953275188,Good,1,0,Vehicle_0732,0.0002,0.0%,LOW,124,2480,temperature,-3.9047,Cooling system,Inspect coolant level and radiator,temperature signal is elevated (SHAP=-3.905),31,Low,2026-06-28 20:56:33
93.23108228296188,40.364509719768606,4293.470240008788,0.0210442486509997,12.963212291962249,28.12374986619581,33.79473305542281,4.0,82.66843063390046,100.0,87.86790144373032,16.85328,84.72074086623819,Good,1,0,Vehicle_0733,0.0003,0.0%,LOW,124,2480,temperature,-3.8545,Cooling system,Inspect coolant level and radiator,temperature signal is elevated (SHAP=-3.854),31,Low,2026-06-28 20:56:33
82.18493513607322,27.22596176687228,707.436591201644,0.0784438688215579,12.547081291671883,23.11005951485637,36.07829147440855,1.0,100.0,97.81710328146528,99.34513098443958,19.392086,97.1704992469568,Excellent,0,0,Vehicle_0734,0.0003,0.0%,LOW,124,2480,temperature,-3.7992,Cooling system,Inspect coolant level and radiator,temperature signal is elevated (SHAP=-3.799),31,Low,2026-06-28 20:56:33
89.1721558968194,29.846165637913955,2189.332877493883,0.3700330023036848,12.388015580640351,20.020553079033803,31.486169408845715,7.0,75.33113317975435,91.25564270141447,80.10848603625239,24.402285,72.31622016203433,Good,1,0,Vehicle_0735,0.0003,0.0%,LOW,124,2480,temperature,-5.7414,Cooling system,Inspect coolant level and radiator,temperature signal is elevated (SHAP=-5.741),31,Low,2026-06-28 20:56:33
87.37178627357663,27.58330235336256,2497.048779481286,0.2081932821030525,11.52390567229287,62.98495602256455,16.81108604609147,9.0,80.0,67.0,76.1,10.139817,61.06,Good,1,0,Vehicle_0736,0.0005,0.1%,LOW,124,2480,temperature,-6.0703,Cooling system,Inspect coolant level and radiator,temperature signal is elevated (SHAP=-6.070),31,Low,2026-06-28 20:56:33
96.66651083627389,24.33346272958145,1875.0860061737767,0.1159842009096659,11.67045165799184,43.24184303823513,29.19120684909978,0.0,84.00082924577804,67.0,78.90058047204462,99.677315,80.74034828322678,Good,1,0,Vehicle_0737,0.0002,0.0%,LOW,124,2480,temperature,-3.7995,Cooling system,Inspect coolant level and radiator,temperature signal is elevated (SHAP=-3.800),31,Low,2026-06-28 20:56:33
97.10512422916706,28.58909612031339,3219.860665702626,0.0593478051333079,12.399063444725217,12.577594743511938,42.03518763554042,4.0,80.78975154166588,91.7113670949152,84.06623620764067,16.85328,80.78201514356743,Good,1,0,Vehicle_0738,0.0002,0.0%,LOW,124,2480,temperature,-3.8172,Cooling system,Inspect coolant level and radiator,temperature signal is elevated (SHAP=-3.817),31,Low,2026-06-28 20:56:33
60.70192008412345,44.74946163441936,3150.6061429757115,0.2189632594397475,13.188195986193591,48.73822094632781,32.91100457404084,3.0,100.0,100.0,100.0,21.890211,94.0,Excellent,0,0,Vehicle_0739,0.0003,0.0%,LOW,124,2480,temperature,-3.8586,Cooling system,Inspect coolant level and radiator,temperature signal is elevated (SHAP=-3.859),31,Low,2026-06-28 20:56:33
51.29097166988716,38.35242552584553,2461.796305209168,0.1029180318829188,12.120542321650769,25.02357336427833,31.725593724382943,7.0,80.0,80.22237076809412,80.06671123042824,21.43972,70.08450089187576,Good,1,0,Vehicle_0740,0.0003,0.0%,LOW,124,2480,temperature,-5.8089,Cooling system,Inspect coolant level and radiator,temperature signal is elevated (SHAP=-5.809),31,Low,2026-06-28 20:56:33
100.0261809647726,24.882373093246365,2283.4609957250445,0.1527752042988346,12.745519205764976,83.20757637945944,25.69223454969235,7.0,59.52949237298546,94.70749897389192,70.08289435325739,2.9102147,66.99123640673281,Warning,2,0,Vehicle_0741,0.0046,0.5%,LOW,124,2480,temperature,-6.3497,Cooling system,Inspect coolant level and radiator,temperature signal is elevated (SHAP=-6.350),31,Low,2026-06-28 20:56:33
102.81587639892903,33.88544461837012,2410.434532614682,0.269412695300718,12.208039036930016,38.42356556826347,28.899486308023832,2.0,80.0,83.83161027336314,81.14948308200894,17.715132,81.456011903878,Good,1,0,Vehicle_0742,0.0002,0.0%,LOW,124,2480,temperature,-3.8258,Cooling system,Inspect coolant level and radiator,temperature signal is elevated (SHAP=-3.826),31,Low,2026-06-28 20:56:33
69.69065470729994,25.010863364001743,2416.170677081752,0.4812869937790818,12.422095703715549,63.63011971638242,49.0894810658196,9.0,67.91420041472787,78.75721215447967,71.1671039366534,9.160936,60.45170479288797,Warning,2,0,Vehicle_0743,0.0004,0.0%,LOW,124,2480,temperature,-5.9717,Cooling system,Inspect coolant level and radiator,temperature signal is elevated (SHAP=-5.972),31,Low,2026-06-28 20:56:33
57.10246890181557,19.341794166922675,2437.30157749939,0.7408057715024521,12.885873539557172,71.77926054769975,23.60222743197892,1.0,60.0,100.0,72.0,13.219727,81.19999999999999,Warning,2,0,Vehicle_0744,0.0002,0.0%,LOW,124,2480,temperature,-3.7445,Cooling system,Inspect coolant level and radiator,temperature signal is elevated (SHAP=-3.744),31,Low,2026-06-28 20:56:33
86.48552231510801,36.117065505987775,2349.6007187865603,0.3502289595023831,12.261619347933385,30.901430948859176,42.2082309668523,7.0,76.65140269984113,86.04179810225205,79.4685213205644,21.666563,70.88947241278905,Good,1,0,Vehicle_0745,0.0003,0.0%,LOW,124,2480,temperature,-5.7414,Cooling system,Inspect coolant level and radiator,temperature signal is elevated (SHAP=-5.741),31,Low,2026-06-28 20:56:33
98.96257339525796,36.9605570798613,2701.9594516739144,0.2768886447030267,12.123958036779149,51.52094235109416,35.47055220903525,7.0,62.0748532094841,80.3632690171398,67.5613779517808,9.939605,62.60948057449644,Warning,2,0,Vehicle_0746,0.0003,0.0%,LOW,124,2480,temperature,-5.978,Cooling system,Inspect coolant level and radiator,temperature signal is elevated (SHAP=-5.978),31,Low,2026-06-28 20:56:33
111.96391783651472,36.276313506287394,3102.569651862292,0.7408057715024521,12.967228221649906,61.06935802776293,37.44810663121402,1.0,50.0,100.0,65.0,5.2585363,77.0,Warning,2,0,Vehicle_0747,0.0023,0.2%,LOW,124,2480,fault_count,-6.1439,ECU fault logs,Review and clear fault codes,fault_count signal is elevated (SHAP=-6.144),31,Low,2026-06-28 20:56:33
92.74446358152176,27.180808504682563,1515.7918819211386,0.084822834208557,12.41822312844544,52.31092344820213,27.67643718985382,6.0,79.51107283695646,92.50170404837436,83.40826220038183,14.993679,76.54529812990397,Good,1,0,Vehicle_0748,0.0002,0.0%,LOW,124,2480,temperature,-3.7886,Cooling system,Inspect coolant level and radiator,temperature signal is elevated (SHAP=-3.789),31,Low,2026-06-28 20:56:33
79.42424955121457,28.99934559598808,1659.468880613481,0.1796450616100367,12.836482036234466,57.22201518619636,31.482226339520828,2.0,100.0,100.0,100.0,19.047188,96.0,Excellent,0,0,Vehicle_0749,0.0003,0.0%,LOW,124,2480,temperature,-3.8424,Cooling system,Inspect coolant level and radiator,temperature signal is elevated (SHAP=-3.842),31,Low,2026-06-28 20:56:33
71.60304067622707,34.49859332194874,1101.185576413181,0.1604271625018506,12.125900442646126,23.40741212881693,34.94279819828043,2.0,100.0,80.44339325915267,94.1330179777458,19.30874,88.56848943847801,Excellent,0,0,Vehicle_0750,0.0002,0.0%,LOW,124,2480,temperature,-3.8191,Cooling system,Inspect coolant level and radiator,temperature signal is elevated (SHAP=-3.819),31,Low,2026-06-28 20:56:33
85.17176937505981,32.348976224088645,3193.1179202860794,0.2558045645052202,12.96266968358439,61.080724394290485,29.79333035390804,0.0,100.0,100.0,100.0,99.68628,100.0,Excellent,0,0,Vehicle_0751,0.0002,0.0%,LOW,124,2480,temperature,-3.8465,Cooling system,Inspect coolant level and radiator,temperature signal is elevated (SHAP=-3.846),31,Low,2026-06-28 20:56:33
80.51102944172115,27.638175172217736,2700.2586345523705,0.2818206640737046,12.509450909813845,40.27671611654582,38.31432104036549,7.0,80.0,96.2648500298211,84.87945500894634,20.079834,76.18064301133202,Good,1,0,Vehicle_0752,0.0003,0.0%,LOW,124,2480,temperature,-5.7851,Cooling system,Inspect coolant level and radiator,temperature signal is elevated (SHAP=-5.785),31,Low,2026-06-28 20:56:33
69.77398141406776,20.28556907929101,2904.2140127462167,0.7408057715024521,12.573915050485864,56.98902446568282,39.57439016123071,8.0,41.14227631716405,98.9239958325419,58.47679217177741,2.7983546,58.87087446957483,Critical,3,0,Vehicle_0753,0.0025,0.2%,LOW,124,2480,temperature,-6.4108,Cooling system,Inspect coolant level and radiator,temperature signal is elevated (SHAP=-6.411),31,Low,2026-06-28 20:56:33
115.7313347629493,30.683251164852077,1356.4014093092253,0.0493897604324654,12.45265172457167,68.39977691102928,56.72706623619921,5.0,60.0,59.92188363858138,59.976565091574415,1.3566136,57.97031578266092,Critical,3,0,Vehicle_0754,0.0321,3.2%,LOW,120,2400,fault_count,-7.3166,ECU fault logs,Review and clear fault codes,fault_count signal is elevated (SHAP=-7.317),30,Low,2026-06-28 20:56:33
111.77752603108196,36.47405783541668,3927.9584983041104,0.1999409407893706,12.1978100072014,63.37617015036548,37.781900293623714,7.0,50.0,83.4096627970577,60.02289883911731,1.2455165,58.69567186288193,Warning,2,1,Vehicle_0755,0.9988,99.9%,CRITICAL,5,100,temperature,4.5802,Cooling system,Inspect coolant level and radiator,temperature signal is rapidly deteriorating (SHAP=4.580),1,Immediate,2026-06-28 20:56:33
102.04073025333142,22.81447026579506,2012.9192734837136,0.116565613360603,12.399326875802013,56.97439450978948,15.877573444811624,3.0,71.25788106318024,91.72223362683302,77.39718683227606,19.047188,78.78275882473224,Good,1,0,Vehicle_0756,0.0002,0.0%,LOW,124,2480,temperature,-3.7917,Cooling system,Inspect coolant level and radiator,temperature signal is elevated (SHAP=-3.792),31,Low,2026-06-28 20:56:33
71.18724403286309,33.83255629005586,2634.5646456890045,0.0487435519040478,12.222963904804256,62.84256592369033,46.6301908083868,5.0,90.0,78.90461232466038,86.67138369739811,13.831579,77.78375268337095,Good,1,0,Vehicle_0757,0.0002,0.0%,LOW,124,2480,temperature,-3.8213,Cooling system,Inspect coolant level and radiator,temperature signal is elevated (SHAP=-3.821),31,Low,2026-06-28 20:56:33
97.82528986445918,31.989250170802155,3183.507728542698,0.0410728279358207,12.783818425057914,63.768221077775706,32.961293583638074,7.0,64.34942027108164,100.0,75.04459418975715,16.85328,71.02675651385428,Good,1,0,Vehicle_0758,0.0004,0.0%,LOW,124,2480,temperature,-5.8103,Cooling system,Inspect coolant level and radiator,temperature signal is elevated (SHAP=-5.810),31,Low,2026-06-28 20:56:33
94.59439614246853,34.500889579394,1710.4161953631424,0.0947514625381768,12.318777133172537,79.91002322767852,55.119253629368544,4.0,85.81120771506295,54.39955674336707,76.38771242355418,17.09106,68.71253880280592,Good,1,0,Vehicle_0759,0.0002,0.0%,LOW,124,2480,temperature,-3.8411,Cooling system,Inspect coolant level and radiator,temperature signal is elevated (SHAP=-3.841),31,Low,2026-06-28 20:56:33
91.6381843630608,35.23185299831404,2062.9405131898666,0.1043835781728331,11.80139710888244,49.31898601074458,49.70924452505308,6.0,81.72363127387842,51.04619935622017,72.52040169858094,12.287563,61.7214808903926,Warning,2,0,Vehicle_0760,0.0002,0.0%,LOW,124,2480,temperature,-3.9682,Cooling system,Inspect coolant level and radiator,temperature signal is elevated (SHAP=-3.968),31,Low,2026-06-28 20:56:33
103.74497900565666,25.83320854844788,2643.3374196806994,0.5747753841594094,11.728230506004287,53.27913986884777,29.947326162884337,1.0,61.68164105603937,67.0,63.27714873922756,16.549623,69.36628924353653,Warning,2,0,Vehicle_0761,0.0002,0.0%,LOW,124,2480,temperature,-3.6969,Cooling system,Inspect coolant level and radiator,temperature signal is elevated (SHAP=-3.697),31,Low,2026-06-28 20:56:33
94.53056714291915,20.298243599010323,4612.341159193811,0.1176851150245028,11.70931273907183,68.64133617952223,42.21902783871175,5.0,49.88501692632676,67.0,55.019511848428735,1.2731314,56.41170710905724,Critical,3,0,Vehicle_0762,0.0009,0.1%,LOW,124,2480,temperature,-4.3072,Cooling system,Inspect coolant level and radiator,temperature signal is elevated (SHAP=-4.307),31,Low,2026-06-28 20:56:33
96.10021354456504,26.798882845902725,2740.8997942816195,0.2163405819549237,12.647188303021576,40.19224780472974,29.06044852252112,8.0,67.79957291086993,100.0,77.45970103760894,17.516422,70.47582062256535,Good,1,0,Vehicle_0763,0.0005,0.1%,LOW,124,2480,temperature,-5.9143,Cooling system,Inspect coolant level and radiator,temperature signal is elevated (SHAP=-5.914),31,Low,2026-06-28 20:56:33
94.55359425058316,35.33476390516204,3785.088920504575,0.2677286882030687,11.939398275450625,23.294650546440288,35.02690826414694,7.0,70.89281149883371,72.75017886233817,71.45002170788504,10.7435465,63.42004879719866,Warning,2,0,Vehicle_0764,0.0003,0.0%,LOW,124,2480,temperature,-5.9738,Cooling system,Inspect coolant level and radiator,temperature signal is elevated (SHAP=-5.974),31,Low,2026-06-28 20:56:33
90.1118711200316,26.74797657884417,3464.5385161535646,0.2295826838298617,12.520034310335427,59.864603491655416,41.75984814353954,3.0,99.7762577599368,96.7014153013364,98.85380502235668,17.470497,92.65256607368129,Excellent,0,0,Vehicle_0765,0.0002,0.0%,LOW,124,2480,temperature,-3.8013,Cooling system,Inspect coolant level and radiator,temperature signal is elevated (SHAP=-3.801),31,Low,2026-06-28 20:56:33
58.245833054287246,25.83574005685415,2794.408029195615,0.1373750673661953,12.454629806996566,45.879526307681104,46.1300020604651,5.0,90.0,90.161472533027,90.04844175990809,19.392086,82.06135956255025,Excellent,0,0,Vehicle_0766,0.0002,0.0%,LOW,124,2480,temperature,-3.7995,Cooling system,Inspect coolant level and radiator,temperature signal is elevated (SHAP=-3.800),31,Low,2026-06-28 20:56:33
86.25431616115836,19.07189794845217,1708.6433826954571,0.592281644899171,12.37411656203609,25.849451765312644,43.9520582888624,6.0,45.51455700672193,90.6823081839887,59.06488235990196,2.257824,61.57539105273892,Critical,3,0,Vehicle_0767,0.0006,0.1%,LOW,124,2480,temperature,-4.1808,Cooling system,Inspect coolant level and radiator,temperature signal is elevated (SHAP=-4.181),31,Low,2026-06-28 20:56:33
76.65712061726312,40.51588532730563,3347.802888654588,0.5299893280890707,12.575362081352948,60.01083858759674,35.749896319128275,9.0,64.66737812739528,98.9836858558091,74.96227044591942,20.389969,66.77409943871348,Warning,2,0,Vehicle_0768,0.0004,0.0%,LOW,124,2480,temperature,-6.0186,Cooling system,Inspect coolant level and radiator,temperature signal is elevated (SHAP=-6.019),31,Low,2026-06-28 20:56:33
65.80238563539969,34.95428184855186,1301.5117266815623,0.198344769024029,12.46332141483621,78.62266030058497,59.83423900081216,8.0,80.0,60.36200836199369,74.10860250859811,8.166957,60.53756317755761,Warning,2,0,Vehicle_0769,0.0005,0.1%,LOW,124,2480,temperature,-5.9939,Cooling system,Inspect coolant level and radiator,temperature signal is elevated (SHAP=-5.994),31,Low,2026-06-28 20:56:33
110.22724928951236,34.61937588764859,3780.700098941674,0.0217876349255652,11.327699806254133,17.40514907421828,31.34979593472911,8.0,50.0,67.0,55.1,1.2455165,50.46,Critical,3,1,Vehicle_0770,0.9995,100.0%,CRITICAL,5,100,temperature,4.7495,Cooling system,Inspect coolant level and radiator,temperature signal is rapidly deteriorating (SHAP=4.750),1,Immediate,2026-06-28 20:56:33
110.93493011328556,35.806352320676844,2660.004246574604,0.1429840854505255,12.270549903660603,70.44649990432963,18.927993683007024,7.0,50.0,86.41018352599995,60.92305505779999,1.2455165,59.83586973987998,Warning,2,1,Vehicle_0771,0.9991,99.9%,CRITICAL,5,100,temperature,4.5916,Cooling system,Inspect coolant level and radiator,temperature signal is rapidly deteriorating (SHAP=4.592),1,Immediate,2026-06-28 20:56:33
105.38830900443418,33.46025016926041,500.0,0.0989914116542316,12.570041253625371,0.0,20.853007047906758,3.0,80.0,98.76420171204664,85.62926051361399,17.319971,85.13039665057772,Good,1,0,Vehicle_0772,0.0026,0.3%,LOW,124,2480,fault_count,-6.1343,ECU fault logs,Review and clear fault codes,fault_count signal is elevated (SHAP=-6.134),31,Low,2026-06-28 20:56:33
88.82820125283811,28.534026868922822,2227.595123974529,0.1795988223040573,13.056113124302,41.99426739636972,49.74007730122343,3.0,100.0,83.88373717584034,95.1651211527521,17.09106,87.87582012681933,Excellent,0,0,Vehicle_0773,0.0003,0.0%,LOW,124,2480,temperature,-3.8462,Cooling system,Inspect coolant level and radiator,temperature signal is elevated (SHAP=-3.846),31,Low,2026-06-28 20:56:33
105.25937681428984,29.01741537526679,3023.1582567383525,0.1478582361767484,13.074583046633,86.8103182448516,34.23347080153196,4.0,75.0,88.76297489599486,79.12889246879845,16.85328,77.22993046047804,Good,1,0,Vehicle_0774,0.0011,0.1%,LOW,124,2480,fault_count,-5.0771,ECU fault logs,Review and clear fault codes,fault_count signal is elevated (SHAP=-5.077),31,Low,2026-06-28 20:56:33
85.18079770902739,27.43461381244725,2310.380901568187,0.1882827200255797,11.854739794565898,43.43351902974267,36.59057498054092,4.0,95.0,69.25801652584326,87.27740495775298,17.475641,78.21804627982044,Good,1,0,Vehicle_0775,0.0002,0.0%,LOW,124,2480,temperature,-3.8049,Cooling system,Inspect coolant level and radiator,temperature signal is elevated (SHAP=-3.805),31,Low,2026-06-28 20:56:33
88.04195915346669,45.80844452649,3072.0046487948584,0.2592921796719197,12.260109880274891,51.79876791641984,29.574761200756637,9.0,80.0,85.97953256133925,81.79385976840177,20.351988,68.2722223733089,Good,1,0,Vehicle_0776,0.0004,0.0%,LOW,124,2480,temperature,-6.0301,Cooling system,Inspect coolant level and radiator,temperature signal is elevated (SHAP=-6.030),31,Low,2026-06-28 20:56:33
68.59792944307026,33.335472187796654,1819.980665830164,0.2790787279130687,11.7735540745168,65.2573240154711,30.4729752070081,8.0,80.0,67.0,76.1,15.398699,63.06,Good,1,0,Vehicle_0777,0.0004,0.0%,LOW,124,2480,temperature,-6.0849,Cooling system,Inspect coolant level and radiator,temperature signal is elevated (SHAP=-6.085),31,Low,2026-06-28 20:56:33
90.9548695674826,27.217197351891397,1455.214101769914,0.2651074651924268,13.007954030044033,15.670529718786952,27.12904139050705,8.0,78.0902608650348,100.0,84.66318260552436,20.079834,74.79790956331462,Good,1,0,Vehicle_0778,0.0005,0.1%,LOW,124,2480,temperature,-5.9224,Cooling system,Inspect coolant level and radiator,temperature signal is elevated (SHAP=-5.922),31,Low,2026-06-28 20:56:33
85.90578892636626,32.79298064499768,2442.843677561916,0.3332241629429647,12.80514248325942,51.44189601679511,39.71150813330089,6.0,82.78505580380235,100.0,87.94953906266164,20.407671,80.76972343759698,Good,1,0,Vehicle_0779,0.0002,0.0%,LOW,124,2480,temperature,-3.7718,Cooling system,Inspect coolant level and radiator,temperature signal is elevated (SHAP=-3.772),31,Low,2026-06-28 20:56:33
65.46021824748303,23.93478649286209,2525.252533831932,0.3975054644381569,12.54023515474527,51.28426143922616,34.026200824628994,1.0,89.23878167557126,97.5347001332424,91.7275572128726,25.280869,92.54347435437204,Excellent,0,0,Vehicle_0780,0.0002,0.0%,LOW,124,2480,temperature,-3.7367,Cooling system,Inspect coolant level and radiator,temperature signal is elevated (SHAP=-3.737),31,Low,2026-06-28 20:56:33
84.23204332275105,39.02704031153536,2221.2925191501427,0.1403726594628098,12.466437944504085,87.24641946497479,39.35005377803401,1.0,100.0,82.5339730935851,94.76019192807551,17.09106,91.36290977556231,Excellent,0,0,Vehicle_0781,0.0002,0.0%,LOW,124,2480,temperature,-3.8183,Cooling system,Inspect coolant level and radiator,temperature signal is elevated (SHAP=-3.818),31,Low,2026-06-28 20:56:34
83.80405654214788,26.03358542515716,3481.832917313754,0.6787086306751123,12.952252440139793,25.28518338004353,38.39438385317483,2.0,80.0,100.0,86.0,21.837223,87.6,Good,1,0,Vehicle_0782,0.0002,0.0%,LOW,124,2480,temperature,-3.7461,Cooling system,Inspect coolant level and radiator,temperature signal is elevated (SHAP=-3.746),31,Low,2026-06-28 20:56:34
111.9634174996696,33.0065125957348,1819.8340998887536,0.7408057715024521,12.884530077904056,42.36921367099757,30.741212663671035,6.0,35.0,100.0,54.5,2.053839,60.7,Critical,3,0,Vehicle_0783,0.0257,2.6%,LOW,121,2420,fault_count,-6.928,ECU fault logs,Review and clear fault codes,fault_count signal is elevated (SHAP=-6.928),30,Low,2026-06-28 20:56:34
98.41319992770114,36.395865778458806,2750.53248586588,0.0870263419807187,12.863217878662448,31.432884183527687,20.412693746972124,3.0,83.17360014459771,100.0,88.2215201012184,14.993679,86.93291206073104,Good,1,0,Vehicle_0784,0.0003,0.0%,LOW,124,2480,temperature,-3.8592,Cooling system,Inspect coolant level and radiator,temperature signal is elevated (SHAP=-3.859),31,Low,2026-06-28 20:56:34
85.17168158637199,32.30861126522996,2554.3759769309004,0.576535465882787,12.582671943912905,29.31176392617241,19.542004040006425,6.0,66.56430227448087,99.28521768640734,76.38057689805879,19.876152,73.68538967611674,Good,1,0,Vehicle_0785,0.0002,0.0%,LOW,124,2480,temperature,-3.7724,Cooling system,Inspect coolant level and radiator,temperature signal is elevated (SHAP=-3.772),31,Low,2026-06-28 20:56:34
88.73180964701625,30.56681995091783,1254.6272382911334,0.2647732796654659,12.260308680194337,72.54805454129156,61.519698055824975,8.0,80.0,51.9877330580163,71.59631991740488,6.9537106,57.35533856204619,Warning,2,0,Vehicle_0786,0.0004,0.0%,LOW,124,2480,temperature,-5.9901,Cooling system,Inspect coolant level and radiator,temperature signal is elevated (SHAP=-5.990),31,Low,2026-06-28 20:56:34
85.66318567156297,30.06481250913609,1444.7758530651902,0.232574889373965,12.706849932807025,50.53303004001636,49.781734444233095,3.0,100.0,83.74210288960748,95.12263086688225,17.393625,87.82199909805084,Excellent,0,0,Vehicle_0787,0.0003,0.0%,LOW,124,2480,temperature,-3.8314,Cooling system,Inspect coolant level and radiator,temperature signal is elevated (SHAP=-3.831),31,Low,2026-06-28 20:56:34
81.95629022806679,29.66135341867736,2509.5288129989053,0.0503905330568206,12.726416762102046,38.88865607146958,48.40182566891214,9.0,80.0,88.43379272569872,82.53013781770962,16.85328,69.20484123576551,Good,1,0,Vehicle_0788,0.0005,0.1%,LOW,124,2480,temperature,-5.9391,Cooling system,Inspect coolant level and radiator,temperature signal is elevated (SHAP=-5.939),31,Low,2026-06-28 20:56:34
68.7635920391757,26.539809066434987,4084.959998949571,0.2262630544275234,12.323745012163217,39.64308197714929,28.25393193013105,5.0,88.30080002100858,88.60448175173269,88.39190454022581,20.8457,80.75603907448202,Good,1,0,Vehicle_0789,0.0002,0.0%,LOW,124,2480,temperature,-3.8007,Cooling system,Inspect coolant level and radiator,temperature signal is elevated (SHAP=-3.801),31,Low,2026-06-28 20:56:34
82.73422183589607,27.303099421381773,2963.4158495190486,0.1411667995761365,12.259500432466304,38.73545846109208,35.0950973376312,8.0,80.0,85.95439283923503,81.7863178517705,19.657219,70.2626692789093,Good,1,0,Vehicle_0790,0.0004,0.0%,LOW,124,2480,temperature,-5.9046,Cooling system,Inspect coolant level and radiator,temperature signal is elevated (SHAP=-5.905),31,Low,2026-06-28 20:56:34
73.8085261502123,38.87754224190561,1119.492139884294,0.7408057715024521,12.853325307823283,40.523936451846126,26.846372076168294,0.0,80.0,100.0,86.0,99.73955,91.6,Good,1,0,Vehicle_0791,0.0002,0.0%,LOW,124,2480,temperature,-3.77,Cooling system,Inspect coolant level and radiator,temperature signal is elevated (SHAP=-3.770),31,Low,2026-06-28 20:56:34
66.2452669161528,29.34878020388906,500.0,0.4223746931721836,13.065646443507845,24.711093114214712,21.879179048341094,2.0,91.84168712185442,100.0,94.28918098529807,24.863546,92.57350859117884,Excellent,0,0,Vehicle_0792,0.0003,0.0%,LOW,124,2480,temperature,-3.7848,Cooling system,Inspect coolant level and radiator,temperature signal is elevated (SHAP=-3.785),31,Low,2026-06-28 20:56:34
92.66832721821302,25.285222383703363,3086.442874403504,0.1968011331628156,12.100241687634094,44.825409148696,29.11226479624299,9.0,74.66334556357396,79.38496961490637,76.07983277897368,13.987106,63.52489359036548,Good,1,0,Vehicle_0793,0.0005,0.1%,LOW,124,2480,temperature,-6.0651,Cooling system,Inspect coolant level and radiator,temperature signal is elevated (SHAP=-6.065),31,Low,2026-06-28 20:56:34
90.86896989899851,26.902214418830948,2423.029213657441,0.4208399087784204,12.29464932982081,42.81586616695711,48.261849634295785,8.0,70.20606628344157,76.31399609850276,72.03844522795993,13.13746,62.48586635647651,Warning,2,0,Vehicle_0794,0.0004,0.0%,LOW,124,2480,temperature,-5.9864,Cooling system,Inspect coolant level and radiator,temperature signal is elevated (SHAP=-5.986),31,Low,2026-06-28 20:56:34
58.19938732947883,36.60222408418334,3413.012775608296,0.158033420442398,12.54037323058188,34.844065871933154,43.4074536692397,5.0,90.0,97.54039576150254,92.26211872845076,19.392086,84.86535038937097,Excellent,0,0,Vehicle_0795,0.0002,0.0%,LOW,124,2480,temperature,-3.8344,Cooling system,Inspect coolant level and radiator,temperature signal is elevated (SHAP=-3.834),31,Low,2026-06-28 20:56:34
83.15973043757309,34.05363979898687,1795.4256634308467,0.022773775816434,12.594639599099445,53.1009251260995,25.299519983779785,0.0,100.0,99.77888346285212,99.93366503885562,99.67958,99.9159757158838,Excellent,0,0,Vehicle_0796,0.0002,0.0%,LOW,124,2480,temperature,-3.8263,Cooling system,Inspect coolant level and radiator,temperature signal is elevated (SHAP=-3.826),31,Low,2026-06-28 20:56:34
99.93552078849883,33.361975069393544,2780.169998286821,0.6025798187095033,12.191053456303482,54.79778960236317,31.85183949842525,0.0,60.1289584230023,83.13095507251863,67.02955741785719,99.632065,76.84392546521804,Warning,2,0,Vehicle_0797,0.0002,0.0%,LOW,124,2480,temperature,-3.7477,Cooling system,Inspect coolant level and radiator,temperature signal is elevated (SHAP=-3.748),31,Low,2026-06-28 20:56:34
100.88835608344482,28.45487280654125,3176.93877042229,0.2245979319992972,13.153408252137618,38.86705571416584,42.49123171936581,4.0,75.0,100.0,82.5,17.470497,81.5,Good,1,0,Vehicle_0798,0.0003,0.0%,LOW,124,2480,temperature,-3.8462,Cooling system,Inspect coolant level and radiator,temperature signal is elevated (SHAP=-3.846),31,Low,2026-06-28 20:56:34
100.38755264327858,33.44017482103767,2142.0290894348145,0.0991311654980604,12.568838106218069,47.1173169846749,29.290286048126628,8.0,60.0,98.71457188149536,71.6143715644486,2.8351605,66.71153731496824,Warning,2,0,Vehicle_0799,0.0094,0.9%,LOW,123,2460,temperature,-6.6042,Cooling system,Inspect coolant level and radiator,temperature signal is elevated (SHAP=-6.604),30,Low,2026-06-28 20:56:34
85.5836981035219,26.138633250296117,2159.131543815148,0.3064692130402057,12.61255336338822,93.17247453801713,35.795862448327306,3.0,99.56871913065297,78.26541701227174,93.17772849513858,19.814772,85.55972049953749,Excellent,0,0,Vehicle_0800,0.0002,0.0%,LOW,124,2480,temperature,-3.794,Cooling system,Inspect coolant level and radiator,temperature signal is elevated (SHAP=-3.794),31,Low,2026-06-28 20:56:34
72.32432008046274,28.442315811925354,2520.210264878712,0.5235590157146867,13.103553632604704,92.40866517204276,39.01847447064812,8.0,65.09606561902089,79.52570246612947,69.42495667315346,11.877453,61.560114497117965,Warning,2,0,Vehicle_0801,0.0004,0.0%,LOW,124,2480,temperature,-6.0293,Cooling system,Inspect coolant level and radiator,temperature signal is elevated (SHAP=-6.029),31,Low,2026-06-28 20:56:34
68.74451758962908,35.818826924350475,2934.141077248263,0.3853374103392322,12.220375349902165,28.918196197405287,38.90930551844131,5.0,84.31083931071785,84.34048318346429,84.31973247254177,24.714924,77.45993612021792,Good,1,0,Vehicle_0802,0.0002,0.0%,LOW,124,2480,temperature,-3.7621,Cooling system,Inspect coolant level and radiator,temperature signal is elevated (SHAP=-3.762),31,Low,2026-06-28 20:56:34
90.16907357125535,35.245666073514386,2488.532796390471,0.1367161754638951,12.364627249423089,31.711048668228827,37.54145427690286,1.0,99.66185285748928,90.2908740387024,96.8505592118532,16.85328,94.1685103348524,Excellent,0,0,Vehicle_0803,0.0002,0.0%,LOW,124,2480,temperature,-3.8296,Cooling system,Inspect coolant level and radiator,temperature signal is elevated (SHAP=-3.830),31,Low,2026-06-28 20:56:34
90.68920051547744,24.10854092429518,3279.197070207589,0.0240437260081081,11.89867110839135,28.811934460160067,28.4630282621749,5.0,85.05576266622585,71.07018322114314,80.86008883270102,19.657219,72.73008994384924,Good,1,0,Vehicle_0804,0.0002,0.0%,LOW,124,2480,temperature,-3.7995,Cooling system,Inspect coolant level and radiator,temperature signal is elevated (SHAP=-3.800),31,Low,2026-06-28 20:56:34
104.30996667407598,24.866841282548545,2130.451848586376,0.5133248353491963,12.33105981109857,71.14107879944478,29.490254124811848,3.0,65.24570944024777,88.90621720781598,72.34386177051823,21.381533,75.18756050387414,Warning,2,0,Vehicle_0805,0.0002,0.0%,LOW,124,2480,temperature,-3.696,Cooling system,Inspect coolant level and radiator,temperature signal is elevated (SHAP=-3.696),31,Low,2026-06-28 20:56:34
101.49969475513126,30.65221291688046,1437.2838356295124,0.1709711570652329,11.804428990425857,42.029414008486114,23.66350148479375,2.0,80.0,67.18269585506647,76.15480875651994,17.961098,75.12942442492525,Good,1,0,Vehicle_0806,0.0002,0.0%,LOW,124,2480,temperature,-3.8223,Cooling system,Inspect coolant level and radiator,temperature signal is elevated (SHAP=-3.822),31,Low,2026-06-28 20:56:34
83.01657015203241,40.35679424801706,4081.580294490544,0.0088656788105614,12.69913974167727,54.793484871926,19.38663406497728,6.0,83.36839411018913,100.0,88.35787587713239,20.138336,81.01472552627942,Good,1,0,Vehicle_0807,0.0003,0.0%,LOW,124,2480,temperature,-3.8274,Cooling system,Inspect coolant level and radiator,temperature signal is elevated (SHAP=-3.827),31,Low,2026-06-28 20:56:34
66.33691181708696,18.50660901318604,2016.293010766043,0.047968645270301,12.567998700027998,89.93934666561768,33.85251258309771,2.0,80.0,82.28002437788575,80.68400731336573,20.411087,80.86640926359658,Good,1,0,Vehicle_0808,0.0002,0.0%,LOW,124,2480,temperature,-3.7979,Cooling system,Inspect coolant level and radiator,temperature signal is elevated (SHAP=-3.798),31,Low,2026-06-28 20:56:34
80.21340104483653,31.669997637423027,2045.2463330258024,0.0134047914873966,12.289172277184583,49.79070411379075,43.16259614587192,9.0,80.0,87.17835643386407,82.15350693015922,17.09106,68.72777544486834,Good,1,0,Vehicle_0809,0.0004,0.0%,LOW,124,2480,temperature,-6.034,Cooling system,Inspect coolant level and radiator,temperature signal is elevated (SHAP=-6.034),31,Low,2026-06-28 20:56:34
88.25846792215788,21.743740010561112,2447.3573431422524,0.2902967046471931,12.35983051687286,64.12497443514641,21.19717605846053,8.0,66.97496004224445,90.09300882100554,73.91037467587277,16.621954,66.36482656972477,Warning,2,0,Vehicle_0810,0.0004,0.0%,LOW,124,2480,temperature,-6.0541,Cooling system,Inspect coolant level and radiator,temperature signal is elevated (SHAP=-6.054),31,Low,2026-06-28 20:56:34
81.96875131915894,26.194014038846728,2553.744887723185,0.557792886399144,12.704586566075596,60.40841498600786,37.729732441242575,7.0,62.81380757339039,100.0,73.96966530137327,22.027033,70.38179918082396,Warning,2,0,Vehicle_0811,0.0004,0.0%,LOW,124,2480,temperature,-5.7166,Cooling system,Inspect coolant level and radiator,temperature signal is elevated (SHAP=-5.717),31,Low,2026-06-28 20:56:34
76.33158837883516,27.813429491614556,2190.653086009373,0.3300352119818758,11.94568156524404,38.23565296608101,42.84631213383395,0.0,97.9976525345416,73.00936456631665,90.50116614407412,99.72481,88.9025725997078,Excellent,0,0,Vehicle_0812,0.0002,0.0%,LOW,124,2480,temperature,-3.7754,Cooling system,Inspect coolant level and radiator,temperature signal is elevated (SHAP=-3.775),31,Low,2026-06-28 20:56:34
88.79327222454849,27.476949939378656,2486.052882440793,0.0564358128380521,12.48166714698101,71.18323463483718,16.632662311786543,9.0,80.0,95.11876981296668,84.53563094389,20.138336,71.74513252892734,Good,1,0,Vehicle_0813,0.0004,0.0%,LOW,124,2480,temperature,-5.8938,Cooling system,Inspect coolant level and radiator,temperature signal is elevated (SHAP=-5.894),31,Low,2026-06-28 20:56:34
77.44063387884084,26.797224362044748,2468.190214857461,0.6692709894457414,12.679803922583496,33.00598381799628,32.294188998637814,4.0,75.0,100.0,82.5,23.994816,81.5,Good,1,0,Vehicle_0814,0.0002,0.0%,LOW,124,2480,temperature,-3.7322,Cooling system,Inspect coolant level and radiator,temperature signal is elevated (SHAP=-3.732),31,Low,2026-06-28 20:56:34
75.57900874411939,30.04324236225822,2639.8554616166457,0.050875516858246,11.687090369037104,76.79759572888352,51.46210200458373,7.0,80.0,45.0288531844153,69.50865595532458,6.6779795,56.71096421007781,Warning,2,0,Vehicle_0815,0.0003,0.0%,LOW,124,2480,temperature,-5.9299,Cooling system,Inspect coolant level and radiator,temperature signal is elevated (SHAP=-5.930),31,Low,2026-06-28 20:56:34
89.6717925145516,26.78846660021653,614.0100328101471,0.4799034275125578,12.673975202280808,38.2509806958176,40.51941017757373,1.0,88.00643816582948,100.0,91.60450671608064,21.010471,92.96270402964838,Excellent,0,0,Vehicle_0816,0.0002,0.0%,LOW,124,2480,temperature,-3.7381,Cooling system,Inspect coolant level and radiator,temperature signal is elevated (SHAP=-3.738),31,Low,2026-06-28 20:56:34
78.97011129806192,21.225255690875084,4004.70104560628,0.2155565080767293,11.730375014695374,40.440645589278105,16.295428509377118,7.0,64.80700185137475,67.0,65.46490129596232,8.527655,58.67894077757739,Warning,2,0,Vehicle_0817,0.0004,0.0%,LOW,124,2480,temperature,-5.9486,Cooling system,Inspect coolant level and radiator,temperature signal is elevated (SHAP=-5.949),31,Low,2026-06-28 20:56:34
88.66156583467529,34.679217675136655,2382.169349172354,0.0008706803736222,12.352962206459388,28.230243527464168,41.58339462411611,3.0,100.0,89.80969101644976,96.94290730493492,16.54427,90.1276825862509,Excellent,0,0,Vehicle_0818,0.0002,0.0%,LOW,124,2480,temperature,-3.8296,Cooling system,Inspect coolant level and radiator,temperature signal is elevated (SHAP=-3.830),31,Low,2026-06-28 20:56:34
89.09806034278184,34.517233002893285,2964.4980955575884,0.0581713742909949,11.934643558361907,31.51481178366706,27.522632057716717,7.0,80.0,72.55404678242873,77.76621403472862,16.257309,67.17053777732292,Good,1,0,Vehicle_0819,0.0003,0.0%,LOW,124,2480,temperature,-5.9818,Cooling system,Inspect coolant level and radiator,temperature signal is elevated (SHAP=-5.982),31,Low,2026-06-28 20:56:34
67.90856498362638,35.05904586013601,1397.5189267727806,0.0286708537851573,12.972498631716006,41.46471355342929,41.9130693009276,2.0,100.0,100.0,100.0,19.392086,96.0,Excellent,0,0,Vehicle_0820,0.0003,0.0%,LOW,124,2480,temperature,-3.8507,Cooling system,Inspect coolant level and radiator,temperature signal is elevated (SHAP=-3.851),31,Low,2026-06-28 20:56:34
77.78138314201881,20.75559302241551,2123.1997910006,0.2181051168854395,11.937151578339062,1.3730288417877643,28.09918233399226,9.0,63.02237208966204,72.65750260648629,65.91291124470932,8.518875,56.07924726812285,Warning,2,0,Vehicle_0821,0.0005,0.1%,LOW,124,2480,temperature,-6.0651,Cooling system,Inspect coolant level and radiator,temperature signal is elevated (SHAP=-6.065),31,Low,2026-06-28 20:56:34
106.56665409874694,31.793508915504905,1962.1473069436684,0.3674906627096002,11.739924043213849,45.33335317648807,34.46967555588035,7.0,55.50062248602666,67.0,58.95043574021865,1.8517852,54.77026144413119,Critical,3,1,Vehicle_0822,0.9974,99.7%,CRITICAL,5,100,temperature,4.688,Cooling system,Inspect coolant level and radiator,temperature signal is rapidly deteriorating (SHAP=4.688),1,Immediate,2026-06-28 20:56:34
67.5688073089857,34.05587313484154,3675.779011606836,0.2819350768572453,12.453340856638526,39.84051525516966,29.624572314370507,4.0,95.0,93.9503103363392,94.68509310090175,20.8457,87.6011179278089,Excellent,0,0,Vehicle_0823,0.0002,0.0%,LOW,124,2480,temperature,-3.8216,Cooling system,Inspect coolant level and radiator,temperature signal is elevated (SHAP=-3.822),31,Low,2026-06-28 20:56:34
53.25018326544203,23.81278758936249,2031.3491145312937,0.5230875124082814,12.234518807991671,65.80022197223664,35.03157722738506,4.0,75.3786495302312,84.92390082965643,78.24222492005876,25.600946,75.93011511796654,Good,1,0,Vehicle_0824,0.0002,0.0%,LOW,124,2480,temperature,-3.7297,Cooling system,Inspect coolant level and radiator,temperature signal is elevated (SHAP=-3.730),31,Low,2026-06-28 20:56:34
57.07232270136232,30.05503948909277,3106.463989552073,0.2691990869543999,11.798157908534428,58.45961476713652,29.327198260889883,0.0,100.0,67.0,90.1,99.69827,87.46,Excellent,0,0,Vehicle_0825,0.0002,0.0%,LOW,124,2480,temperature,-3.8175,Cooling system,Inspect coolant level and radiator,temperature signal is elevated (SHAP=-3.817),31,Low,2026-06-28 20:56:34
85.43664919865004,29.302400128137805,1979.663637861444,0.0500704212355805,12.61032607966194,35.847251378014064,32.76461758445522,2.0,100.0,100.0,100.0,19.392086,96.0,Excellent,0,0,Vehicle_0826,0.0002,0.0%,LOW,124,2480,temperature,-3.8394,Cooling system,Inspect coolant level and radiator,temperature signal is elevated (SHAP=-3.839),31,Low,2026-06-28 20:56:34
85.46375917049049,41.05290395140958,2137.904848276845,0.3247564518459178,11.60340037502013,40.82898481148186,23.243949916893225,7.0,78.34956987693882,67.0,74.94469891385717,15.801496,64.3668193483143,Warning,2,0,Vehicle_0827,0.0003,0.0%,LOW,124,2480,temperature,-5.9791,Cooling system,Inspect coolant level and radiator,temperature signal is elevated (SHAP=-5.979),31,Low,2026-06-28 20:56:34
83.23583716862319,41.54697622207544,2303.5598678394517,0.2305341020139343,11.98550361096675,45.30763922958205,39.90659595413992,8.0,80.0,74.65202395237844,78.39560718571353,14.59012,65.9677691019038,Good,1,0,Vehicle_0828,0.0004,0.0%,LOW,124,2480,temperature,-6.1023,Cooling system,Inspect coolant level and radiator,temperature signal is elevated (SHAP=-6.102),31,Low,2026-06-28 20:56:34
103.21284743392752,20.0138616400188,3527.07610146344,0.1623001696794822,12.169912691831687,79.71913108951698,36.75285208643925,9.0,40.05544656007518,82.25889853805708,52.71648215346975,1.2731314,50.081668999693264,Critical,3,0,Vehicle_0829,0.0113,1.1%,LOW,123,2460,temperature,-6.5409,Cooling system,Inspect coolant level and radiator,temperature signal is elevated (SHAP=-6.541),30,Low,2026-06-28 20:56:34
44.90748350345593,44.96356203436794,988.1178727759052,0.4916819932610958,12.720888956862057,33.55390639087116,18.834678258958487,0.0,87.22120044926028,100.0,91.0548403144822,99.76058,94.63290418868932,Excellent,0,0,Vehicle_0830,0.0002,0.0%,LOW,124,2480,temperature,-3.7655,Cooling system,Inspect coolant level and radiator,temperature signal is elevated (SHAP=-3.765),31,Low,2026-06-28 20:56:34
90.93900811646236,24.508645673080057,1447.4691557804538,0.7408057715024521,12.91818734680526,35.60478670098692,44.92916660201927,2.0,76.1565664593955,100.0,83.30959652157685,21.381533,85.9857579129461,Good,1,0,Vehicle_0831,0.0002,0.0%,LOW,124,2480,temperature,-3.7397,Cooling system,Inspect coolant level and radiator,temperature signal is elevated (SHAP=-3.740),31,Low,2026-06-28 20:56:34
108.4215730270536,35.88403976596455,942.1558674481466,0.1212230259070342,12.84111289893103,27.428316967656983,33.23712040345504,7.0,60.0,100.0,72.0,3.47175,69.19999999999999,Warning,2,1,Vehicle_0832,0.9923,99.2%,CRITICAL,5,100,temperature,4.6228,Cooling system,Inspect coolant level and radiator,temperature signal is rapidly deteriorating (SHAP=4.623),1,Immediate,2026-06-28 20:56:34
68.08328852662429,35.822987885182386,1629.99830419084,0.1815560608685724,12.338690483815109,20.3592104112763,36.6176239623591,3.0,100.0,89.22098245737315,96.76629473721196,19.047188,89.9039733338018,Excellent,0,0,Vehicle_0833,0.0002,0.0%,LOW,124,2480,temperature,-3.8217,Cooling system,Inspect coolant level and radiator,temperature signal is elevated (SHAP=-3.822),31,Low,2026-06-28 20:56:34
79.30290232315157,24.02585863894916,1850.7199590463144,0.2542865573370243,11.429076702081938,56.1400724725099,42.645616720291855,2.0,96.10343455579664,67.0,87.37240418905763,17.393625,81.82344251343459,Good,1,0,Vehicle_0834,0.0002,0.0%,LOW,124,2480,temperature,-3.7873,Cooling system,Inspect coolant level and radiator,temperature signal is elevated (SHAP=-3.787),31,Low,2026-06-28 20:56:35
73.70662124157069,32.95960676303459,1208.4149967276887,0.3435614214165822,12.556341208487424,54.0580666214642,38.28242242359984,2.0,97.09590523889452,98.19907485010629,97.42685612225804,23.994816,94.09592864337608,Excellent,0,0,Vehicle_0835,0.0002,0.0%,LOW,124,2480,temperature,-3.7606,Cooling system,Inspect coolant level and radiator,temperature signal is elevated (SHAP=-3.761),31,Low,2026-06-28 20:56:35
71.58480930883707,29.354797534403616,1912.681802708265,0.3263566119043358,12.988229495689843,75.65523705670704,46.65203158460899,9.0,78.24289253971095,94.38309261232943,83.0849525614965,19.029623,70.72759005936378,Good,1,0,Vehicle_0836,0.0005,0.1%,LOW,124,2480,temperature,-5.9432,Cooling system,Inspect coolant level and radiator,temperature signal is elevated (SHAP=-5.943),31,Low,2026-06-28 20:56:35
80.1060699246544,33.325980027794344,888.2284152532679,0.0233391373266606,12.893516163125428,70.82818015453859,32.06704477794589,8.0,80.0,100.0,86.0,19.392086,75.6,Good,1,0,Vehicle_0837,0.0005,0.1%,LOW,124,2480,temperature,-5.9365,Cooling system,Inspect coolant level and radiator,temperature signal is elevated (SHAP=-5.936),31,Low,2026-06-28 20:56:35
106.41227925526758,31.384033814283757,1685.609020985855,0.0001098698842595,12.585179603897489,97.94233429063615,45.34429386227039,0.0,80.0,68.61320794950244,76.58396238485074,99.692085,79.67301902081093,Good,1,0,Vehicle_0838,0.0024,0.2%,LOW,124,2480,fault_count,-6.1384,ECU fault logs,Review and clear fault codes,fault_count signal is elevated (SHAP=-6.138),31,Low,2026-06-28 20:56:35
112.5608001323128,37.17803691222148,3460.3363199281603,0.2482567645268951,11.92419889426462,48.52254464917808,36.22924617807321,8.0,50.0,72.12320438841556,56.63696131652466,1.3288796,52.40681766759791,Critical,3,1,Vehicle_0839,0.9996,100.0%,CRITICAL,5,100,temperature,4.6855,Cooling system,Inspect coolant level and radiator,temperature signal is rapidly deteriorating (SHAP=4.686),1,Immediate,2026-06-28 20:56:35
79.96091162439778,30.45239725887637,2822.870456224882,0.0400163274071681,12.189877198548634,44.789408724075855,40.07633424506692,5.0,90.0,83.08243444013117,87.92473033203935,17.961098,79.37132508724984,Good,1,0,Vehicle_0840,0.0002,0.0%,LOW,124,2480,temperature,-3.8296,Cooling system,Inspect coolant level and radiator,temperature signal is elevated (SHAP=-3.830),31,Low,2026-06-28 20:56:35
113.57590321096706,28.992755583442133,2649.9741377380224,0.1048670334495564,13.17352575949827,23.995473097332813,39.03629172797904,8.0,50.0,100.0,65.0,1.9582272,63.0,Warning,2,1,Vehicle_0841,0.9997,100.0%,CRITICAL,5,100,temperature,4.6932,Cooling system,Inspect coolant level and radiator,temperature signal is rapidly deteriorating (SHAP=4.693),1,Immediate,2026-06-28 20:56:35
85.53364715476937,36.576385398343085,1697.7771549767083,0.2227064348466267,11.833308186134348,63.93156334952651,47.40730325309526,6.0,85.0,60.18913161751793,77.55673948525538,14.59012,66.57187001465681,Good,1,0,Vehicle_0842,0.0002,0.0%,LOW,124,2480,temperature,-3.9456,Cooling system,Inspect coolant level and radiator,temperature signal is elevated (SHAP=-3.946),31,Low,2026-06-28 20:56:35
111.30536540051622,33.48237578915162,1271.1320327642206,0.0390788178862032,11.940863508739843,52.37068482892678,42.214123735592935,6.0,55.0,72.81061973551859,60.34318592065557,1.3866603,58.76803549949706,Warning,2,0,Vehicle_0843,0.0374,3.7%,LOW,120,2400,fault_count,-7.2641,ECU fault logs,Review and clear fault codes,fault_count signal is elevated (SHAP=-7.264),30,Low,2026-06-28 20:56:35
83.60052025519762,34.39088036592533,1588.6751395725755,0.4224921419840328,12.777020620466114,63.02532610021367,30.570545196901534,5.0,81.83385720106448,100.0,87.28370004074513,24.402285,82.37022002444708,Good,1,0,Vehicle_0844,0.0002,0.0%,LOW,124,2480,temperature,-3.7631,Cooling system,Inspect coolant level and radiator,temperature signal is elevated (SHAP=-3.763),31,Low,2026-06-28 20:56:35
86.96586739069217,26.012479966448417,2465.432138483188,0.2135930156030284,12.22753630207779,27.217515615232003,28.58732956000152,7.0,80.0,84.6358724607088,81.39076173821263,19.970196,71.76163153506934,Good,1,0,Vehicle_0845,0.0004,0.0%,LOW,124,2480,temperature,-5.7788,Cooling system,Inspect coolant level and radiator,temperature signal is elevated (SHAP=-5.779),31,Low,2026-06-28 20:56:35
90.48211708964251,23.72842331160916,3194.5414237813347,0.0160879114180487,11.927297951118152,57.032083780534,34.50245852405168,8.0,73.9494590671516,72.25104048362377,73.43993349209325,12.287563,62.5141681919807,Warning,2,0,Vehicle_0846,0.0004,0.0%,LOW,124,2480,temperature,-6.0568,Cooling system,Inspect coolant level and radiator,temperature signal is elevated (SHAP=-6.057),31,Low,2026-06-28 20:56:35
123.67837025846389,26.59366714048379,3221.893933708257,0.0038468806059566,13.011188471489207,54.10399235907884,27.398985589207527,5.0,60.0,100.0,72.0,3.5469651,73.19999999999999,Warning,2,0,Vehicle_0847,0.0076,0.8%,LOW,124,2480,fault_count,-6.7537,ECU fault logs,Review and clear fault codes,fault_count signal is elevated (SHAP=-6.754),31,Low,2026-06-28 20:56:35
97.76928362267184,26.27507168591647,3004.489889986666,0.0856257377479241,12.584422391258055,52.780700797873735,24.47807798673653,1.0,84.46143275465633,99.35742363939488,88.93023002007789,19.392086,91.2296227399257,Good,1,0,Vehicle_0848,0.0002,0.0%,LOW,124,2480,temperature,-3.8068,Cooling system,Inspect coolant level and radiator,temperature signal is elevated (SHAP=-3.807),31,Low,2026-06-28 20:56:35
74.39103205072804,34.71719561191749,1909.9545087456445,0.0990807379261289,12.24727953424913,36.33468183618952,13.719475307019586,0.0,100.0,85.45028078777658,95.63508423633296,99.68493,94.47110669935508,Excellent,0,0,Vehicle_0849,0.0002,0.0%,LOW,124,2480,temperature,-3.8302,Cooling system,Inspect coolant level and radiator,temperature signal is elevated (SHAP=-3.830),31,Low,2026-06-28 20:56:35
99.53496805413786,35.85590430176431,2519.6398659231904,0.2235441045025357,11.941690065640197,73.78649297106797,19.50737242171289,4.0,75.93006389172427,72.84471520765803,75.0044592865044,20.351988,71.57161861343424,Good,1,0,Vehicle_0850,0.0002,0.0%,LOW,124,2480,temperature,-3.8189,Cooling system,Inspect coolant level and radiator,temperature signal is elevated (SHAP=-3.819),31,Low,2026-06-28 20:56:35
79.57251194373488,29.0692182628056,2242.925975970203,0.0419490876412327,13.218962625543975,91.00615157956022,54.85406361111525,4.0,95.0,48.3360336159338,81.00081008478014,17.09106,70.26769277405484,Good,1,0,Vehicle_0851,0.0002,0.0%,LOW,124,2480,temperature,-3.8234,Cooling system,Inspect coolant level and radiator,temperature signal is elevated (SHAP=-3.823),31,Low,2026-06-28 20:56:35
77.65374725648186,38.58551411294612,2339.0481892042,0.1974445792492248,12.390219272501357,27.793119474047693,28.434997503702228,8.0,80.0,91.34654499068095,83.40396349720429,19.392086,72.31168709645877,Good,1,0,Vehicle_0852,0.0005,0.1%,LOW,124,2480,temperature,-5.9293,Cooling system,Inspect coolant level and radiator,temperature signal is elevated (SHAP=-5.929),31,Low,2026-06-28 20:56:35
98.62902039838168,38.210816362590776,4129.7023175678505,0.1859743405942862,12.9589312249878,64.40887959185916,54.034602998211454,0.0,80.14791285187965,69.28234980608106,76.88824393814008,99.692085,79.98941632410026,Good,1,0,Vehicle_0853,0.0003,0.0%,LOW,124,2480,temperature,-3.8461,Cooling system,Inspect coolant level and radiator,temperature signal is elevated (SHAP=-3.846),31,Low,2026-06-28 20:56:35
85.4662838165673,31.460393498403235,1090.39981039711,0.1585017815846195,12.757453417843776,0.0,39.0315460115558,8.0,80.0,100.0,86.0,16.474747,75.6,Good,1,0,Vehicle_0854,0.0005,0.1%,LOW,124,2480,temperature,-5.9286,Cooling system,Inspect coolant level and radiator,temperature signal is elevated (SHAP=-5.929),31,Low,2026-06-28 20:56:35
89.17863871767709,25.06864937074176,2312.2585472621918,0.6632938870958743,12.191639375334706,63.37219898964917,34.50241978363895,0.0,80.0,83.1551242325566,80.94653726976698,99.7377,85.19894720837151,Good,1,0,Vehicle_0855,0.0002,0.0%,LOW,124,2480,temperature,-3.7148,Cooling system,Inspect coolant level and radiator,temperature signal is elevated (SHAP=-3.715),31,Low,2026-06-28 20:56:35
85.2097783279794,39.45225989661324,3469.399125756925,0.1967796439608163,12.194823554004088,12.596907669164906,19.993948831787662,4.0,95.0,83.28647160266864,91.4859414808006,20.411087,83.54885920901408,Excellent,0,0,Vehicle_0856,0.0003,0.0%,LOW,124,2480,temperature,-3.8302,Cooling system,Inspect coolant level and radiator,temperature signal is elevated (SHAP=-3.830),31,Low,2026-06-28 20:56:35
90.04874689908152,29.63389589382955,1327.2868039731695,0.000445667705918,12.978525959173568,39.50065304201484,35.04668895576049,4.0,94.90250620183696,100.0,96.43175434128588,16.54427,89.85905260477152,Excellent,0,0,Vehicle_0857,0.0003,0.0%,LOW,124,2480,temperature,-3.8507,Cooling system,Inspect coolant level and radiator,temperature signal is elevated (SHAP=-3.851),31,Low,2026-06-28 20:56:35
91.37448846154224,30.75699117858585,1985.002059787,0.2337443202397695,12.985006933047991,23.739506764914992,53.9218376696823,5.0,87.25102307691552,69.6657519230802,81.97544173076491,17.393625,73.11841542307499,Good,1,0,Vehicle_0858,0.0003,0.0%,LOW,124,2480,temperature,-3.8586,Cooling system,Inspect coolant level and radiator,temperature signal is elevated (SHAP=-3.859),31,Low,2026-06-28 20:56:35
55.945496009418775,27.962369846360588,2076.769201945888,0.0286970604727558,11.649233609551708,45.68777010101208,50.57636744016739,0.0,100.0,48.04035070343088,84.41210521102926,99.67787,80.25533326730373,Good,1,0,Vehicle_0859,0.0002,0.0%,LOW,124,2480,temperature,-3.7938,Cooling system,Inspect coolant level and radiator,temperature signal is elevated (SHAP=-3.794),31,Low,2026-06-28 20:56:35
94.998590029143,24.66125804221681,2321.368222356813,0.1048707685760928,12.619912104392878,66.77587396735657,37.74238652697579,7.0,68.64785211058125,100.0,78.05349647740687,16.85328,72.83209788644412,Good,1,0,Vehicle_0860,0.0004,0.0%,LOW,124,2480,temperature,-5.7801,Cooling system,Inspect coolant level and radiator,temperature signal is elevated (SHAP=-5.780),31,Low,2026-06-28 20:56:35
70.26970870254549,21.18816341810825,1223.234272315026,0.1255682606706959,12.351514078110553,12.853734725459546,23.51331634094984,1.0,84.752653672433,89.74995572206029,86.25184428732118,20.138336,87.70109771680477,Good,1,0,Vehicle_0861,0.0002,0.0%,LOW,124,2480,temperature,-3.7895,Cooling system,Inspect coolant level and radiator,temperature signal is elevated (SHAP=-3.789),31,Low,2026-06-28 20:56:35
63.36551296660883,33.79720994134373,2976.228848270432,0.1198888713612806,11.986670734824598,42.81040620968722,25.428346547508475,7.0,80.0,74.70016781151463,78.41005034345439,20.411087,67.98606376837556,Good,1,0,Vehicle_0862,0.0003,0.0%,LOW,124,2480,temperature,-5.9141,Cooling system,Inspect coolant level and radiator,temperature signal is elevated (SHAP=-5.914),31,Low,2026-06-28 20:56:35
84.12383134211976,25.29959367662028,3033.0298260105155,0.0610099705886389,12.50469843788688,39.73262462367887,26.4740815660754,5.0,90.0,96.0688105628338,91.82064316885013,19.392086,84.30614801387684,Excellent,0,0,Vehicle_0863,0.0002,0.0%,LOW,124,2480,temperature,-3.8048,Cooling system,Inspect coolant level and radiator,temperature signal is elevated (SHAP=-3.805),31,Low,2026-06-28 20:56:35
86.25971504971682,46.276182227974815,2906.7002600143583,0.3547249850125989,11.860161283605445,81.62097367743749,47.78154927362701,8.0,76.35166766582674,57.3497788506208,70.65110102126495,8.939523,57.86061638288313,Warning,2,0,Vehicle_0864,0.0004,0.0%,LOW,124,2480,temperature,-5.9653,Cooling system,Inspect coolant level and radiator,temperature signal is elevated (SHAP=-5.965),31,Low,2026-06-28 20:56:35
74.59740753141578,23.483558504325124,1803.7010605671348,0.2177567398176235,12.21341785814156,58.635220157005705,51.31720436108759,9.0,73.9342340173005,62.57499182064158,70.52646135830281,6.943983,56.83087517911,Warning,2,0,Vehicle_0865,0.0005,0.1%,LOW,124,2480,temperature,-6.0172,Cooling system,Inspect coolant level and radiator,temperature signal is elevated (SHAP=-6.017),31,Low,2026-06-28 20:56:35
97.4654778650196,22.45570515011178,2569.2086326298363,0.1433747294772536,12.080610506892013,26.45565773453155,36.95892834967586,8.0,54.8918648704079,78.57518340929552,61.996860432074186,1.3866603,56.91315294110361,Warning,2,0,Vehicle_0866,0.0118,1.2%,LOW,123,2460,temperature,-6.5578,Cooling system,Inspect coolant level and radiator,temperature signal is elevated (SHAP=-6.558),30,Low,2026-06-28 20:56:35
64.86737250443639,33.06083229368065,1780.44780834473,0.5222078755464452,12.2000834943376,40.57411241939201,31.969195644768465,4.0,80.18614163023699,83.50344414142604,81.1813323835937,25.600946,77.40948825844143,Good,1,0,Vehicle_0867,0.0002,0.0%,LOW,124,2480,temperature,-3.7569,Cooling system,Inspect coolant level and radiator,temperature signal is elevated (SHAP=-3.757),31,Low,2026-06-28 20:56:35
78.89584376841161,39.17588087380377,2233.9226713827898,0.1911496862554214,12.371408602535205,81.12208476771063,50.48710496660984,4.0,95.0,70.06300810138121,87.51890243041436,17.09106,78.52394307852487,Good,1,0,Vehicle_0868,0.0002,0.0%,LOW,124,2480,temperature,-3.8183,Cooling system,Inspect coolant level and radiator,temperature signal is elevated (SHAP=-3.818),31,Low,2026-06-28 20:56:35
76.22688797600499,30.38753794165933,4222.774341736702,0.1854585843176213,11.993773335237806,64.28730633548048,25.21426459135045,6.0,80.54451316526597,74.9931500785595,78.87910423925402,20.411087,70.32609255926431,Good,1,0,Vehicle_0869,0.0002,0.0%,LOW,124,2480,temperature,-3.8177,Cooling system,Inspect coolant level and radiator,temperature signal is elevated (SHAP=-3.818),31,Low,2026-06-28 20:56:35
84.3011909449099,33.43345452112364,2576.5563020770046,0.0990859494311794,13.02927161154932,31.63533075189157,35.518233276003656,6.0,85.0,100.0,89.5,19.392086,81.69999999999999,Good,1,0,Vehicle_0870,0.0003,0.0%,LOW,124,2480,temperature,-3.8586,Cooling system,Inspect coolant level and radiator,temperature signal is elevated (SHAP=-3.859),31,Low,2026-06-28 20:56:35
89.18296426970858,18.93871549524774,1549.9787392102612,0.2078079084669727,12.59731329335765,44.65858923233822,39.6296599954613,7.0,60.0,99.88917335100312,71.96675200530093,3.61498,69.15788587338119,Warning,2,0,Vehicle_0871,0.0013,0.1%,LOW,124,2480,temperature,-6.0612,Cooling system,Inspect coolant level and radiator,temperature signal is elevated (SHAP=-6.061),31,Low,2026-06-28 20:56:35
69.88160575564683,25.9349307258494,2644.268272531131,0.0930149889955499,13.117825211352825,45.29781703183704,26.371993928236005,4.0,95.0,100.0,96.5,20.138336,89.9,Excellent,0,0,Vehicle_0872,0.0003,0.0%,LOW,124,2480,temperature,-3.829,Cooling system,Inspect coolant level and radiator,temperature signal is elevated (SHAP=-3.829),31,Low,2026-06-28 20:56:35
95.86424016184344,23.5583056251746,1418.5632591493522,0.2651167197511503,12.335968012368792,39.24036145688389,28.64085778608693,4.0,77.50474217701154,89.10868051021272,80.9859236769719,17.86177,78.41329030822568,Good,1,0,Vehicle_0873,0.0002,0.0%,LOW,124,2480,temperature,-3.7877,Cooling system,Inspect coolant level and radiator,temperature signal is elevated (SHAP=-3.788),31,Low,2026-06-28 20:56:35
85.9450355250205,18.629724900312716,1540.7916859879906,0.1156574053329778,12.180484015081158,15.795756873566203,27.862624208123968,1.0,80.0,82.69496562209774,80.80848968662931,19.657219,83.02408693639714,Good,1,0,Vehicle_0874,0.0002,0.0%,LOW,124,2480,temperature,-3.7916,Cooling system,Inspect coolant level and radiator,temperature signal is elevated (SHAP=-3.792),31,Low,2026-06-28 20:56:35
56.62080620032134,30.70188140414332,1667.101491240967,0.1539986636796217,13.103366245797211,36.44756569220064,49.16726855988085,1.0,100.0,85.8312868964051,95.74938606892152,19.657219,92.61588902063394,Excellent,0,0,Vehicle_0875,0.0003,0.0%,LOW,124,2480,temperature,-3.8507,Cooling system,Inspect coolant level and radiator,temperature signal is elevated (SHAP=-3.851),31,Low,2026-06-28 20:56:35
55.62112839404453,16.5430342703374,2144.5524382434533,0.3561126449535225,12.168776104050409,77.78398611730749,54.14367277057088,8.0,56.259157003098494,51.123526872138285,54.718467963810426,2.524966,47.05578615271392,Critical,3,0,Vehicle_0876,0.0022,0.2%,LOW,124,2480,temperature,-6.373,Cooling system,Inspect coolant level and radiator,temperature signal is elevated (SHAP=-6.373),31,Low,2026-06-28 20:56:35
84.81521060606033,22.066824203475303,3249.5751964713613,0.0117618718001023,12.32868319120435,42.3771102587765,36.14792530236561,9.0,68.26729681390123,88.80818163717943,74.42956226088468,12.762218,64.4193736839667,Warning,2,0,Vehicle_0877,0.0004,0.0%,LOW,124,2480,temperature,-6.0651,Cooling system,Inspect coolant level and radiator,temperature signal is elevated (SHAP=-6.065),31,Low,2026-06-28 20:56:35
81.68549023320469,26.77683723591949,2962.718558413472,0.0603368309713545,12.688018964198926,47.93492739078162,32.31781412957213,6.0,85.0,100.0,89.5,19.392086,81.69999999999999,Good,1,0,Vehicle_0878,0.0003,0.0%,LOW,124,2480,temperature,-3.8146,Cooling system,Inspect coolant level and radiator,temperature signal is elevated (SHAP=-3.815),31,Low,2026-06-28 20:56:35
83.4486982963805,25.012284984293544,2918.3962625978625,0.2403685678928832,11.90490967668109,52.81051293707148,29.00158925006704,3.0,100.0,71.32752416309494,91.39825724892847,20.351988,83.10445918197607,Excellent,0,0,Vehicle_0879,0.0002,0.0%,LOW,124,2480,temperature,-3.7912,Cooling system,Inspect coolant level and radiator,temperature signal is elevated (SHAP=-3.791),31,Low,2026-06-28 20:56:35
84.58026315204673,32.378451013242405,1620.860347527566,0.0377590138564872,12.68451787391746,94.36282789424251,35.01746313450329,0.0,100.0,76.30133397449985,92.89040019234996,99.68493,90.99450691030997,Excellent,0,0,Vehicle_0880,0.0002,0.0%,LOW,124,2480,temperature,-3.8201,Cooling system,Inspect coolant level and radiator,temperature signal is elevated (SHAP=-3.820),31,Low,2026-06-28 20:56:35
88.38339759265271,31.83348115141488,2066.948515651481,0.1879327929478665,12.633338826465842,50.17749542833923,29.497782485632104,0.0,100.0,100.0,100.0,99.67958,100.0,Excellent,0,0,Vehicle_0881,0.0003,0.0%,LOW,124,2480,temperature,-3.8394,Cooling system,Inspect coolant level and radiator,temperature signal is elevated (SHAP=-3.839),31,Low,2026-06-28 20:56:35
99.2147441477245,35.36279247561274,2717.60088550655,0.3341422190174705,12.907730127215132,71.87890707167023,34.029697576447795,6.0,64.29436377005295,100.0,75.00605463903707,20.407671,73.00363278342223,Good,1,0,Vehicle_0882,0.0002,0.0%,LOW,124,2480,temperature,-3.7858,Cooling system,Inspect coolant level and radiator,temperature signal is elevated (SHAP=-3.786),31,Low,2026-06-28 20:56:35
68.33342648623662,34.514302396276065,1997.3440116892696,0.0539048515012134,12.756017801204056,38.03639655897607,39.13232823003924,6.0,85.0,100.0,89.5,19.392086,81.69999999999999,Good,1,0,Vehicle_0883,0.0003,0.0%,LOW,124,2480,temperature,-3.8394,Cooling system,Inspect coolant level and radiator,temperature signal is elevated (SHAP=-3.839),31,Low,2026-06-28 20:56:35
67.42042610648808,36.84487673616829,2277.3068477591214,0.039788420552248,12.919991341151029,44.81201478995017,30.94687057209632,2.0,100.0,100.0,100.0,20.138336,96.0,Excellent,0,0,Vehicle_0884,0.0003,0.0%,LOW,124,2480,temperature,-3.8586,Cooling system,Inspect coolant level and radiator,temperature signal is elevated (SHAP=-3.859),31,Low,2026-06-28 20:56:35
68.60014213168927,29.98848959994568,2853.08695402396,0.239777152368239,12.355831239796636,50.2510544622057,33.10411937385903,1.0,100.0,89.92803864161124,96.97841159248335,20.8457,94.17265468381228,Excellent,0,0,Vehicle_0885,0.0002,0.0%,LOW,124,2480,temperature,-3.8296,Cooling system,Inspect coolant level and radiator,temperature signal is elevated (SHAP=-3.830),31,Low,2026-06-28 20:56:36
89.3337500075306,31.820801404900017,2220.981855038958,0.090695168744122,12.054931872517177,34.51734116301231,33.145455149276955,0.0,100.0,77.51593974133353,93.25478192240006,99.677315,91.45605710170672,Excellent,0,0,Vehicle_0886,0.0002,0.0%,LOW,124,2480,temperature,-3.8296,Cooling system,Inspect coolant level and radiator,temperature signal is elevated (SHAP=-3.830),31,Low,2026-06-28 20:56:36
103.67421067969669,33.069082211515145,2680.84767128162,0.0096682803228837,13.243994165633346,45.92564438794085,31.82436565273861,6.0,65.0,100.0,75.5,16.85328,73.3,Good,1,0,Vehicle_0887,0.0003,0.0%,LOW,124,2480,temperature,-3.828,Cooling system,Inspect coolant level and radiator,temperature signal is elevated (SHAP=-3.828),31,Low,2026-06-28 20:56:36
78.52990842640735,30.849940184346156,3774.182764815655,0.0900524986902863,11.789321753791214,67.7610187162654,30.58552122983789,6.0,85.0,67.0,79.6,19.657219,69.16,Good,1,0,Vehicle_0888,0.0002,0.0%,LOW,124,2480,temperature,-3.9218,Cooling system,Inspect coolant level and radiator,temperature signal is elevated (SHAP=-3.922),31,Low,2026-06-28 20:56:36
47.47450233760518,27.61683414049756,2362.512960810402,0.0822802884180489,11.829394768450475,33.99270877816233,42.62196602936806,3.0,100.0,68.21253419858215,90.46376025957464,20.411087,81.92076299546122,Excellent,0,0,Vehicle_0889,0.0002,0.0%,LOW,124,2480,temperature,-3.8049,Cooling system,Inspect coolant level and radiator,temperature signal is elevated (SHAP=-3.805),31,Low,2026-06-28 20:56:36
59.44010706084437,28.005344793961378,3443.470247775365,0.2473145005759125,12.626051216203534,50.001780619272765,17.292639710235576,7.0,80.0,100.0,86.0,20.8457,77.6,Good,1,0,Vehicle_0890,0.0004,0.0%,LOW,124,2480,temperature,-5.7944,Cooling system,Inspect coolant level and radiator,temperature signal is elevated (SHAP=-5.794),31,Low,2026-06-28 20:56:36
72.50444915805983,25.094649610020205,2947.4960538458863,0.6722812431286221,13.04999441927094,64.17467103311866,50.74279859001263,8.0,60.0,80.47448479395705,66.1423454381871,2.4883091,59.78030422170367,Warning,2,0,Vehicle_0891,0.0016,0.2%,LOW,124,2480,temperature,-6.4122,Cooling system,Inspect coolant level and radiator,temperature signal is elevated (SHAP=-6.412),31,Low,2026-06-28 20:56:36
76.63406668757177,32.52970097945898,1326.2064052105866,0.133874361670409,12.475820338365669,33.51067902374511,36.35529463202997,5.0,90.0,94.87758895758375,91.46327668727513,19.047188,83.85348380388182,Excellent,0,0,Vehicle_0892,0.0002,0.0%,LOW,124,2480,temperature,-3.8217,Cooling system,Inspect coolant level and radiator,temperature signal is elevated (SHAP=-3.822),31,Low,2026-06-28 20:56:36
78.87417059117911,29.435908955489065,1618.2903765891806,0.1465925781574996,12.799721479880883,71.90827585229911,41.10017575986515,2.0,100.0,100.0,100.0,17.392307,96.0,Excellent,0,0,Vehicle_0893,0.0003,0.0%,LOW,124,2480,temperature,-3.8201,Cooling system,Inspect coolant level and radiator,temperature signal is elevated (SHAP=-3.820),31,Low,2026-06-28 20:56:36
85.57871684471375,26.02095749617941,1833.123293544083,0.1002656027319967,11.601678909011216,51.45766959422645,42.25077783148876,0.0,100.0,67.0,90.1,99.685196,87.46,Excellent,0,0,Vehicle_0894,0.0002,0.0%,LOW,124,2480,temperature,-3.7995,Cooling system,Inspect coolant level and radiator,temperature signal is elevated (SHAP=-3.800),31,Low,2026-06-28 20:56:36
80.32380503766329,26.026531084052444,1816.1320664537732,0.0602863614482558,12.200182015127544,46.697548733214205,27.919408399694287,7.0,80.0,83.50750812401124,81.05225243720338,19.30874,71.33285308712428,Good,1,0,Vehicle_0895,0.0003,0.0%,LOW,124,2480,temperature,-5.7735,Cooling system,Inspect coolant level and radiator,temperature signal is elevated (SHAP=-5.774),31,Low,2026-06-28 20:56:36
100.74009415815112,22.73760763330327,2427.7682031145487,0.6002095601524344,11.650420877142697,9.837043883995705,25.856414438207583,5.0,40.95043053321308,67.0,48.76530137324915,2.1151423,52.65918082394949,Critical,3,0,Vehicle_0896,0.0006,0.1%,LOW,124,2480,temperature,-4.2195,Cooling system,Inspect coolant level and radiator,temperature signal is elevated (SHAP=-4.220),31,Low,2026-06-28 20:56:36
74.85974041477947,35.8730480474232,2991.715238465458,0.0757829765884715,12.712164383291464,42.52775115973053,24.67730715346173,3.0,100.0,100.0,100.0,20.138336,94.0,Excellent,0,0,Vehicle_0897,0.0003,0.0%,LOW,124,2480,temperature,-3.8399,Cooling system,Inspect coolant level and radiator,temperature signal is elevated (SHAP=-3.840),31,Low,2026-06-28 20:56:36
72.06523060786685,30.471706017190726,3504.126733363778,0.6600731774712763,11.781107469364397,57.43184832290606,32.529319701714115,0.0,80.0,67.0,76.1,99.65866,79.06,Good,1,0,Vehicle_0898,0.0002,0.0%,LOW,124,2480,temperature,-3.7449,Cooling system,Inspect coolant level and radiator,temperature signal is elevated (SHAP=-3.745),31,Low,2026-06-28 20:56:36
92.18313307780691,24.82319988256038,2746.540070980066,0.1029411906404831,11.888872461586942,84.90690037604935,41.99204691551029,8.0,74.92653337462767,62.56960341997991,71.21945438823334,5.091256,59.24559331693599,Warning,2,0,Vehicle_0899,0.0004,0.0%,LOW,124,2480,temperature,-6.0132,Cooling system,Inspect coolant level and radiator,temperature signal is elevated (SHAP=-6.013),31,Low,2026-06-28 20:56:36
61.96536895110821,34.85128649761211,2143.456355157432,0.7408057715024521,12.605610081984562,61.35778308223226,29.16237974779176,9.0,60.0,100.0,72.0,7.4177504,65.19999999999999,Warning,2,0,Vehicle_0900,0.0004,0.0%,LOW,124,2480,temperature,-5.9762,Cooling system,Inspect coolant level and radiator,temperature signal is elevated (SHAP=-5.976),31,Low,2026-06-28 20:56:36
90.84537557980003,26.63730714123376,834.2070050961006,0.0884567787065312,12.824729740807092,72.52432463556698,41.079316401783046,4.0,93.30924884039992,100.0,95.31647418827995,12.938285,89.18988451296798,Excellent,0,0,Vehicle_0901,0.0003,0.0%,LOW,124,2480,temperature,-3.8121,Cooling system,Inspect coolant level and radiator,temperature signal is elevated (SHAP=-3.812),31,Low,2026-06-28 20:56:36
86.538297755894,21.5609962379266,2556.47166033387,0.046734419689916,12.336412756708311,25.817908527561222,11.320787811388012,2.0,86.24398495170641,89.12702621421792,87.10889733045985,15.603429,86.09074364111949,Good,1,0,Vehicle_0902,0.0002,0.0%,LOW,124,2480,temperature,-3.8,Cooling system,Inspect coolant level and radiator,temperature signal is elevated (SHAP=-3.800),31,Low,2026-06-28 20:56:36
82.78836265122749,36.1273337353148,2520.616154955993,0.7408057715024521,12.628069001643404,47.46355008694091,31.144327980247503,6.0,65.0,100.0,75.5,19.137293,73.3,Good,1,0,Vehicle_0903,0.0002,0.0%,LOW,124,2480,temperature,-3.757,Cooling system,Inspect coolant level and radiator,temperature signal is elevated (SHAP=-3.757),31,Low,2026-06-28 20:56:36
108.82414160723894,26.77741806260332,2646.3430028311664,0.3310383248525091,12.615115266749235,74.41492884657728,46.67137367611562,8.0,57.93077834316605,94.31732950120688,68.84674369057831,2.17036,64.17151211458835,Warning,2,1,Vehicle_0904,0.9993,99.9%,CRITICAL,5,100,temperature,4.7311,Cooling system,Inspect coolant level and radiator,temperature signal is rapidly deteriorating (SHAP=4.731),1,Immediate,2026-06-28 20:56:36
75.66688832057923,27.546605458747266,4184.992238162666,0.3532788909544114,12.313829256223013,32.24532899200154,33.29028710967064,5.0,82.74822917311926,88.1954568191992,84.38239746694323,23.994816,78.26852984400577,Good,1,0,Vehicle_0905,0.0002,0.0%,LOW,124,2480,temperature,-3.7332,Cooling system,Inspect coolant level and radiator,temperature signal is elevated (SHAP=-3.733),31,Low,2026-06-28 20:56:36
115.90447255786115,30.247080122095063,3492.4772369544576,0.7408057715024521,11.962117806845502,69.30445257946205,26.708563638338333,0.0,50.0,73.68735953237692,57.106207859713074,99.43158,69.00119662230323,Critical,3,0,Vehicle_0906,0.0023,0.2%,LOW,124,2480,fault_count,-6.1352,ECU fault logs,Review and clear fault codes,fault_count signal is elevated (SHAP=-6.135),31,Low,2026-06-28 20:56:36
81.6185282615785,36.85553533674069,3128.0487345999886,0.2421663141926762,12.625956562753858,64.66635729200667,28.43156777862403,1.0,100.0,100.0,100.0,19.725693,98.0,Excellent,0,0,Vehicle_0907,0.0003,0.0%,LOW,124,2480,temperature,-3.831,Cooling system,Inspect coolant level and radiator,temperature signal is elevated (SHAP=-3.831),31,Low,2026-06-28 20:56:36
65.84475332544658,30.12022374519787,1730.3382959427202,0.0768811019381727,12.645238276310032,55.494472968996405,10.0,0.0,100.0,100.0,100.0,99.67241,100.0,Excellent,0,0,Vehicle_0908,0.0003,0.0%,LOW,124,2480,temperature,-3.8263,Cooling system,Inspect coolant level and radiator,temperature signal is elevated (SHAP=-3.826),31,Low,2026-06-28 20:56:36
86.04879371492238,22.80529724312862,2089.604200642605,0.1536046398632214,12.757609761236104,43.4259474972805,24.881980295880798,4.0,86.22118897251448,100.0,90.35483228076014,19.047188,86.21289936845608,Excellent,0,0,Vehicle_0909,0.0003,0.0%,LOW,124,2480,temperature,-3.8097,Cooling system,Inspect coolant level and radiator,temperature signal is elevated (SHAP=-3.810),31,Low,2026-06-28 20:56:36
68.85632199521848,33.26326202467308,2424.124314457198,0.0402347814459102,12.52482656963156,30.274096908551297,45.57241372512582,4.0,95.0,94.95288933187402,94.9858667995622,19.047188,87.98209794611212,Excellent,0,0,Vehicle_0910,0.0002,0.0%,LOW,124,2480,temperature,-3.8344,Cooling system,Inspect coolant level and radiator,temperature signal is elevated (SHAP=-3.834),31,Low,2026-06-28 20:56:36
73.72366228279749,27.09006165442965,1879.674300791717,0.2332909909381472,11.932600034608267,85.50758588206628,29.173972331037685,5.0,90.0,63.382234722181714,82.01467041665451,21.125496,71.88524919442905,Good,1,0,Vehicle_0911,0.0002,0.0%,LOW,124,2480,temperature,-3.7825,Cooling system,Inspect coolant level and radiator,temperature signal is elevated (SHAP=-3.783),31,Low,2026-06-28 20:56:36
90.95549950023236,41.3275438291768,2900.3716199880946,0.142333535302491,12.676136064547672,62.63725035448061,30.354556379987745,7.0,78.08900099953527,100.0,84.66230069967469,19.392086,76.79738041980481,Good,1,0,Vehicle_0912,0.0004,0.0%,LOW,124,2480,temperature,-5.8103,Cooling system,Inspect coolant level and radiator,temperature signal is elevated (SHAP=-5.810),31,Low,2026-06-28 20:56:36
93.33373132975188,29.99328166801266,2785.5270793725635,0.0331884376733078,12.399447567908664,56.81232249350898,11.68187812963592,1.0,93.33253734049626,91.7272121762324,92.85093979121712,20.138336,92.05600630997677,Excellent,0,0,Vehicle_0913,0.0002,0.0%,LOW,124,2480,temperature,-3.8218,Cooling system,Inspect coolant level and radiator,temperature signal is elevated (SHAP=-3.822),31,Low,2026-06-28 20:56:36
75.66748449618612,16.589787012608003,1629.353765556246,0.1454102579773354,12.206905022270664,41.74300503595498,18.691622068874377,9.0,60.0,83.78483216866482,67.13544965059944,3.2814682,59.03823622409263,Warning,2,0,Vehicle_0914,0.001,0.1%,LOW,124,2480,temperature,-6.2511,Cooling system,Inspect coolant level and radiator,temperature signal is elevated (SHAP=-6.251),31,Low,2026-06-28 20:56:36
99.811077175696,32.144189832934046,3457.4533672769,0.0670703324833702,12.282145665122515,50.75743259179956,46.90049178599753,2.0,80.37784564860797,80.42683661391214,80.39254293819923,17.09106,80.32089308570197,Good,1,0,Vehicle_0915,0.0002,0.0%,LOW,124,2480,temperature,-3.8296,Cooling system,Inspect coolant level and radiator,temperature signal is elevated (SHAP=-3.830),31,Low,2026-06-28 20:56:36
102.362616370317,41.667586753561366,2581.848267047088,0.3796233781347065,12.123897128643849,53.294345399400655,41.172940806615614,5.0,64.69177479101957,80.36075655655875,69.39246932068131,18.53739,67.70763290372054,Warning,2,0,Vehicle_0916,0.0002,0.0%,LOW,124,2480,temperature,-3.8644,Cooling system,Inspect coolant level and radiator,temperature signal is elevated (SHAP=-3.864),31,Low,2026-06-28 20:56:36
106.54452634844937,39.45552173127234,1116.743082606199,0.1486865441317089,12.755537511541773,57.997513694671454,22.025609685605687,2.0,80.0,100.0,86.0,16.85328,87.6,Good,1,0,Vehicle_0917,0.0032,0.3%,LOW,124,2480,fault_count,-6.1317,ECU fault logs,Review and clear fault codes,fault_count signal is elevated (SHAP=-6.132),31,Low,2026-06-28 20:56:36
92.94120110688584,40.98572573253939,2458.9257133240244,0.2840175409861098,11.832754106567991,64.68680576943868,28.6942760842678,3.0,94.11759778622834,68.35110689592969,86.38765051913873,20.351988,79.50281169066918,Good,1,0,Vehicle_0918,0.0002,0.0%,LOW,124,2480,temperature,-3.8175,Cooling system,Inspect coolant level and radiator,temperature signal is elevated (SHAP=-3.817),31,Low,2026-06-28 20:56:36
105.45143068128549,23.88143888771122,2724.965164738324,0.2303368299615361,12.002605626077433,34.350569482898166,34.70827657001217,8.0,55.52575555084488,75.35748207569407,61.47527350829964,1.4473081,55.95666052011859,Warning,2,1,Vehicle_0919,0.9993,99.9%,CRITICAL,5,100,temperature,4.5413,Cooling system,Inspect coolant level and radiator,temperature signal is rapidly deteriorating (SHAP=4.541),1,Immediate,2026-06-28 20:56:36
56.78802358038914,35.472914375860675,3278.2338891485924,0.0618687562502678,12.268490846131323,20.668060690259917,23.03872267843244,0.0,100.0,86.32524740291707,95.89757422087511,99.68493,94.8035940131085,Excellent,0,0,Vehicle_0920,0.0002,0.0%,LOW,124,2480,temperature,-3.8302,Cooling system,Inspect coolant level and radiator,temperature signal is elevated (SHAP=-3.830),31,Low,2026-06-28 20:56:36
80.23140177057306,25.66803276157973,2230.018877498707,0.5363715091279312,13.0455003392956,51.68561702546995,14.95856116486399,4.0,79.24189939147125,100.0,85.46932957402987,25.280869,83.28159774441792,Good,1,0,Vehicle_0921,0.0002,0.0%,LOW,124,2480,temperature,-3.7636,Cooling system,Inspect coolant level and radiator,temperature signal is elevated (SHAP=-3.764),31,Low,2026-06-28 20:56:36
71.9949211551486,31.345736396501547,3162.3506139577657,0.0416265894888064,12.82171221963714,15.055653253504763,33.407896125605646,5.0,90.0,100.0,93.0,19.392086,85.8,Excellent,0,0,Vehicle_0922,0.0003,0.0%,LOW,124,2480,temperature,-3.8394,Cooling system,Inspect coolant level and radiator,temperature signal is elevated (SHAP=-3.839),31,Low,2026-06-28 20:56:36
86.78838791691088,22.36228542756161,2649.7135894161725,0.0874495366694018,11.743663678701113,43.52678010012724,40.72608562173241,5.0,79.44914171024642,67.0,75.7143991971725,17.09106,68.8286395183035,Good,1,0,Vehicle_0923,0.0002,0.0%,LOW,124,2480,temperature,-3.9041,Cooling system,Inspect coolant level and radiator,temperature signal is elevated (SHAP=-3.904),31,Low,2026-06-28 20:56:36
76.42826171204894,26.133265410703704,1447.9563127699364,0.0066724777706624,12.940538835500996,39.816203397764745,40.91857319729954,3.0,100.0,100.0,100.0,19.392086,94.0,Excellent,0,0,Vehicle_0924,0.0003,0.0%,LOW,124,2480,temperature,-3.8206,Cooling system,Inspect coolant level and radiator,temperature signal is elevated (SHAP=-3.821),31,Low,2026-06-28 20:56:36
82.50763237075401,25.942519815818308,1367.866581213989,0.2566245514165794,12.939768086793476,59.83496384403338,43.75237385542146,3.0,100.0,100.0,100.0,17.470497,94.0,Excellent,0,0,Vehicle_0925,0.0002,0.0%,LOW,124,2480,temperature,-3.8084,Cooling system,Inspect coolant level and radiator,temperature signal is elevated (SHAP=-3.808),31,Low,2026-06-28 20:56:36
113.23262320306074,35.3913316808557,3398.047896119479,0.0388756463502757,11.930396669590944,89.65194070972618,19.46442738220176,9.0,50.0,56.45316044957817,51.93594813487345,1.2731314,44.452200970839705,Critical,3,1,Vehicle_0926,0.9994,99.9%,CRITICAL,5,100,temperature,4.6384,Cooling system,Inspect coolant level and radiator,temperature signal is rapidly deteriorating (SHAP=4.638),1,Immediate,2026-06-28 20:56:36
82.45420305369433,34.804314730017936,3456.7873427054155,0.3475305090949246,11.391416691761425,11.108187521928777,35.57901909826939,2.0,96.83129939367169,67.0,87.88190957557016,24.714924,82.1291457453421,Good,1,0,Vehicle_0927,0.0002,0.0%,LOW,124,2480,temperature,-3.7621,Cooling system,Inspect coolant level and radiator,temperature signal is elevated (SHAP=-3.762),31,Low,2026-06-28 20:56:36
91.2068847578532,31.660918375984924,2758.3273843237785,0.108109670677245,12.371111351061105,95.48370060636802,32.315486357708785,4.0,92.5862304842936,65.01023723076327,84.31343250823448,17.475641,75.59010695109333,Good,1,0,Vehicle_0928,0.0002,0.0%,LOW,124,2480,temperature,-3.8183,Cooling system,Inspect coolant level and radiator,temperature signal is elevated (SHAP=-3.818),31,Low,2026-06-28 20:56:36
81.51596005113647,21.897471491667687,3696.565376944023,0.0975535617897114,12.848969763719928,45.33849681761948,34.12779314502807,3.0,87.58988596667075,100.0,91.31292017666952,19.392086,88.7877521060017,Excellent,0,0,Vehicle_0929,0.0003,0.0%,LOW,124,2480,temperature,-3.8243,Cooling system,Inspect coolant level and radiator,temperature signal is elevated (SHAP=-3.824),31,Low,2026-06-28 20:56:36
86.13569931935251,28.13016339630168,3345.2878792332854,0.0177308561426773,13.036504787920082,56.9561736434516,32.88218366365863,7.0,80.0,100.0,86.0,19.392086,77.6,Good,1,0,Vehicle_0930,0.0004,0.0%,LOW,124,2480,temperature,-5.8171,Cooling system,Inspect coolant level and radiator,temperature signal is elevated (SHAP=-5.817),31,Low,2026-06-28 20:56:36
85.09025020654107,25.523301102343645,3046.902983583777,0.4936320467409748,12.0516690942555,21.70335684752567,28.395518193924843,8.0,67.09119688393501,77.38135013803935,70.1782428601663,11.877453,61.583215743707655,Warning,2,0,Vehicle_0931,0.0004,0.0%,LOW,124,2480,temperature,-5.974,Cooling system,Inspect coolant level and radiator,temperature signal is elevated (SHAP=-5.974),31,Low,2026-06-28 20:56:36
91.7248609895974,35.218054540166946,1770.9508090130626,0.7408057715024521,13.100791641865186,69.93743140452641,10.0,8.0,56.55027802080522,100.0,69.58519461456365,8.308369,65.75111676873819,Warning,2,0,Vehicle_0932,0.0005,0.1%,LOW,124,2480,temperature,-6.0136,Cooling system,Inspect coolant level and radiator,temperature signal is elevated (SHAP=-6.014),31,Low,2026-06-28 20:56:36
102.47961303320766,37.06910911690311,3885.143000825875,0.0882563781277239,11.50882704167332,50.82945072703448,46.618290205706735,0.0,80.0,61.4978133005971,74.44934399017913,99.580505,76.9691690542269,Warning,2,0,Vehicle_0933,0.0002,0.0%,LOW,124,2480,temperature,-3.8144,Cooling system,Inspect coolant level and radiator,temperature signal is elevated (SHAP=-3.814),31,Low,2026-06-28 20:56:36
109.71090996404992,36.338313516185295,2929.0411457666182,0.100652097724716,12.252779754468284,48.77065177623426,38.29990165475089,0.0,80.0,85.67716487181677,81.70314946154502,99.580505,86.15732265129037,Good,1,0,Vehicle_0934,0.0024,0.2%,LOW,124,2480,fault_count,-6.1575,ECU fault logs,Review and clear fault codes,fault_count signal is elevated (SHAP=-6.157),31,Low,2026-06-28 20:56:36
89.6443012286375,25.46868348349788,2191.3289803107027,0.2274856470570619,12.2331157323137,11.252297701940924,20.157102124634925,3.0,100.0,84.86602395794016,95.45980718738204,19.994253,88.24908910401726,Excellent,0,0,Vehicle_0935,0.0002,0.0%,LOW,124,2480,temperature,-3.8,Cooling system,Inspect coolant level and radiator,temperature signal is elevated (SHAP=-3.800),31,Low,2026-06-28 20:56:36
93.84320329053403,13.797891390265011,1965.3839957557616,0.1780312425292625,12.860934809969722,51.47593627694855,39.731316529927554,4.0,57.31359341893193,100.0,70.11951539325236,3.47175,74.0717092359514,Warning,2,0,Vehicle_0936,0.0004,0.0%,LOW,124,2480,temperature,-4.0276,Cooling system,Inspect coolant level and radiator,temperature signal is elevated (SHAP=-4.028),31,Low,2026-06-28 20:56:36
67.7370323622165,19.398228611219672,2705.427025211085,0.6576224285711868,12.919320986375912,66.91656647633148,30.5269519299853,0.0,60.0,100.0,72.0,99.617134,83.19999999999999,Warning,2,0,Vehicle_0937,0.0002,0.0%,LOW,124,2480,temperature,-3.7438,Cooling system,Inspect coolant level and radiator,temperature signal is elevated (SHAP=-3.744),31,Low,2026-06-28 20:56:36
83.6818488637657,38.52976186849325,1163.1527321292365,0.2185752829892282,12.78168946217336,45.27442729033623,30.810276835822695,8.0,80.0,100.0,86.0,20.079834,75.6,Good,1,0,Vehicle_0938,0.0005,0.1%,LOW,124,2480,temperature,-5.9286,Cooling system,Inspect coolant level and radiator,temperature signal is elevated (SHAP=-5.929),31,Low,2026-06-28 20:56:36
99.10434197325384,27.592470364081056,3059.73862028229,0.7408057715024521,11.859779980501642,73.48398691288301,27.315853985109676,8.0,41.79131605349232,69.46592419569271,50.09369849615244,2.1437705,47.94940393683001,Critical,3,0,Vehicle_0939,0.0032,0.3%,LOW,124,2480,temperature,-6.4387,Cooling system,Inspect coolant level and radiator,temperature signal is elevated (SHAP=-6.439),31,Low,2026-06-28 20:56:36
97.9895295762573,25.495652290409325,1737.1433482447785,0.5018076469352487,12.745047612719569,72.65790343782726,40.36930472652265,4.0,65.56709771846883,100.0,75.89696840292818,21.010471,77.5381810417569,Good,1,0,Vehicle_0940,0.0002,0.0%,LOW,124,2480,temperature,-3.7311,Cooling system,Inspect coolant level and radiator,temperature signal is elevated (SHAP=-3.731),31,Low,2026-06-28 20:56:36
88.17414599192576,39.85596176061741,2796.486487059429,0.139117370173609,12.603616787437398,37.178092345183046,27.00176428483801,7.0,80.0,100.0,86.0,19.047188,77.6,Good,1,0,Vehicle_0941,0.0004,0.0%,LOW,124,2480,temperature,-5.8191,Cooling system,Inspect coolant level and radiator,temperature signal is elevated (SHAP=-5.819),31,Low,2026-06-28 20:56:37
98.29590939351928,37.59095967292996,2082.7037301134724,0.1359566996859233,11.731506245888164,81.90227717594786,24.031653139094,5.0,73.40818121296144,63.86124265968604,70.54409964697881,13.776266,65.0987083201245,Warning,2,0,Vehicle_0942,0.0002,0.0%,LOW,124,2480,temperature,-3.9861,Cooling system,Inspect coolant level and radiator,temperature signal is elevated (SHAP=-3.986),31,Low,2026-06-28 20:56:37
92.36150063490727,30.14669233151872,2288.4650298202373,0.3531166399133219,11.573194468479326,50.90589928650165,46.31744810605996,6.0,76.73588940263063,62.52067643939615,72.47132551366029,15.528875,63.9869305960754,Warning,2,0,Vehicle_0943,0.0002,0.0%,LOW,124,2480,temperature,-3.8838,Cooling system,Inspect coolant level and radiator,temperature signal is elevated (SHAP=-3.884),31,Low,2026-06-28 20:56:37
103.00459387388985,28.23958145361616,1894.4721017879483,0.4278840129109403,12.815195716008311,50.994905015756615,33.21118590233275,8.0,51.474399139270645,100.0,66.03207939748944,3.010255,63.61924763849366,Warning,2,0,Vehicle_0944,0.0014,0.1%,LOW,124,2480,temperature,-6.1909,Cooling system,Inspect coolant level and radiator,temperature signal is elevated (SHAP=-6.191),31,Low,2026-06-28 20:56:37
89.34038735435666,29.20739272312125,2371.0164550553586,0.1945297693766716,12.327960279608302,51.97962445205462,33.52513610007792,0.0,100.0,88.77836153384246,96.63350846015274,99.671844,95.73577738286014,Excellent,0,0,Vehicle_0945,0.0002,0.0%,LOW,124,2480,temperature,-3.8296,Cooling system,Inspect coolant level and radiator,temperature signal is elevated (SHAP=-3.830),31,Low,2026-06-28 20:56:37
79.66452526643448,31.3629767903248,4011.503636813883,0.0034776082580018,11.88592716301805,51.38631501882252,41.92464120276665,2.0,99.76992726372234,70.54449547449451,91.00229772695398,17.475641,84.7102777310713,Excellent,0,0,Vehicle_0946,0.0002,0.0%,LOW,124,2480,temperature,-3.8255,Cooling system,Inspect coolant level and radiator,temperature signal is elevated (SHAP=-3.825),31,Low,2026-06-28 20:56:37
90.03761885399535,39.60028368791765,3608.047701638912,0.2807055829872303,12.316731228516494,0.0,28.324132991538235,4.0,94.92476229200928,88.31516317630536,92.9418825572981,19.645954,85.42816216963993,Excellent,0,0,Vehicle_0947,0.0002,0.0%,LOW,124,2480,temperature,-3.8258,Cooling system,Inspect coolant level and radiator,temperature signal is elevated (SHAP=-3.826),31,Low,2026-06-28 20:56:37
44.51298544453835,32.53480454542336,2783.5831639963653,0.4325718146547089,12.545616432445282,46.28987203620559,30.318468273531145,8.0,71.1618790230194,97.75667783836788,79.14031866762394,26.473278,71.03552676824795,Good,1,0,Vehicle_0948,0.0004,0.0%,LOW,124,2480,temperature,-5.8599,Cooling system,Inspect coolant level and radiator,temperature signal is elevated (SHAP=-5.860),31,Low,2026-06-28 20:56:37
90.74328604577576,34.35617419823485,2479.764587548038,0.0388570632555627,12.36685954933298,22.721070566750917,38.057152697228354,5.0,88.5134279084485,90.38295640998544,89.07428645890958,16.85328,81.52116315734284,Good,1,0,Vehicle_0949,0.0002,0.0%,LOW,124,2480,temperature,-3.8296,Cooling system,Inspect coolant level and radiator,temperature signal is elevated (SHAP=-3.830),31,Low,2026-06-28 20:56:37
44.51298544453835,37.01562065442103,3175.360952554308,0.4006670630346065,11.779205538749563,82.52671404431354,19.586223975362344,3.0,93.28886246435955,62.830921826882665,84.1514802731165,26.80304,77.05707252924644,Good,1,0,Vehicle_0950,0.0002,0.0%,LOW,124,2480,temperature,-3.7484,Cooling system,Inspect coolant level and radiator,temperature signal is elevated (SHAP=-3.748),31,Low,2026-06-28 20:56:37
59.14804888891873,22.981943993853484,3403.976315286045,0.1137320112880363,13.154222761425643,81.721659834424,37.210990467682144,0.0,91.92777597541394,97.1592612732004,93.49722156474988,99.67958,95.53018519349,Excellent,0,0,Vehicle_0951,0.0003,0.0%,LOW,124,2480,temperature,-3.8172,Cooling system,Inspect coolant level and radiator,temperature signal is elevated (SHAP=-3.817),31,Low,2026-06-28 20:56:37
91.77652901411476,34.52917135484426,1836.1452942339763,0.0927932370432402,12.801687187595157,67.03876664911175,27.442885408186328,5.0,86.44694197177049,100.0,90.51285938023932,19.392086,84.3077156281436,Excellent,0,0,Vehicle_0952,0.0003,0.0%,LOW,124,2480,temperature,-3.831,Cooling system,Inspect coolant level and radiator,temperature signal is elevated (SHAP=-3.831),31,Low,2026-06-28 20:56:37
92.16294005900193,28.23258747203033,2438.048905894238,0.201136494053499,12.265849019330611,45.23065125322224,43.55472592455149,2.0,95.67411988199616,86.21627204738778,92.83676553161364,17.372013,88.94531372844574,Excellent,0,0,Vehicle_0953,0.0002,0.0%,LOW,124,2480,temperature,-3.8172,Cooling system,Inspect coolant level and radiator,temperature signal is elevated (SHAP=-3.817),31,Low,2026-06-28 20:56:37
67.56356829790104,14.903428825363404,1042.4334163455358,0.3565677690251438,12.281962137639086,29.839701267926028,40.46663326849909,3.0,66.22881539832375,86.8809381776123,72.42445223211031,24.714924,74.83085897478864,Warning,2,0,Vehicle_0954,0.0002,0.0%,LOW,124,2480,temperature,-3.723,Cooling system,Inspect coolant level and radiator,temperature signal is elevated (SHAP=-3.723),31,Low,2026-06-28 20:56:37
74.31846937181592,17.23098274808513,3398.481688208716,0.1247768672361496,12.543794957885272,36.84837997448791,39.1454835697503,9.0,60.0,97.68154201276748,71.30446260383025,3.3172548,64.31898596485163,Warning,2,0,Vehicle_0955,0.0012,0.1%,LOW,124,2480,temperature,-6.269,Cooling system,Inspect coolant level and radiator,temperature signal is elevated (SHAP=-6.269),31,Low,2026-06-28 20:56:37
105.55811482921196,23.891294330887888,4152.019406160684,0.1415032729472639,11.948151441703867,88.85283812852066,18.93041351445443,5.0,62.52478920033786,58.504064058225424,61.318571657704126,8.049763,58.49195580626756,Warning,2,0,Vehicle_0956,0.0031,0.3%,LOW,124,2480,fault_count,-6.1052,ECU fault logs,Review and clear fault codes,fault_count signal is elevated (SHAP=-6.105),31,Low,2026-06-28 20:56:37
77.73954802640986,33.18733937155549,2564.0660996984684,0.2278583266024293,12.529070574614789,36.15605226960079,33.9660460482618,1.0,100.0,97.07416120286004,99.122248360858,20.079834,96.8881812570868,Excellent,0,0,Vehicle_0957,0.0002,0.0%,LOW,124,2480,temperature,-3.8344,Cooling system,Inspect coolant level and radiator,temperature signal is elevated (SHAP=-3.834),31,Low,2026-06-28 20:56:37
118.64380468604476,30.682797392041778,799.9919000775869,0.7408057715024521,11.867707025255694,2.8880929122787222,23.227334395857227,0.0,50.0,69.79291479179734,55.93787443753921,99.57328,67.521307620883,Critical,3,0,Vehicle_0958,0.0021,0.2%,LOW,124,2480,fault_count,-6.1354,ECU fault logs,Review and clear fault codes,fault_count signal is elevated (SHAP=-6.135),31,Low,2026-06-28 20:56:37
84.9712022023548,31.106200243053983,2987.112413261625,0.0865066706152994,12.371786313261934,70.60331016970787,34.631360970229736,3.0,100.0,90.58618542205475,97.17585562661642,19.047188,90.4227504603808,Excellent,0,0,Vehicle_0959,0.0002,0.0%,LOW,124,2480,temperature,-3.8213,Cooling system,Inspect coolant level and radiator,temperature signal is elevated (SHAP=-3.821),31,Low,2026-06-28 20:56:37
91.120542653219,41.70566089612015,1776.7286670807357,0.0540241202682849,11.932571400057256,80.01006227235787,11.847203231102611,0.0,97.758914693562,72.4519675029713,90.16683053638478,99.67787,88.59049182242512,Excellent,0,0,Vehicle_0960,0.0002,0.0%,LOW,124,2480,temperature,-3.8136,Cooling system,Inspect coolant level and radiator,temperature signal is elevated (SHAP=-3.814),31,Low,2026-06-28 20:56:37
109.25311597747913,22.385462310841127,1969.320446668432,0.2225570894082568,11.952766407069314,83.18431374333045,19.591677316247573,4.0,64.54184924336451,68.04749661511393,65.59354345488933,9.693802,64.96562539595638,Warning,2,0,Vehicle_0961,0.004,0.4%,LOW,124,2480,fault_count,-6.1342,ECU fault logs,Review and clear fault codes,fault_count signal is elevated (SHAP=-6.134),31,Low,2026-06-28 20:56:37
86.9654067429013,29.835399874897657,3001.261111832803,0.1476035572015356,13.058289045447284,70.76696008498658,46.890336088401874,4.0,95.0,93.57285729943362,94.57185718983008,16.54427,87.45768577378477,Excellent,0,0,Vehicle_0962,0.0003,0.0%,LOW,124,2480,temperature,-3.8473,Cooling system,Inspect coolant level and radiator,temperature signal is elevated (SHAP=-3.847),31,Low,2026-06-28 20:56:37
69.96484028963798,31.82661313688289,2703.64330041018,0.1114931635554178,12.423690357713822,74.03039354469563,38.6905317600656,8.0,80.0,92.72722725569515,83.81816817670855,19.392086,72.83634635716416,Good,1,0,Vehicle_0963,0.0004,0.0%,LOW,124,2480,temperature,-5.918,Cooling system,Inspect coolant level and radiator,temperature signal is elevated (SHAP=-5.918),31,Low,2026-06-28 20:56:37
83.35408822458565,25.58236130076999,2109.512979729119,0.3550867748924556,12.482962594160467,51.05868148107084,31.46184152520333,3.0,96.32754834050296,95.17220700911928,95.98094594108784,24.402285,90.62300896647656,Excellent,0,0,Vehicle_0964,0.0002,0.0%,LOW,124,2480,temperature,-3.732,Cooling system,Inspect coolant level and radiator,temperature signal is elevated (SHAP=-3.732),31,Low,2026-06-28 20:56:37
84.46583895714863,30.16996047049765,1980.3154939186684,0.2394800596001635,11.595448055567472,8.474087530166734,25.912566773137776,2.0,100.0,67.0,90.1,20.351988,83.46,Excellent,0,0,Vehicle_0965,0.0002,0.0%,LOW,124,2480,temperature,-3.8302,Cooling system,Inspect coolant level and radiator,temperature signal is elevated (SHAP=-3.830),31,Low,2026-06-28 20:56:37
64.52887521697652,20.40030399549393,2600.6688441766664,0.0465781831768688,12.16119929659158,50.55762083000028,24.157460824129068,6.0,66.60121598197571,81.89947098440273,71.19069248270381,16.2238,67.09430968650283,Warning,2,0,Vehicle_0966,0.0002,0.0%,LOW,124,2480,temperature,-3.9736,Cooling system,Inspect coolant level and radiator,temperature signal is elevated (SHAP=-3.974),31,Low,2026-06-28 20:56:37
81.16251892988765,38.45943730365017,2172.427557990106,0.7408057715024521,12.58448484748174,62.43145544838834,37.00155755088526,6.0,65.0,99.35999995862176,75.30799998758653,23.994816,73.05679998427627,Good,1,0,Vehicle_0967,0.0002,0.0%,LOW,124,2480,temperature,-3.7547,Cooling system,Inspect coolant level and radiator,temperature signal is elevated (SHAP=-3.755),31,Low,2026-06-28 20:56:37
73.86711859003844,25.9103126848174,1612.6102931175942,0.3794502107336344,12.477654506379002,47.294598868675,31.56367690407654,0.0,94.70331928442435,94.95324838813384,94.7782980155372,99.73955,95.8576284869491,Excellent,0,0,Vehicle_0968,0.0002,0.0%,LOW,124,2480,temperature,-3.7256,Cooling system,Inspect coolant level and radiator,temperature signal is elevated (SHAP=-3.726),31,Low,2026-06-28 20:56:37
98.86536635781152,42.18840098867102,2233.949454817312,0.0315282833925624,11.53838807145852,46.3832776252077,50.46647183317276,0.0,82.26926728437698,48.41399576721261,72.11268582922767,99.56961,72.95041065097912,Warning,2,0,Vehicle_0969,0.0002,0.0%,LOW,124,2480,temperature,-3.8185,Cooling system,Inspect coolant level and radiator,temperature signal is elevated (SHAP=-3.818),31,Low,2026-06-28 20:56:37
85.51917811277883,29.80515405649527,2771.6740986041477,0.3749589714727689,12.482855166662834,30.717639219633558,33.1523627998965,1.0,95.00273523514872,95.1677756248419,95.05224735205668,19.137293,94.0649035362024,Excellent,0,0,Vehicle_0970,0.0002,0.0%,LOW,124,2480,temperature,-3.7621,Cooling system,Inspect coolant level and radiator,temperature signal is elevated (SHAP=-3.762),31,Low,2026-06-28 20:56:37
80.75806376278645,36.1683213923951,2357.5172265442934,0.5760941176319045,12.546623521419876,29.96522513455948,35.58720492244534,7.0,61.59372549120636,97.79822025856993,72.45507392141542,23.994816,69.03268840456323,Warning,2,0,Vehicle_0971,0.0003,0.0%,LOW,124,2480,temperature,-5.8443,Cooling system,Inspect coolant level and radiator,temperature signal is elevated (SHAP=-5.844),31,Low,2026-06-28 20:56:37
83.40727104066136,29.680182786053077,1369.193121401452,0.3516834801041206,12.91350479927948,86.7629702953214,21.114965319446288,2.0,96.55443465972527,88.8410990127197,94.2404339656236,25.280869,90.3124801819181,Excellent,0,0,Vehicle_0972,0.0002,0.0%,LOW,124,2480,temperature,-3.7821,Cooling system,Inspect coolant level and radiator,temperature signal is elevated (SHAP=-3.782),31,Low,2026-06-28 20:56:37
88.34683027609249,29.81553700643682,3291.251697100432,0.1824363377369658,12.137907552424664,87.48692739760284,31.393007748228605,9.0,80.0,68.58525633147264,76.57557689944178,9.547502,61.6623974059596,Good,1,0,Vehicle_0973,0.0005,0.1%,LOW,124,2480,temperature,-6.0847,Cooling system,Inspect coolant level and radiator,temperature signal is elevated (SHAP=-6.085),31,Low,2026-06-28 20:56:37
94.2522129953467,26.49582400066795,500.0,0.076319927523149,11.503172511945731,49.94705737507793,36.76991405067986,4.0,86.49557400930661,67.0,80.64690180651462,17.09106,73.78814108390877,Good,1,0,Vehicle_0974,0.0002,0.0%,LOW,124,2480,temperature,-3.7944,Cooling system,Inspect coolant level and radiator,temperature signal is elevated (SHAP=-3.794),31,Low,2026-06-28 20:56:37
70.00431656995929,30.714743576197662,2142.907875977252,0.5805308482129786,12.00129169927794,55.63047210185854,31.27214288786813,9.0,61.29794345246809,75.30328259521497,65.49954519529214,11.142927,56.36038363621828,Warning,2,0,Vehicle_0975,0.0004,0.0%,LOW,124,2480,temperature,-6.0025,Cooling system,Inspect coolant level and radiator,temperature signal is elevated (SHAP=-6.003),31,Low,2026-06-28 20:56:37
69.37618551068093,31.907992166484284,2003.8412363568675,0.3707236648832728,11.961173984452577,30.382838859259625,30.14371466425768,2.0,95.2850890077818,73.64842685866877,88.79409036304789,25.600946,84.00613958956248,Good,1,0,Vehicle_0976,0.0002,0.0%,LOW,124,2480,temperature,-3.7621,Cooling system,Inspect coolant level and radiator,temperature signal is elevated (SHAP=-3.762),31,Low,2026-06-28 20:56:37
101.57018823103796,25.29444894650892,2618.543102297132,0.5280132554144484,12.69468355111199,62.851496998789074,38.26909625615323,4.0,59.79911630570344,100.0,71.8593814139924,6.278801,75.11562884839543,Warning,2,0,Vehicle_0977,0.0002,0.0%,LOW,124,2480,temperature,-3.7394,Cooling system,Inspect coolant level and radiator,temperature signal is elevated (SHAP=-3.739),31,Low,2026-06-28 20:56:37
78.81494691692905,29.24973350484069,2949.329446242188,0.1334188522212986,11.327699806254133,85.192983432284,50.14823281560989,1.0,100.0,40.92758576365777,82.27827572909733,17.09106,75.55248259018995,Good,1,0,Vehicle_0978,0.0002,0.0%,LOW,124,2480,temperature,-3.8072,Cooling system,Inspect coolant level and radiator,temperature signal is elevated (SHAP=-3.807),31,Low,2026-06-28 20:56:37
63.74736861104689,26.33940680365732,3401.4118466088285,0.0321138955148319,12.220657415970951,19.41538440110613,36.44969370307828,8.0,80.0,84.35211840880173,81.30563552264051,20.052576,69.65380499534466,Good,1,0,Vehicle_0979,0.0004,0.0%,LOW,124,2480,temperature,-5.9046,Cooling system,Inspect coolant level and radiator,temperature signal is elevated (SHAP=-5.905),31,Low,2026-06-28 20:56:37
91.65719064074656,43.79798441768904,1930.076101318272,0.0961195513471766,12.970318189430902,59.27766599404788,46.44186283473138,5.0,86.68561871850687,95.0976663619133,89.2092330115288,16.85328,82.54507307929993,Good,1,0,Vehicle_0980,0.0003,0.0%,LOW,124,2480,temperature,-3.8503,Cooling system,Inspect coolant level and radiator,temperature signal is elevated (SHAP=-3.850),31,Low,2026-06-28 20:56:37
91.9505470904903,29.46161538053029,2969.2658698667856,0.3590230681259052,12.402884985133454,60.78044485290081,41.21602377518782,0.0,92.1640346106257,91.869005636755,92.07552591846448,99.75105,93.61911667842968,Excellent,0,0,Vehicle_0981,0.0002,0.0%,LOW,124,2480,temperature,-3.7598,Cooling system,Inspect coolant level and radiator,temperature signal is elevated (SHAP=-3.760),31,Low,2026-06-28 20:56:37
62.0392711411494,39.27139291017936,2656.654710305169,0.1725492365668726,12.75852672647057,60.55213029778515,45.8435337466785,7.0,80.0,97.1319852612931,85.13959557838793,19.392086,76.51015439929137,Good,1,0,Vehicle_0982,0.0004,0.0%,LOW,124,2480,temperature,-5.8103,Cooling system,Inspect coolant level and radiator,temperature signal is elevated (SHAP=-5.810),31,Low,2026-06-28 20:56:37
88.4422257319541,28.82626601515387,1130.7684998534214,0.1385837747624177,11.743280666579563,82.85635335696938,28.902800766533623,8.0,80.0,62.287016961000525,74.68610508830015,9.547502,61.269066445180194,Warning,2,0,Vehicle_0983,0.0004,0.0%,LOW,124,2480,temperature,-6.0157,Cooling system,Inspect coolant level and radiator,temperature signal is elevated (SHAP=-6.016),31,Low,2026-06-28 20:56:37
96.0337463864256,31.55572584920945,4020.432204347288,0.1852502155429409,11.759204194717473,90.72036424342303,32.930725050155985,6.0,72.52386314020303,49.31139899835197,65.56012389764771,6.098384,57.19835413825902,Warning,2,0,Vehicle_0984,0.0003,0.0%,LOW,124,2480,temperature,-3.9464,Cooling system,Inspect coolant level and radiator,temperature signal is elevated (SHAP=-3.946),31,Low,2026-06-28 20:56:37
90.61579677559396,22.071815570128383,1348.9798982078405,0.7235669175121539,12.974896983138096,45.33032644254675,32.97226429235335,8.0,47.055668729325646,100.0,62.93896811052795,3.5268903,61.76338086631677,Warning,2,0,Vehicle_0985,0.0008,0.1%,LOW,124,2480,temperature,-6.1447,Cooling system,Inspect coolant level and radiator,temperature signal is elevated (SHAP=-6.145),31,Low,2026-06-28 20:56:37
94.47972225642091,27.31756444879281,2835.597817847772,0.1628005706019897,12.440486146302902,63.46347344312716,40.46277236563976,2.0,91.04055548715814,93.42005353499472,91.75440490150912,16.54427,89.73665364790442,Excellent,0,0,Vehicle_0986,0.0002,0.0%,LOW,124,2480,temperature,-3.7966,Cooling system,Inspect coolant level and radiator,temperature signal is elevated (SHAP=-3.797),31,Low,2026-06-28 20:56:37
63.935963528638766,31.26320802473548,2811.967955358198,0.429734576925719,12.441309744883656,51.68467411452119,42.92412822211864,4.0,86.35102820495207,93.45402697645088,88.48192783640171,23.994816,83.7799620971312,Good,1,0,Vehicle_0987,0.0002,0.0%,LOW,124,2480,temperature,-3.7621,Cooling system,Inspect coolant level and radiator,temperature signal is elevated (SHAP=-3.762),31,Low,2026-06-28 20:56:37
89.96560232494294,39.5160229857592,2720.5094258632616,0.0321670722601724,11.9527388687572,37.35769414120608,36.25056191111892,8.0,80.0,73.30047833623453,77.99014350087036,13.79109,65.45418176776911,Good,1,0,Vehicle_0988,0.0004,0.0%,LOW,124,2480,temperature,-6.1023,Cooling system,Inspect coolant level and radiator,temperature signal is elevated (SHAP=-6.102),31,Low,2026-06-28 20:56:37
80.4607036079433,31.331896666057627,2104.338494270714,0.141223146076146,12.440312691580091,55.41628313762029,43.767065773758645,6.0,85.0,93.41289852767883,87.52386955830364,16.54427,79.19690144051795,Good,1,0,Vehicle_0989,0.0002,0.0%,LOW,124,2480,temperature,-3.8213,Cooling system,Inspect coolant level and radiator,temperature signal is elevated (SHAP=-3.821),31,Low,2026-06-28 20:56:37
77.75814761913033,38.302322167158,3161.8021209124017,0.0042962273584446,11.941624972663964,63.42999057000496,29.36668523018627,6.0,85.0,72.84203012238845,81.35260903671653,19.657219,71.3799714465076,Good,1,0,Vehicle_0990,0.0002,0.0%,LOW,124,2480,temperature,-3.8213,Cooling system,Inspect coolant level and radiator,temperature signal is elevated (SHAP=-3.821),31,Low,2026-06-28 20:56:37
98.0583341412959,33.84437466121752,1251.7060208455237,0.0319451361034267,12.87474817956226,54.33857370833971,43.85377552899125,7.0,63.8833317174082,100.0,74.71833220218574,16.85328,70.83099932131144,Warning,2,0,Vehicle_0991,0.0004,0.0%,LOW,124,2480,temperature,-5.8191,Cooling system,Inspect coolant level and radiator,temperature signal is elevated (SHAP=-5.819),31,Low,2026-06-28 20:56:37
107.18911766011344,39.76440803678811,2447.336969060861,0.064109655303763,13.469879606837369,32.37637581027765,45.15809442185868,6.0,65.0,99.46247896568048,75.33874368970415,16.85328,73.09574200695859,Good,1,0,Vehicle_0992,0.0036,0.4%,LOW,124,2480,fault_count,-6.1363,ECU fault logs,Review and clear fault codes,fault_count signal is elevated (SHAP=-6.136),31,Low,2026-06-28 20:56:37
111.91555081900538,29.645746696169667,2048.900258758033,0.1942971196925907,12.593576421466132,40.72878720288645,41.77496345924664,1.0,70.0,99.73502738547796,78.92050821564338,16.85328,85.29931040648162,Good,1,0,Vehicle_0993,0.0027,0.3%,LOW,124,2480,fault_count,-6.1623,ECU fault logs,Review and clear fault codes,fault_count signal is elevated (SHAP=-6.162),31,Low,2026-06-28 20:56:37
104.72211807258856,44.341336263910826,1958.1616463463747,0.727457346569228,12.146021445815382,40.88185159650685,36.34169783481213,2.0,60.0,81.2733846398845,66.38201539196535,4.245889,72.08388616315611,Warning,2,0,Vehicle_0994,0.0002,0.0%,LOW,124,2480,temperature,-3.8797,Cooling system,Inspect coolant level and radiator,temperature signal is elevated (SHAP=-3.880),31,Low,2026-06-28 20:56:37
83.35398727554724,27.08762278251526,2842.9982299628364,0.3609241968761365,11.386536667802137,33.15112090138591,42.13323332404966,7.0,75.93838687492423,67.0,73.25687081244696,15.528875,63.354122487468175,Warning,2,0,Vehicle_0995,0.0003,0.0%,LOW,124,2480,temperature,-5.8726,Cooling system,Inspect coolant level and radiator,temperature signal is elevated (SHAP=-5.873),31,Low,2026-06-28 20:56:37
90.29080244539514,25.401228994813984,3361.9828341757466,0.0005953176127186,11.726214354183064,56.27079163211337,26.0599553476151,2.0,99.41839510920973,67.0,89.69287657644679,15.210032,83.21572594586807,Good,1,0,Vehicle_0996,0.0002,0.0%,LOW,124,2480,temperature,-3.7917,Cooling system,Inspect coolant level and radiator,temperature signal is elevated (SHAP=-3.792),31,Low,2026-06-28 20:56:37
96.50234307676364,22.739682901865795,2225.395390530507,0.0485877959965373,13.021944732410857,58.362241925861554,36.98362264360208,6.0,62.95404545393588,100.0,74.06783181775512,12.938285,72.44069909065307,Warning,2,0,Vehicle_0997,0.0003,0.0%,LOW,124,2480,temperature,-3.8202,Cooling system,Inspect coolant level and radiator,temperature signal is elevated (SHAP=-3.820),31,Low,2026-06-28 20:56:38
86.81766923949193,43.98614802934842,3124.544871940622,0.6003550820001803,11.988323262691573,69.59035201774392,38.00510476825122,4.0,75.0,74.7683345860273,74.93050037580818,16.860182,71.91196714269037,Warning,2,0,Vehicle_0998,0.0002,0.0%,LOW,124,2480,temperature,-3.7477,Cooling system,Inspect coolant level and radiator,temperature signal is elevated (SHAP=-3.748),31,Low,2026-06-28 20:56:38
86.96146281867317,34.916685435707386,2539.7925323556788,0.7408057715024521,12.251666047325395,32.847553036787374,21.70484336848515,6.0,65.0,85.63122445217255,71.18936733565177,18.637121,67.83986529182557,Warning,2,0,Vehicle_0999,0.0002,0.0%,LOW,124,2480,temperature,-3.833,Cooling system,Inspect coolant level and radiator,temperature signal is elevated (SHAP=-3.833),31,Low,2026-06-28 20:56:38
97.35629697814272,27.99527559971815,1785.814232609593,0.3273857643325237,12.662130389831672,38.450426275424135,39.745842529395205,2.0,83.46168842154631,100.0,88.42318189508242,15.249747,89.05390913704946,Good,1,0,Vehicle_1000,0.0002,0.0%,LOW,124,2480,temperature,-3.7799,Cooling system,Inspect coolant level and radiator,temperature signal is elevated (SHAP=-3.780),31,Low,2026-06-28 20:56:38
84.11076030961101,37.49413618124097,2293.638325407149,0.4491767402687159,12.992915919744718,81.09138903862475,22.51181274318185,3.0,90.0548839820856,98.19920808626917,92.49818121334066,24.863546,89.13875034525823,Excellent,0,0,Vehicle_1001,0.0002,0.0%,LOW,124,2480,temperature,-3.7885,Cooling system,Inspect coolant level and radiator,temperature signal is elevated (SHAP=-3.788),31,Low,2026-06-28 20:56:38
74.06069595439507,34.126153110706696,2260.411287366708,0.259271662292114,12.320165231534466,46.7100827185416,30.72081702090569,6.0,85.0,88.4568158007967,86.037044740239,20.079834,77.31359000430274,Good,1,0,Vehicle_1002,0.0002,0.0%,LOW,124,2480,temperature,-3.8258,Cooling system,Inspect coolant level and radiator,temperature signal is elevated (SHAP=-3.826),31,Low,2026-06-28 20:56:38
78.78290401246213,41.79676482825354,1942.6720699956427,0.3148736455532304,12.238133252133586,50.60262058503268,35.39760959276298,1.0,99.00842362978464,85.07299665051043,94.82779553600238,21.639776,91.91127665170352,Excellent,0,0,Vehicle_1003,0.0002,0.0%,LOW,124,2480,temperature,-3.8258,Cooling system,Inspect coolant level and radiator,temperature signal is elevated (SHAP=-3.826),31,Low,2026-06-28 20:56:38
94.50865566600612,20.71300300356053,2842.786342924667,0.4405730833346682,12.428648411404271,46.49792557208701,27.69263615367193,3.0,64.46316179325197,92.93174697042627,73.00373734640425,24.402285,76.3885918019278,Warning,2,0,Vehicle_1004,0.0002,0.0%,LOW,124,2480,temperature,-3.732,Cooling system,Inspect coolant level and radiator,temperature signal is elevated (SHAP=-3.732),31,Low,2026-06-28 20:56:38
85.04489936799934,28.40783935011447,2687.7169501638077,0.116772215038035,12.148944873344313,72.66061637443286,35.82554038620318,9.0,80.0,81.39397602545289,80.41819280763586,14.800512,66.52971088967209,Good,1,0,Vehicle_1005,0.0004,0.0%,LOW,124,2480,temperature,-6.0722,Cooling system,Inspect coolant level and radiator,temperature signal is elevated (SHAP=-6.072),31,Low,2026-06-28 20:56:38
90.10314965302508,27.224871696343047,1227.4802413844657,0.0771523903468508,12.17047231868282,73.43617361430059,35.6655699043622,1.0,99.79370069394986,82.28198314566627,94.54018542946476,17.09106,91.18050788681212,Excellent,0,0,Vehicle_1006,0.0002,0.0%,LOW,124,2480,temperature,-3.7831,Cooling system,Inspect coolant level and radiator,temperature signal is elevated (SHAP=-3.783),31,Low,2026-06-28 20:56:38
95.05118863303284,18.15790394154839,1178.7792038085138,0.1024185914766565,12.564752047013547,72.26416201177696,26.79818360641159,5.0,59.8976227339343,98.54602193930891,71.49214249554667,4.806203,72.60448988518979,Warning,2,0,Vehicle_1007,0.0002,0.0%,LOW,124,2480,temperature,-3.7879,Cooling system,Inspect coolant level and radiator,temperature signal is elevated (SHAP=-3.788),31,Low,2026-06-28 20:56:38
79.37737805653586,36.36196322867816,2839.7475625646034,0.4991058734332452,12.474116607133794,50.53135222715096,40.67974458824331,1.0,86.72627510445032,94.80731004426904,89.15058558639592,22.410948,90.45181336069136,Good,1,0,Vehicle_1008,0.0002,0.0%,LOW,124,2480,temperature,-3.7621,Cooling system,Inspect coolant level and radiator,temperature signal is elevated (SHAP=-3.762),31,Low,2026-06-28 20:56:38
96.34372245444708,28.37762066517985,1847.7708569643723,0.0635566047005576,13.252642122623437,32.55128045021996,27.358434966937683,7.0,67.31255509110582,100.0,77.11878856377407,17.713797,72.27127313826443,Good,1,0,Vehicle_1009,0.0004,0.0%,LOW,124,2480,temperature,-5.826,Cooling system,Inspect coolant level and radiator,temperature signal is elevated (SHAP=-5.826),31,Low,2026-06-28 20:56:38
90.68263905187592,34.43778722991937,2741.6329240802597,0.7255950124740462,12.575539526654172,88.50426155518508,57.87974374734695,1.0,78.63472189624815,50.95897390842923,70.33199749990247,14.298463,70.39099328162733,Warning,2,0,Vehicle_1010,0.0002,0.0%,LOW,124,2480,temperature,-3.7329,Cooling system,Inspect coolant level and radiator,temperature signal is elevated (SHAP=-3.733),31,Low,2026-06-28 20:56:38
66.47780369632783,44.15863160597768,3124.745262487351,0.1094974772500094,12.86045821923753,67.12617953911035,33.90521176669395,5.0,90.0,100.0,93.0,16.43982,85.8,Excellent,0,0,Vehicle_1011,0.0003,0.0%,LOW,124,2480,temperature,-3.8503,Cooling system,Inspect coolant level and radiator,temperature signal is elevated (SHAP=-3.850),31,Low,2026-06-28 20:56:38
106.63457186779368,27.88053784903435,1483.2377300755527,0.0128632007071182,11.971485929310749,40.866820372152205,23.28705855009968,4.0,75.0,74.07379458406837,74.72213837522051,13.129557,71.64804194194598,Warning,2,0,Vehicle_1012,0.0024,0.2%,LOW,124,2480,fault_count,-6.1276,ECU fault logs,Review and clear fault codes,fault_count signal is elevated (SHAP=-6.128),31,Low,2026-06-28 20:56:38
77.48882884364626,27.47308210405707,1370.7701963390518,0.6203552986774002,12.610062916012108,78.47637693888822,25.15658233786228,6.0,65.0,100.0,75.5,19.876152,73.3,Good,1,0,Vehicle_1013,0.0002,0.0%,LOW,124,2480,temperature,-3.727,Cooling system,Inspect coolant level and radiator,temperature signal is elevated (SHAP=-3.727),31,Low,2026-06-28 20:56:38
60.17356985222224,30.711985018343977,3839.545345916236,0.3791855221550154,12.110807461359578,39.2878216948181,46.47580464698301,0.0,94.72096518966563,74.80307198134032,88.74559722716803,99.65866,88.20797273256889,Good,1,0,Vehicle_1014,0.0002,0.0%,LOW,124,2480,temperature,-3.7579,Cooling system,Inspect coolant level and radiator,temperature signal is elevated (SHAP=-3.758),31,Low,2026-06-28 20:56:38
69.32434435620547,35.92348411790046,2781.2566263699678,0.5912755468784616,12.558181305318625,78.21406806377313,30.90848350281546,5.0,70.58163020810255,98.27497884439322,78.88963479898975,24.863546,76.98877664827249,Good,1,0,Vehicle_1015,0.0002,0.0%,LOW,124,2480,temperature,-3.7555,Cooling system,Inspect coolant level and radiator,temperature signal is elevated (SHAP=-3.756),31,Low,2026-06-28 20:56:38
69.68432258982517,26.5997218481391,2164.607474661383,0.169833246572235,12.675405839245936,79.56569178768983,21.36236192170032,5.0,90.0,100.0,93.0,19.783419,85.8,Excellent,0,0,Vehicle_1016,0.0003,0.0%,LOW,124,2480,temperature,-3.8038,Cooling system,Inspect coolant level and radiator,temperature signal is elevated (SHAP=-3.804),31,Low,2026-06-28 20:56:38
85.782599779863,26.21423041720721,1752.8476378829891,0.1084254055890171,12.41994753760059,31.57034456637888,43.53712747127767,2.0,100.0,92.57283592602435,97.7718507778073,16.85328,93.17767765188924,Excellent,0,0,Vehicle_1017,0.0002,0.0%,LOW,124,2480,temperature,-3.7943,Cooling system,Inspect coolant level and radiator,temperature signal is elevated (SHAP=-3.794),31,Low,2026-06-28 20:56:38
80.89224241680644,36.3431356214482,2091.6473208741763,0.4245535217833457,13.362930288589917,61.635166060419216,30.844261122219173,2.0,91.69643188111029,100.0,94.1875023167772,24.402285,92.51250139006632,Excellent,0,0,Vehicle_1018,0.0002,0.0%,LOW,124,2480,temperature,-3.7888,Cooling system,Inspect coolant level and radiator,temperature signal is elevated (SHAP=-3.789),31,Low,2026-06-28 20:56:38
79.94752048539111,32.271835943028215,1547.542131109352,0.2089590056170123,12.971191907643382,65.64381407922657,41.53419511119351,7.0,80.0,100.0,86.0,17.516422,77.6,Good,1,0,Vehicle_1019,0.0004,0.0%,LOW,124,2480,temperature,-5.8216,Cooling system,Inspect coolant level and radiator,temperature signal is elevated (SHAP=-5.822),31,Low,2026-06-28 20:56:38
94.2955294822372,17.731630421971076,3206.729739272472,0.1191297942210379,12.87089813313164,102.29818399172665,44.35566025656127,5.0,61.40894103552563,67.0,63.08625872486793,5.9942245,61.25175523492076,Warning,2,0,Vehicle_1020,0.0003,0.0%,LOW,124,2480,temperature,-3.997,Cooling system,Inspect coolant level and radiator,temperature signal is elevated (SHAP=-3.997),31,Low,2026-06-28 20:56:38
90.09813041789056,22.647649203185352,1878.5990771149432,0.1598447027260446,12.705714476948003,35.15397764732286,37.74463538808545,5.0,80.39433597696029,100.0,86.27603518387221,16.85328,81.76562111032332,Good,1,0,Vehicle_1021,0.0003,0.0%,LOW,124,2480,temperature,-3.8092,Cooling system,Inspect coolant level and radiator,temperature signal is elevated (SHAP=-3.809),31,Low,2026-06-28 20:56:38
89.74071805966429,39.007415182963264,3374.8276705730136,0.1341311159675293,13.105344327092018,78.65086553987658,58.95907395685333,9.0,80.0,66.0,75.8,8.166957,60.68,Good,1,0,Vehicle_1022,0.0005,0.1%,LOW,124,2480,temperature,-6.0873,Cooling system,Inspect coolant level and radiator,temperature signal is elevated (SHAP=-6.087),31,Low,2026-06-28 20:56:38
91.1474268599304,32.411569698472874,2179.496864183991,0.0002678172867577,11.825212281012314,50.346920360671085,17.752575070667763,4.0,92.70514628013922,68.04000659175794,85.30560437362483,19.657219,76.79136394252649,Good,1,0,Vehicle_1023,0.0002,0.0%,LOW,124,2480,temperature,-3.8302,Cooling system,Inspect coolant level and radiator,temperature signal is elevated (SHAP=-3.830),31,Low,2026-06-28 20:56:38
94.24202002003358,25.426824413776508,1665.3198531061482,0.1009166447485171,12.94811324719623,25.172716328388614,26.82049924728192,8.0,71.51595995993284,100.0,80.06117197195299,19.392086,72.0367031831718,Good,1,0,Vehicle_1024,0.0005,0.1%,LOW,124,2480,temperature,-5.9138,Cooling system,Inspect coolant level and radiator,temperature signal is elevated (SHAP=-5.914),31,Low,2026-06-28 20:56:38
53.38069987333836,28.977542056590107,2158.9587295889587,0.2934442864254422,12.00350227520019,47.60025660331426,32.440499953960426,9.0,80.0,75.39446885200785,78.61834065560235,15.398699,64.24989816376298,Good,1,0,Vehicle_1025,0.0004,0.0%,LOW,124,2480,temperature,-6.0984,Cooling system,Inspect coolant level and radiator,temperature signal is elevated (SHAP=-6.098),31,Low,2026-06-28 20:56:38
79.53342621603308,30.07942003681002,500.0,0.0039171199935619,12.174264352373308,50.04929522199414,57.61173528608121,5.0,90.0,48.43840453539896,77.53152136061968,14.057339,66.20659372345159,Good,1,0,Vehicle_1026,0.0002,0.0%,LOW,124,2480,temperature,-3.9118,Cooling system,Inspect coolant level and radiator,temperature signal is elevated (SHAP=-3.912),31,Low,2026-06-28 20:56:38
52.29684903265789,34.41440016168098,2403.3851386607944,0.1566517776254544,12.624556977624668,28.82219613769422,52.98002470102212,2.0,100.0,72.8679160165248,91.86037480495744,20.657724,85.68980808627943,Excellent,0,0,Vehicle_1027,0.0003,0.0%,LOW,124,2480,temperature,-3.8394,Cooling system,Inspect coolant level and radiator,temperature signal is elevated (SHAP=-3.839),31,Low,2026-06-28 20:56:38
85.54089890196693,21.850419630847263,2363.9046470958733,0.1797529198859801,12.89328806620429,56.243472377030585,47.88690867393916,4.0,82.40167852338905,90.18451050860683,84.73652811895438,16.85328,80.878818973094,Good,1,0,Vehicle_1028,0.0003,0.0%,LOW,124,2480,temperature,-3.8202,Cooling system,Inspect coolant level and radiator,temperature signal is elevated (SHAP=-3.820),31,Low,2026-06-28 20:56:38
84.93050541663482,24.954305167977253,3159.794197238374,0.0134786080595619,11.938569347327215,69.15618510997163,27.0587605925409,0.0,99.817220671909,72.71598557724761,91.68685014351058,99.68493,89.55530720155588,Excellent,0,0,Vehicle_1029,0.0002,0.0%,LOW,124,2480,temperature,-3.7917,Cooling system,Inspect coolant level and radiator,temperature signal is elevated (SHAP=-3.792),31,Low,2026-06-28 20:56:38
100.6829841218452,31.63773452918033,990.9560576132964,0.2815648597273382,12.194982048928908,54.76401308124025,28.2248526022957,6.0,65.0,83.29300951831746,70.48790285549524,12.322199,66.95134361696063,Warning,2,0,Vehicle_1030,0.0002,0.0%,LOW,124,2480,temperature,-3.9682,Cooling system,Inspect coolant level and radiator,temperature signal is elevated (SHAP=-3.968),31,Low,2026-06-28 20:56:38
102.8145158908168,29.400992517027294,3429.4930886908382,0.7408057715024521,12.439012829000523,39.16311821240247,26.71439964859546,2.0,60.0,93.35927919627169,70.0077837588815,6.360096,76.67652609458324,Warning,2,0,Vehicle_1031,0.0002,0.0%,LOW,124,2480,temperature,-3.7499,Cooling system,Inspect coolant level and radiator,temperature signal is elevated (SHAP=-3.750),31,Low,2026-06-28 20:56:38
88.04162572378551,33.43115509582026,3156.4794359981247,0.6623742954519884,12.325453598121715,47.03055863186068,27.165731119592373,9.0,60.0,88.67496092252075,68.60248827675622,2.827102,60.89648515055788,Warning,2,0,Vehicle_1032,0.0019,0.2%,LOW,124,2480,temperature,-6.4507,Cooling system,Inspect coolant level and radiator,temperature signal is elevated (SHAP=-6.451),31,Low,2026-06-28 20:56:38
77.4945838390465,22.62295561584241,3501.63485095893,0.0476503407078814,12.741612824494077,49.909132864130974,49.927046072759744,6.0,75.49182246336966,83.24804335261688,77.81868873014382,13.129557,71.34082190860967,Good,1,0,Vehicle_1033,0.0003,0.0%,LOW,124,2480,temperature,-3.8092,Cooling system,Inspect coolant level and radiator,temperature signal is elevated (SHAP=-3.809),31,Low,2026-06-28 20:56:38
92.27741668818608,32.14277205762793,2457.8228991966903,0.0250120060301266,13.469879606837369,54.34643254962097,32.56232876604156,4.0,90.44516662362788,100.0,93.3116166365395,13.244349,87.98696998192369,Excellent,0,0,Vehicle_1034,0.0003,0.0%,LOW,124,2480,temperature,-3.8503,Cooling system,Inspect coolant level and radiator,temperature signal is elevated (SHAP=-3.850),31,Low,2026-06-28 20:56:38
77.0812354401353,36.54950171626484,3311.1174672822044,0.3441315731479306,12.567728283410352,72.19661524480063,33.885018353560575,1.0,97.05789512347128,98.66879169067704,97.541164093633,19.137293,96.2584567943152,Excellent,0,0,Vehicle_1035,0.0002,0.0%,LOW,124,2480,temperature,-3.7665,Cooling system,Inspect coolant level and radiator,temperature signal is elevated (SHAP=-3.767),31,Low,2026-06-28 20:56:38
84.97911022834977,32.9209112828957,1323.0047720744758,0.7408057715024521,12.105921424735074,55.43879506772178,42.74386786923432,0.0,80.0,79.61925877032179,79.88577763109654,99.66642,83.85531833272228,Good,1,0,Vehicle_1036,0.0002,0.0%,LOW,124,2480,temperature,-3.7386,Cooling system,Inspect coolant level and radiator,temperature signal is elevated (SHAP=-3.739),31,Low,2026-06-28 20:56:38
99.79204475441152,30.834670438569557,3070.4380521636267,0.0072119339712414,11.881396667744404,21.94606742740579,18.364720259660253,6.0,65.41591049117696,70.35761254445657,66.89842110716084,9.336406,62.21057517318782,Warning,2,0,Vehicle_1037,0.0002,0.0%,LOW,124,2480,temperature,-4.0037,Cooling system,Inspect coolant level and radiator,temperature signal is elevated (SHAP=-4.004),31,Low,2026-06-28 20:56:38
76.63342981015865,29.424698384604174,1883.069790320044,0.0974533274307903,12.26989843456576,38.753578560226174,35.52645821269139,7.0,80.0,86.38331042583755,81.91499312775126,15.210032,72.42565796181826,Good,1,0,Vehicle_1038,0.0003,0.0%,LOW,124,2480,temperature,-5.8089,Cooling system,Inspect coolant level and radiator,temperature signal is elevated (SHAP=-5.809),31,Low,2026-06-28 20:56:38
97.08517958863752,24.990893083370988,1178.878534061651,0.0502137545314898,12.023900045588483,53.32042101793273,24.03128271327079,2.0,85.79321315620892,76.23587688052493,82.92601227350372,15.210032,81.00278274020721,Good,1,0,Vehicle_1039,0.0002,0.0%,LOW,124,2480,temperature,-3.7812,Cooling system,Inspect coolant level and radiator,temperature signal is elevated (SHAP=-3.781),31,Low,2026-06-28 20:56:38
95.16102053038452,29.56800844536127,1600.687585468511,0.103850095185779,12.587019916790169,72.48248969908228,32.05585079441681,0.0,89.67795893923093,99.46457156759448,92.61394272774,99.573395,95.46127995016288,Excellent,0,0,Vehicle_1040,0.0002,0.0%,LOW,124,2480,temperature,-3.8201,Cooling system,Inspect coolant level and radiator,temperature signal is elevated (SHAP=-3.820),31,Low,2026-06-28 20:56:38
70.67812274303768,37.55823511728244,2504.4249109034163,0.3358365865754395,12.58080865431369,75.95692883073103,29.135793060407877,3.0,97.61089422830403,99.20835699043975,98.09013305694477,25.280869,92.6957512322548,Excellent,0,0,Vehicle_1041,0.0002,0.0%,LOW,124,2480,temperature,-3.7665,Cooling system,Inspect coolant level and radiator,temperature signal is elevated (SHAP=-3.767),31,Low,2026-06-28 20:56:38
99.60841192326102,29.28582896039925,1840.560633425917,0.0140886635357829,12.214732718190016,85.49370683174911,28.62019253968743,7.0,60.78317615347797,75.04310835295217,65.06115581332023,5.9942245,60.04531515858257,Warning,2,0,Vehicle_1042,0.0003,0.0%,LOW,124,2480,temperature,-5.9642,Cooling system,Inspect coolant level and radiator,temperature signal is elevated (SHAP=-5.964),31,Low,2026-06-28 20:56:38
95.47849518057258,24.66117606390954,2800.85882535664,0.1990499214995193,13.193982005513512,52.6122879515861,37.25581806706365,5.0,77.687713894493,100.0,84.3813997261451,16.85328,80.62883983568706,Good,1,0,Vehicle_1043,0.0003,0.0%,LOW,124,2480,temperature,-3.8202,Cooling system,Inspect coolant level and radiator,temperature signal is elevated (SHAP=-3.820),31,Low,2026-06-28 20:56:38
86.52888831058986,27.04651746740768,1053.4099559967865,0.0260763890106147,12.105821072304042,65.26618351004987,37.21213402392512,0.0,100.0,79.61511923254174,93.88453576976252,99.66854,92.25374530836586,Excellent,0,0,Vehicle_1044,0.0002,0.0%,LOW,124,2480,temperature,-3.7861,Cooling system,Inspect coolant level and radiator,temperature signal is elevated (SHAP=-3.786),31,Low,2026-06-28 20:56:38
73.56514812958521,31.205101783655586,798.3219651073107,0.002069379356713,12.35222757284073,20.91076931194061,32.80179410766015,1.0,100.0,89.77938737968013,96.93381621390404,19.392086,94.11616720427844,Excellent,0,0,Vehicle_1045,0.0002,0.0%,LOW,124,2480,temperature,-3.8191,Cooling system,Inspect coolant level and radiator,temperature signal is elevated (SHAP=-3.819),31,Low,2026-06-28 20:56:38
72.11190972136644,27.75891601691492,3597.909947314861,0.0353875654604088,12.655665066355928,58.59763146322966,38.706843429911565,1.0,100.0,100.0,100.0,19.392086,98.0,Excellent,0,0,Vehicle_1046,0.0003,0.0%,LOW,124,2480,temperature,-3.8063,Cooling system,Inspect coolant level and radiator,temperature signal is elevated (SHAP=-3.806),31,Low,2026-06-28 20:56:38
76.93506134645466,32.91181969837884,3223.040103521148,0.0102007743188864,12.756821957507931,28.49471797078277,26.31385459146451,7.0,80.0,100.0,86.0,20.138336,77.6,Good,1,0,Vehicle_1047,0.0004,0.0%,LOW,124,2480,temperature,-5.8191,Cooling system,Inspect coolant level and radiator,temperature signal is elevated (SHAP=-5.819),31,Low,2026-06-28 20:56:38
93.1389169493794,33.13706256449418,1660.562531268954,0.2931196615190912,12.91103060861728,48.749216084905,41.81585869039427,7.0,73.72216610124121,100.0,81.60551627086885,17.470497,74.9633097625213,Good,1,0,Vehicle_1048,0.0004,0.0%,LOW,124,2480,temperature,-5.8261,Cooling system,Inspect coolant level and radiator,temperature signal is elevated (SHAP=-5.826),31,Low,2026-06-28 20:56:39
70.66562248897903,35.33389908242789,2497.6002852235683,0.0800485170323793,12.571398591597296,103.20347233180824,32.93800977842394,4.0,95.0,65.82019190338846,86.24605757101654,19.657219,76.91167292328761,Good,1,0,Vehicle_1049,0.0002,0.0%,LOW,124,2480,temperature,-3.828,Cooling system,Inspect coolant level and radiator,temperature signal is elevated (SHAP=-3.828),31,Low,2026-06-28 20:56:39
91.56268372929804,38.5413568335902,3315.605648161059,0.1147061388109054,12.8203650803152,56.0710847238086,30.16336437862103,6.0,81.87463254140391,100.0,87.31224277898274,19.392086,80.38734566738964,Good,1,0,Vehicle_1050,0.0003,0.0%,LOW,124,2480,temperature,-3.831,Cooling system,Inspect coolant level and radiator,temperature signal is elevated (SHAP=-3.831),31,Low,2026-06-28 20:56:39
66.37366706682411,35.97515234623417,2835.3604866324845,0.0924666556873201,12.133956731188825,32.72373561639343,27.052411882970187,0.0,100.0,80.775715161539,94.2327145484617,99.68493,92.6947717613848,Excellent,0,0,Vehicle_1051,0.0002,0.0%,LOW,124,2480,temperature,-3.8302,Cooling system,Inspect coolant level and radiator,temperature signal is elevated (SHAP=-3.830),31,Low,2026-06-28 20:56:39
81.93897123341726,24.39456561511224,2618.5784769467828,0.077731761190542,12.767232784140154,58.15578011915811,32.58602539533318,5.0,87.57826246044897,100.0,91.30478372231428,19.392086,84.78287023338856,Excellent,0,0,Vehicle_1052,0.0003,0.0%,LOW,124,2480,temperature,-3.8009,Cooling system,Inspect coolant level and radiator,temperature signal is elevated (SHAP=-3.801),31,Low,2026-06-28 20:56:39
86.64471631861014,24.578793320542367,3376.123265050078,0.5405422112061175,12.76189166006256,39.65849626821291,53.70639256845922,2.0,82.2790258684283,70.39826526723864,78.7147976880714,21.666563,77.30853166629058,Good,1,0,Vehicle_1053,0.0002,0.0%,LOW,124,2480,temperature,-3.7417,Cooling system,Inspect coolant level and radiator,temperature signal is elevated (SHAP=-3.742),31,Low,2026-06-28 20:56:39
121.67695217588374,29.54537114124105,1915.430019839024,0.173128443853055,13.005154669901415,30.78511773684897,34.366862298974105,8.0,50.0,100.0,65.0,1.9582272,63.0,Warning,2,1,Vehicle_1054,0.9997,100.0%,CRITICAL,5,100,temperature,4.6932,Cooling system,Inspect coolant level and radiator,temperature signal is rapidly deteriorating (SHAP=4.693),1,Immediate,2026-06-28 20:56:39
64.34026516719449,27.292947856563515,2524.942758931703,0.1725769202999118,11.732625603108584,92.06279066781002,23.55596463856561,4.0,95.0,47.096395398113465,80.62891861943405,20.411087,69.79663025128312,Good,1,0,Vehicle_1055,0.0002,0.0%,LOW,124,2480,temperature,-3.783,Cooling system,Inspect coolant level and radiator,temperature signal is elevated (SHAP=-3.783),31,Low,2026-06-28 20:56:39
107.080218497352,23.170039638234343,2485.7210893660867,0.2010121125749406,12.037126753759573,71.33624052533506,44.18819066785046,8.0,52.68015855293737,76.78147859258236,59.91055456483086,1.3866603,55.30262845741498,Critical,3,1,Vehicle_1056,0.9995,100.0%,CRITICAL,5,100,temperature,4.804,Cooling system,Inspect coolant level and radiator,temperature signal is rapidly deteriorating (SHAP=4.804),1,Immediate,2026-06-28 20:56:39
87.2476362098092,27.34984923496204,2281.790361863166,0.0350129691678553,12.729256387746922,56.9107324999149,30.28071564208246,5.0,90.0,100.0,93.0,19.392086,85.8,Excellent,0,0,Vehicle_1057,0.0003,0.0%,LOW,124,2480,temperature,-3.8063,Cooling system,Inspect coolant level and radiator,temperature signal is elevated (SHAP=-3.806),31,Low,2026-06-28 20:56:39
91.16757877023944,27.152922398285767,2188.155590863398,0.1359166704007193,11.339454208047442,42.16353419504917,37.83759004352471,4.0,92.66484245952113,67.0,84.96538972166476,17.09106,76.37923383299886,Good,1,0,Vehicle_1058,0.0002,0.0%,LOW,124,2480,temperature,-3.8049,Cooling system,Inspect coolant level and radiator,temperature signal is elevated (SHAP=-3.805),31,Low,2026-06-28 20:56:39
86.77521870082306,25.968913561432764,2558.294590262793,0.2521752991190586,12.59680246951534,43.784210340556015,28.943394495734218,9.0,80.0,99.86810186750782,85.96043056025235,20.079834,73.54987870965297,Good,1,0,Vehicle_1059,0.0004,0.0%,LOW,124,2480,temperature,-5.898,Cooling system,Inspect coolant level and radiator,temperature signal is elevated (SHAP=-5.898),31,Low,2026-06-28 20:56:39
91.6709022729285,28.105263083069968,2527.525996788422,0.2706522061935009,12.823921769972548,80.849637336883,47.8077331614317,9.0,76.658195454143,89.05180564527527,80.37627851148267,17.470497,68.03612823594466,Good,1,0,Vehicle_1060,0.0004,0.0%,LOW,124,2480,temperature,-6.0291,Cooling system,Inspect coolant level and radiator,temperature signal is elevated (SHAP=-6.029),31,Low,2026-06-28 20:56:39
82.69472343456974,37.07070510190999,1661.2578859723794,0.0961839180083811,12.169449900979824,56.13155075329136,29.09240243354036,4.0,95.0,82.23980841541774,91.17194252462532,19.657219,83.15112719785874,Excellent,0,0,Vehicle_1061,0.0002,0.0%,LOW,124,2480,temperature,-3.8134,Cooling system,Inspect coolant level and radiator,temperature signal is elevated (SHAP=-3.813),31,Low,2026-06-28 20:56:39
106.81075272186187,31.195428247495435,3141.436727920358,0.0281497347243949,12.227923999955236,0.0,48.978579785775366,3.0,80.0,71.12469372651721,77.33740811795516,16.708267,74.62738361607654,Good,1,0,Vehicle_1062,0.0027,0.3%,LOW,124,2480,fault_count,-6.1336,ECU fault logs,Review and clear fault codes,fault_count signal is elevated (SHAP=-6.134),31,Low,2026-06-28 20:56:39
78.15293283662916,44.830854456332816,1718.8918337869934,0.1345502047713687,11.97034506110404,98.41877031317674,24.507394154712134,6.0,85.0,43.63576275379998,72.59072882613998,9.96173,60.28158984644399,Warning,2,0,Vehicle_1063,0.0002,0.0%,LOW,124,2480,temperature,-3.9375,Cooling system,Inspect coolant level and radiator,temperature signal is elevated (SHAP=-3.938),31,Low,2026-06-28 20:56:39
101.98351858268872,31.023049116117896,2325.4132443622607,0.5418582800234814,12.19138115210744,53.6612471394457,32.070936142845206,1.0,63.87611466510124,83.14447252443186,69.65662202290042,18.53739,76.42286771862662,Warning,2,0,Vehicle_1064,0.0002,0.0%,LOW,124,2480,temperature,-3.7598,Cooling system,Inspect coolant level and radiator,temperature signal is elevated (SHAP=-3.760),31,Low,2026-06-28 20:56:39
75.33449319680466,28.25960535637649,2263.7756218239588,0.2682850581273197,12.202972599215297,56.86738011469634,48.99995785906781,3.0,100.0,70.02276299680042,91.00682889904012,17.715132,82.60864993878417,Excellent,0,0,Vehicle_1065,0.0002,0.0%,LOW,124,2480,temperature,-3.805,Cooling system,Inspect coolant level and radiator,temperature signal is elevated (SHAP=-3.805),31,Low,2026-06-28 20:56:39
84.0962223039807,30.0247972959292,2786.4828901273727,0.0965080477922041,12.126863490213792,71.73389626869593,36.68174224781339,8.0,80.0,80.48311897131889,80.14493569139566,17.961098,68.18358520910118,Good,1,0,Vehicle_1066,0.0004,0.0%,LOW,124,2480,temperature,-6.0164,Cooling system,Inspect coolant level and radiator,temperature signal is elevated (SHAP=-6.016),31,Low,2026-06-28 20:56:39
68.92056171564671,31.53895187066124,804.7168478261337,0.7408057715024521,12.104928728886202,59.30805654623174,57.71465941805633,8.0,60.0,45.57831006655583,55.67349301996675,2.5313973,46.519757825291215,Critical,3,0,Vehicle_1067,0.0016,0.2%,LOW,124,2480,temperature,-6.3678,Cooling system,Inspect coolant level and radiator,temperature signal is elevated (SHAP=-6.368),31,Low,2026-06-28 20:56:39
91.8253558052128,32.61152374302638,3212.7278519435667,0.2346066890661014,12.291598086044642,64.93817235433619,32.30859550761983,4.0,91.3492883895744,87.27842104934149,90.12802818750453,17.783546,83.53250112237102,Excellent,0,0,Vehicle_1068,0.0002,0.0%,LOW,124,2480,temperature,-3.8213,Cooling system,Inspect coolant level and radiator,temperature signal is elevated (SHAP=-3.821),31,Low,2026-06-28 20:56:39
106.676889353898,42.460267955154144,1958.4077219102687,0.7408057715024521,12.286758273737552,41.52553065270151,37.57042852960674,3.0,60.0,87.07877879167404,68.12363363750221,4.9233856,72.28993594083613,Warning,2,0,Vehicle_1069,0.002,0.2%,LOW,124,2480,fault_count,-6.0799,ECU fault logs,Review and clear fault codes,fault_count signal is elevated (SHAP=-6.080),31,Low,2026-06-28 20:56:39
83.83965730268719,24.92807721013459,3475.970635821644,0.1608799297070771,13.149652759944424,25.40409352067227,54.05149272048818,8.0,79.71230884053836,69.2249247503402,76.5660936134789,9.314358,63.78464111815538,Good,1,0,Vehicle_1070,0.0005,0.1%,LOW,124,2480,temperature,-6.1073,Cooling system,Inspect coolant level and radiator,temperature signal is elevated (SHAP=-6.107),31,Low,2026-06-28 20:56:39
82.04671451944135,35.154276349066414,2117.4680603870765,0.0461637070756584,12.242325942753196,55.604655629463934,19.86076783257732,2.0,100.0,85.24594513856931,95.5737835415708,15.826941,90.39345915265632,Excellent,0,0,Vehicle_1071,0.0002,0.0%,LOW,124,2480,temperature,-3.8218,Cooling system,Inspect coolant level and radiator,temperature signal is elevated (SHAP=-3.822),31,Low,2026-06-28 20:56:39
68.28074555398109,31.246503585684746,2460.9251314127914,0.0871012812074518,12.537660086476745,78.63229304549179,18.622499668184624,0.0,100.0,97.42847856716566,99.2285435701497,99.67241,99.02282185552296,Excellent,0,0,Vehicle_1072,0.0002,0.0%,LOW,124,2480,temperature,-3.8236,Cooling system,Inspect coolant level and radiator,temperature signal is elevated (SHAP=-3.824),31,Low,2026-06-28 20:56:39
81.56061019671537,20.57341354457629,4031.028832054739,0.411382619923443,12.16924681340948,37.04394883233765,27.04491822790592,0.0,74.24756954231421,82.23143105314102,76.64272799556225,99.66496,82.43192300796555,Good,1,0,Vehicle_1073,0.0002,0.0%,LOW,124,2480,temperature,-3.7304,Cooling system,Inspect coolant level and radiator,temperature signal is elevated (SHAP=-3.730),31,Low,2026-06-28 20:56:39
61.10808610417709,34.62419269256858,2278.129432965065,0.2071606943222233,12.164161689663418,35.43952010360447,43.13372689473326,1.0,100.0,82.02166969861598,94.6065009095848,19.970196,91.16823448547407,Excellent,0,0,Vehicle_1074,0.0002,0.0%,LOW,124,2480,temperature,-3.8296,Cooling system,Inspect coolant level and radiator,temperature signal is elevated (SHAP=-3.830),31,Low,2026-06-28 20:56:39
71.30683019921759,37.60574136482343,3491.079907738767,0.0444934933037659,11.71825178490695,74.42038520759874,18.90148816668061,8.0,80.0,67.0,76.1,14.841515,63.06,Good,1,0,Vehicle_1075,0.0004,0.0%,LOW,124,2480,temperature,-6.0858,Cooling system,Inspect coolant level and radiator,temperature signal is elevated (SHAP=-6.086),31,Low,2026-06-28 20:56:39
88.40179069163703,24.85694157733542,2531.236068451648,0.545402033388042,11.771453500875564,40.855095897178174,40.9704905656202,0.0,83.06763075013887,67.0,78.24734152509721,99.7552,80.34840491505832,Good,1,0,Vehicle_1076,0.0002,0.0%,LOW,124,2480,temperature,-3.7299,Cooling system,Inspect coolant level and radiator,temperature signal is elevated (SHAP=-3.730),31,Low,2026-06-28 20:56:39
104.78519796612096,29.946396792648176,2832.335064234792,0.0736559998780637,11.9172006881388,41.78880172331196,40.26706694488893,3.0,80.0,71.83452838572549,77.55035851571765,17.09106,74.89712078657568,Good,1,0,Vehicle_1077,0.0002,0.0%,LOW,124,2480,temperature,-3.799,Cooling system,Inspect coolant level and radiator,temperature signal is elevated (SHAP=-3.799),31,Low,2026-06-28 20:56:39
123.67837025846389,19.64787442795378,2555.9668715290995,0.4675172796653967,12.47347873390403,42.53711454107516,55.14390233201957,6.0,23.832181355640216,60.780997773541216,34.916826281010515,2.060163,41.10629532331456,Critical,3,0,Vehicle_1078,0.0208,2.1%,LOW,122,2440,fault_count,-7.2617,ECU fault logs,Review and clear fault codes,fault_count signal is elevated (SHAP=-7.262),30,Low,2026-06-28 20:56:39
76.2012237239365,22.44716124189398,3178.281301040099,0.0119157174630994,12.830469462113834,48.70038038019042,45.454849255123726,6.0,74.78864496757592,98.45351253257934,81.88810523707694,16.54427,76.82356564876204,Good,1,0,Vehicle_1079,0.0003,0.0%,LOW,124,2480,temperature,-3.8285,Cooling system,Inspect coolant level and radiator,temperature signal is elevated (SHAP=-3.829),31,Low,2026-06-28 20:56:39
106.5295023496816,36.28817746570351,1951.574709717559,0.3267291269798081,11.685334189241791,18.527238081959226,38.64050237497776,8.0,58.218058201346125,67.0,60.85264074094228,1.5285432,53.91158444456536,Warning,2,1,Vehicle_1080,0.9995,100.0%,CRITICAL,5,100,temperature,4.7913,Cooling system,Inspect coolant level and radiator,temperature signal is rapidly deteriorating (SHAP=4.791),1,Immediate,2026-06-28 20:56:39
88.65628720602471,27.201500963955397,1712.7611815846517,0.0103055935744877,12.180369279460471,39.21319774916747,48.5913293515296,9.0,80.0,70.47971298254387,77.14391389476316,12.287563,62.38229093336667,Good,1,0,Vehicle_1081,0.0004,0.0%,LOW,124,2480,temperature,-6.0633,Cooling system,Inspect coolant level and radiator,temperature signal is elevated (SHAP=-6.063),31,Low,2026-06-28 20:56:39
82.73128529880437,23.347182150371765,1989.139047698383,0.2443602423729087,11.85324371625986,54.60736038279444,40.389039411148666,4.0,88.38872860148706,69.19630329571925,82.63100100975672,17.715132,75.41786126499788,Good,1,0,Vehicle_1082,0.0002,0.0%,LOW,124,2480,temperature,-3.7912,Cooling system,Inspect coolant level and radiator,temperature signal is elevated (SHAP=-3.791),31,Low,2026-06-28 20:56:39
91.48891677589228,31.37676218675058,2579.7683010592727,0.115241818928469,12.29428916234658,54.46475872349659,30.399299453727977,2.0,97.02216644821544,87.38942794679642,94.13234489778972,17.961098,89.95729252803312,Excellent,0,0,Vehicle_1083,0.0002,0.0%,LOW,124,2480,temperature,-3.8213,Cooling system,Inspect coolant level and radiator,temperature signal is elevated (SHAP=-3.821),31,Low,2026-06-28 20:56:39
85.92874725519938,26.86552541141386,2323.344971559736,0.6088157973178928,12.83030779748286,73.15986105159175,23.553942229511385,0.0,80.0,100.0,86.0,99.74526,91.6,Good,1,0,Vehicle_1084,0.0002,0.0%,LOW,124,2480,temperature,-3.7527,Cooling system,Inspect coolant level and radiator,temperature signal is elevated (SHAP=-3.753),31,Low,2026-06-28 20:56:39
86.65593588418328,27.175070053346783,3068.219901176941,0.1395474976949841,12.221247039356811,86.78784444389609,29.306343963069192,8.0,80.0,73.17649704103991,77.95294911231197,16.257309,65.40706887559517,Good,1,0,Vehicle_1085,0.0004,0.0%,LOW,124,2480,temperature,-6.0599,Cooling system,Inspect coolant level and radiator,temperature signal is elevated (SHAP=-6.060),31,Low,2026-06-28 20:56:39
78.87500255759996,34.43595615404942,3543.785359857216,0.6021121902644275,12.380993211120122,80.24966893328806,34.59926125452883,3.0,80.0,90.55401621877974,83.16620486563392,23.994816,82.01052616313629,Good,1,0,Vehicle_1086,0.0002,0.0%,LOW,124,2480,temperature,-3.7457,Cooling system,Inspect coolant level and radiator,temperature signal is elevated (SHAP=-3.746),31,Low,2026-06-28 20:56:39
64.02835510301725,23.02959984639392,1719.3293302119932,0.1784294190664795,12.982091358556923,68.2930476814787,36.75018405349604,8.0,72.11839938557569,100.0,80.48287956990298,19.783419,72.28972774194179,Good,1,0,Vehicle_1087,0.0006,0.1%,LOW,124,2480,temperature,-5.9049,Cooling system,Inspect coolant level and radiator,temperature signal is elevated (SHAP=-5.905),31,Low,2026-06-28 20:56:39
61.84562196216878,24.567808723909007,1912.840966708854,0.0172911892897803,12.583160372203164,47.02530818465585,13.648044019132412,3.0,98.27123489563604,99.30536535338052,98.58147403295936,19.783419,93.00995749045173,Excellent,0,0,Vehicle_1088,0.0003,0.0%,LOW,124,2480,temperature,-3.8097,Cooling system,Inspect coolant level and radiator,temperature signal is elevated (SHAP=-3.810),31,Low,2026-06-28 20:56:39
94.7986732492184,30.92447995289321,1351.0084653497167,0.0645360492776596,12.09596325767328,37.5386186008624,32.804396650760054,7.0,70.40265350156318,79.20848437902276,73.04440276480105,14.057339,65.66833853468518,Warning,2,0,Vehicle_1089,0.0003,0.0%,LOW,124,2480,temperature,-5.9676,Cooling system,Inspect coolant level and radiator,temperature signal is elevated (SHAP=-5.968),31,Low,2026-06-28 20:56:39
80.8494986487143,35.81645874448923,4124.298392607283,0.1495165838647694,12.46356611433429,50.35756865016804,35.28581769549445,6.0,82.51403214785434,94.37210221628946,86.07145316838486,19.392086,78.5172923442888,Good,1,0,Vehicle_1090,0.0002,0.0%,LOW,124,2480,temperature,-3.8255,Cooling system,Inspect coolant level and radiator,temperature signal is elevated (SHAP=-3.825),31,Low,2026-06-28 20:56:39
76.0586665051575,37.4289618089391,2743.7355992974617,0.7150787396297779,12.068980395439084,61.71157539545796,40.475374448798405,7.0,60.0,78.0954413118622,65.42863239355866,3.3848882,60.87626769850764,Warning,2,0,Vehicle_1091,0.0005,0.1%,LOW,124,2480,temperature,-6.0313,Cooling system,Inspect coolant level and radiator,temperature signal is elevated (SHAP=-6.031),31,Low,2026-06-28 20:56:39
85.1275844008473,26.00962967783026,2883.841856041262,0.0697139375818494,12.5681928050944,66.43875596491336,51.268008825063504,6.0,85.0,77.37672320492808,82.71301696147842,13.344121,73.10315481787266,Good,1,0,Vehicle_1092,0.0002,0.0%,LOW,124,2480,temperature,-3.8009,Cooling system,Inspect coolant level and radiator,temperature signal is elevated (SHAP=-3.801),31,Low,2026-06-28 20:56:39
96.9239837937344,35.62426180151789,1427.8332919751615,0.5009215228687132,12.606136061629105,62.46171467031701,36.856535354452696,3.0,72.75726422128363,100.0,80.93008495489855,16.62497,82.55805097293913,Good,1,0,Vehicle_1093,0.0002,0.0%,LOW,124,2480,temperature,-3.7631,Cooling system,Inspect coolant level and radiator,temperature signal is elevated (SHAP=-3.763),31,Low,2026-06-28 20:56:39
87.70545914539598,25.295146239177548,2499.0640087945003,0.2814295125882812,11.85313611980062,47.57649057247895,25.904371237522817,1.0,100.0,69.19186494177556,90.75755948253268,19.994253,86.29290867787472,Excellent,0,0,Vehicle_1094,0.0002,0.0%,LOW,124,2480,temperature,-3.7962,Cooling system,Inspect coolant level and radiator,temperature signal is elevated (SHAP=-3.796),31,Low,2026-06-28 20:56:39
75.15917595038549,40.9572560814408,2907.3983875304684,0.4329679341492636,12.47005976695431,65.73724479684523,16.819206163985278,0.0,91.13547105671576,94.63996538686531,92.18681935576063,99.73955,94.24008469082943,Excellent,0,0,Vehicle_1095,0.0002,0.0%,LOW,124,2480,temperature,-3.7625,Cooling system,Inspect coolant level and radiator,temperature signal is elevated (SHAP=-3.763),31,Low,2026-06-28 20:56:39
103.39439433473424,23.19737384748163,2297.79384757246,0.1764247246169055,12.352970696801632,75.21745010167005,41.87010958112382,4.0,67.78949538992651,89.81004124306733,74.39565914586875,16.85328,74.59940373613472,Warning,2,0,Vehicle_1096,0.0002,0.0%,LOW,124,2480,temperature,-3.7575,Cooling system,Inspect coolant level and radiator,temperature signal is elevated (SHAP=-3.757),31,Low,2026-06-28 20:56:39
108.68778254472448,37.97087286475038,3360.564499861116,0.065495590076899,12.617870958868846,67.60320768135082,26.309126405225868,8.0,60.0,100.0,72.0,2.8351605,67.19999999999999,Warning,2,1,Vehicle_1097,0.9994,99.9%,CRITICAL,5,100,temperature,4.7705,Cooling system,Inspect coolant level and radiator,temperature signal is rapidly deteriorating (SHAP=4.771),1,Immediate,2026-06-28 20:56:39
92.4183498298428,26.061083359087657,4349.464900514264,0.0847776470954307,12.732538820407656,49.35973889673202,43.66836977161347,6.0,73.17400233002914,100.0,81.2218016310204,16.85328,76.73308097861224,Good,1,0,Vehicle_1098,0.0003,0.0%,LOW,124,2480,temperature,-3.805,Cooling system,Inspect coolant level and radiator,temperature signal is elevated (SHAP=-3.805),31,Low,2026-06-28 20:56:39
99.60495267016135,42.0794787287676,1742.3497383248389,0.1880216141818392,12.590979841649842,33.323026149879865,48.97420152162569,6.0,65.7900946596773,86.11563329452868,71.88775625013271,14.500374,68.35578040898537,Warning,2,0,Vehicle_1099,0.0002,0.0%,LOW,124,2480,temperature,-3.9388,Cooling system,Inspect coolant level and radiator,temperature signal is elevated (SHAP=-3.939),31,Low,2026-06-28 20:56:39
103.62939995220717,33.54792437311491,1682.3302032186425,0.40417365676447,12.2787226586481,32.84865141223785,19.55925234020826,2.0,73.05508954903533,86.74730966923411,77.16275558509496,24.714924,79.64711528490379,Good,1,0,Vehicle_1100,0.0002,0.0%,LOW,124,2480,temperature,-3.7277,Cooling system,Inspect coolant level and radiator,temperature signal is elevated (SHAP=-3.728),31,Low,2026-06-28 20:56:39
101.95148974606772,23.903900823550668,1797.7951475771388,0.2364644467280607,12.7733320083456,36.37564752815637,40.53892558758962,4.0,70.61560329420267,100.0,79.43092230594186,17.470497,79.6585533835651,Good,1,0,Vehicle_1101,0.0003,0.0%,LOW,124,2480,temperature,-3.804,Cooling system,Inspect coolant level and radiator,temperature signal is elevated (SHAP=-3.804),31,Low,2026-06-28 20:56:40
94.21148765668936,26.86656912274496,3784.9593280131926,0.6136845385320434,12.0507748894759,55.1415039734986,47.92622410339344,4.0,66.57702468662129,67.39530223934312,66.82250795243783,13.81309,65.57256521933132,Warning,2,0,Vehicle_1102,0.0002,0.0%,LOW,124,2480,temperature,-3.8532,Cooling system,Inspect coolant level and radiator,temperature signal is elevated (SHAP=-3.853),31,Low,2026-06-28 20:56:40
93.97520570612323,34.68708723134245,3333.884253623748,0.0018631831641331,11.8717912026522,60.39607507111267,45.19039325280282,1.0,92.0495885877535,69.31405004987367,85.22892702638956,17.09106,83.00016622580847,Good,1,0,Vehicle_1103,0.0002,0.0%,LOW,124,2480,temperature,-3.8213,Cooling system,Inspect coolant level and radiator,temperature signal is elevated (SHAP=-3.821),31,Low,2026-06-28 20:56:40
92.79490860019754,36.31586650569336,2391.577745765081,0.0226268909837614,11.327699806254133,21.709353641119403,14.036205630895443,6.0,79.41018279960491,67.0,75.68712795972343,16.598415,66.81227677583405,Good,1,0,Vehicle_1104,0.0002,0.0%,LOW,124,2480,temperature,-4.0037,Cooling system,Inspect coolant level and radiator,temperature signal is elevated (SHAP=-4.004),31,Low,2026-06-28 20:56:40
68.53993488179435,29.575706449653225,2529.2477315206997,0.1656730108106815,12.37194361930514,39.920097832728985,26.46347955206296,3.0,100.0,90.59267429633697,97.17780228890108,19.783419,90.42521623260804,Excellent,0,0,Vehicle_1105,0.0002,0.0%,LOW,124,2480,temperature,-3.8302,Cooling system,Inspect coolant level and radiator,temperature signal is elevated (SHAP=-3.830),31,Low,2026-06-28 20:56:40
95.5108473528938,30.2679496857808,1846.7650990426228,0.0719925299936133,12.071381424202626,54.865709306107874,22.198194942495768,4.0,83.97830529421242,78.1944837483583,82.24315883045617,19.30874,76.98479204794535,Good,1,0,Vehicle_1106,0.0002,0.0%,LOW,124,2480,temperature,-3.8218,Cooling system,Inspect coolant level and radiator,temperature signal is elevated (SHAP=-3.822),31,Low,2026-06-28 20:56:40
64.66279043310169,34.55011819586439,3212.021726194547,0.3333376968199091,12.55910179043014,32.006401798047946,40.234727551470506,5.0,87.77748687867273,98.31294885524332,90.9381254716439,23.331678,84.225465054035,Excellent,0,0,Vehicle_1107,0.0002,0.0%,LOW,124,2480,temperature,-3.7718,Cooling system,Inspect coolant level and radiator,temperature signal is elevated (SHAP=-3.772),31,Low,2026-06-28 20:56:40
73.08100817312418,30.79079056206492,2196.078540713157,0.134864481322303,11.611509042382254,58.6780830611921,39.13326623485497,0.0,100.0,67.0,90.1,99.68493,87.46,Excellent,0,0,Vehicle_1108,0.0002,0.0%,LOW,124,2480,temperature,-3.8213,Cooling system,Inspect coolant level and radiator,temperature signal is elevated (SHAP=-3.821),31,Low,2026-06-28 20:56:40
104.55347601712133,22.238970843969746,2291.9387684360004,0.4638539025152727,12.1411285796402,43.85143418166869,10.0,9.0,38.0322898748608,81.07155391015827,50.94406908545004,2.845353,48.78075223330168,Critical,3,0,Vehicle_1109,0.005,0.5%,LOW,124,2480,temperature,-6.2873,Cooling system,Inspect coolant level and radiator,temperature signal is elevated (SHAP=-6.287),31,Low,2026-06-28 20:56:40
97.60330244041296,25.122155852158915,2987.0318172234056,0.3491509071016623,12.588107962345797,35.531594566614864,31.991683786721584,2.0,81.51666797906326,99.50945344676406,86.91450361937349,21.381533,88.0505928609769,Good,1,0,Vehicle_1110,0.0002,0.0%,LOW,124,2480,temperature,-3.7417,Cooling system,Inspect coolant level and radiator,temperature signal is elevated (SHAP=-3.742),31,Low,2026-06-28 20:56:40
107.31097434528796,31.41071965890999,2349.604049533423,0.6340141566896068,11.988065541460408,51.06410864897795,43.007198303411066,6.0,45.0,74.7577035852418,53.92731107557253,2.295369,55.30792736239188,Critical,3,0,Vehicle_1111,0.0161,1.6%,LOW,122,2440,fault_count,-7.0508,ECU fault logs,Review and clear fault codes,fault_count signal is elevated (SHAP=-7.051),30,Low,2026-06-28 20:56:40
80.92488424469062,37.29289449898616,2312.027205201723,0.0316206402693212,12.563702699445145,57.84560659158201,36.47975991224122,7.0,80.0,98.50273635211222,85.55082090563366,19.047188,77.03103981380264,Good,1,0,Vehicle_1112,0.0004,0.0%,LOW,124,2480,temperature,-5.8103,Cooling system,Inspect coolant level and radiator,temperature signal is elevated (SHAP=-5.810),31,Low,2026-06-28 20:56:40
67.71626738084848,39.69589454497229,2508.4601644232603,0.1212927518302572,12.177190961972784,33.02942171460145,36.46266919499861,1.0,100.0,82.55912718137732,94.7677381544132,19.30874,91.3724683289234,Excellent,0,0,Vehicle_1113,0.0002,0.0%,LOW,124,2480,temperature,-3.8296,Cooling system,Inspect coolant level and radiator,temperature signal is elevated (SHAP=-3.830),31,Low,2026-06-28 20:56:40
81.39344204394486,34.6771765246287,3136.284331034461,0.0407806346423708,12.386876676088,45.147752403719046,31.35006313281289,2.0,100.0,91.20866288863004,97.362598866589,19.047188,92.6592918976794,Excellent,0,0,Vehicle_1114,0.0002,0.0%,LOW,124,2480,temperature,-3.8296,Cooling system,Inspect coolant level and radiator,temperature signal is elevated (SHAP=-3.830),31,Low,2026-06-28 20:56:40
86.53046945860861,31.723744566218183,3817.1944603870666,0.299526979101938,12.638063202566745,59.35356754614216,24.410590589253214,4.0,95.0,100.0,96.5,20.621056,89.9,Excellent,0,0,Vehicle_1115,0.0002,0.0%,LOW,124,2480,temperature,-3.8235,Cooling system,Inspect coolant level and radiator,temperature signal is elevated (SHAP=-3.824),31,Low,2026-06-28 20:56:40
86.18483074510014,34.492883315894865,2968.3889857968657,0.0507687712115355,12.781118809246124,34.75819633366465,34.82944176109516,8.0,80.0,100.0,86.0,17.713797,75.6,Good,1,0,Vehicle_1116,0.0005,0.1%,LOW,124,2480,temperature,-5.9391,Cooling system,Inspect coolant level and radiator,temperature signal is elevated (SHAP=-5.939),31,Low,2026-06-28 20:56:40
102.00520718135051,25.999494898758865,3142.651378899413,0.1779971863137986,12.436996964528245,16.844863191521966,35.520934512351246,6.0,65.0,93.27612478679002,73.482837436037,16.85328,70.74492741898021,Warning,2,0,Vehicle_1117,0.0003,0.0%,LOW,124,2480,temperature,-3.7995,Cooling system,Inspect coolant level and radiator,temperature signal is elevated (SHAP=-3.800),31,Low,2026-06-28 20:56:40
79.58094362494832,29.080614238450718,2340.1167503191004,0.3259509730184398,12.074395882048504,19.26852308620491,41.15254520332955,4.0,93.269935132104,78.31883013450073,88.78460363282302,19.290989,80.93452820659395,Good,1,0,Vehicle_1118,0.0002,0.0%,LOW,124,2480,temperature,-3.8258,Cooling system,Inspect coolant level and radiator,temperature signal is elevated (SHAP=-3.826),31,Low,2026-06-28 20:56:40
90.28051707704388,25.05521567196314,1933.7617094650263,0.1962261438893783,12.21678445504814,41.6389827188606,41.96499924295462,8.0,79.43896584591226,84.19235877073578,80.86498372335932,17.09106,69.35746198816275,Good,1,0,Vehicle_1119,0.0004,0.0%,LOW,124,2480,temperature,-5.8922,Cooling system,Inspect coolant level and radiator,temperature signal is elevated (SHAP=-5.892),31,Low,2026-06-28 20:56:40
70.17059275848091,22.50754433575373,3023.188985788092,0.258963004995753,12.654782145234783,23.631634473897236,35.85861419163241,4.0,85.03017734301493,100.0,89.52112414011044,20.079834,85.71267448406627,Good,1,0,Vehicle_1120,0.0002,0.0%,LOW,124,2480,temperature,-3.8054,Cooling system,Inspect coolant level and radiator,temperature signal is elevated (SHAP=-3.805),31,Low,2026-06-28 20:56:40
91.7547591706572,32.00129406981723,2636.992659680457,0.013301701479374,11.991498566606955,43.04556209647508,45.94908364584832,8.0,76.49048165868561,71.67243147665268,75.04506660407573,12.287563,63.36152625777597,Good,1,0,Vehicle_1121,0.0004,0.0%,LOW,124,2480,temperature,-6.1023,Cooling system,Inspect coolant level and radiator,temperature signal is elevated (SHAP=-6.102),31,Low,2026-06-28 20:56:40
85.04662825278456,31.113079839508465,1361.8970810002006,0.1615132059567239,12.328773361343918,83.29885702345358,31.25075331864229,7.0,80.0,83.36878706673822,81.01063612002147,19.657219,71.28013908536053,Good,1,0,Vehicle_1122,0.0003,0.0%,LOW,124,2480,temperature,-5.7896,Cooling system,Inspect coolant level and radiator,temperature signal is elevated (SHAP=-5.790),31,Low,2026-06-28 20:56:40
73.75279992573223,34.125914907054074,2237.544301259521,0.0990732718152524,12.24564636065541,22.42803224622637,20.559754301202663,1.0,100.0,85.38291237703567,95.6148737131107,20.411087,92.44550670327357,Excellent,0,0,Vehicle_1123,0.0002,0.0%,LOW,124,2480,temperature,-3.8302,Cooling system,Inspect coolant level and radiator,temperature signal is elevated (SHAP=-3.830),31,Low,2026-06-28 20:56:40
81.46255956737721,33.276670985354684,2433.682381214757,0.0989705409680552,12.358655286672414,44.34790297044599,39.770536694182056,3.0,100.0,90.0445305752371,97.01335917257111,17.233616,90.21692161859008,Excellent,0,0,Vehicle_1124,0.0002,0.0%,LOW,124,2480,temperature,-3.8296,Cooling system,Inspect coolant level and radiator,temperature signal is elevated (SHAP=-3.830),31,Low,2026-06-28 20:56:40
82.23736380227167,31.45586562794317,2091.633706377217,0.2423397513252481,11.99628698830025,92.64609108542768,36.26379554389255,0.0,100.0,54.23078797642962,86.26923639292889,99.69827,82.60769943104326,Good,1,0,Vehicle_1125,0.0002,0.0%,LOW,124,2480,temperature,-3.8072,Cooling system,Inspect coolant level and radiator,temperature signal is elevated (SHAP=-3.807),31,Low,2026-06-28 20:56:40
80.94767305994355,33.33969999406533,3685.388475633702,0.3383550682960367,11.659222259115156,58.1626016595142,39.96931515679864,2.0,97.4429954469309,67.0,88.31009681285161,22.126616,82.38605808771096,Good,1,0,Vehicle_1126,0.0002,0.0%,LOW,124,2480,temperature,-3.7556,Cooling system,Inspect coolant level and radiator,temperature signal is elevated (SHAP=-3.756),31,Low,2026-06-28 20:56:40
111.57011863401524,29.74390142263514,2883.8712295217733,0.0793065695804252,12.608297046383855,42.64553425048801,22.35548651717072,0.0,70.0,100.0,79.0,99.68686,87.4,Good,1,0,Vehicle_1127,0.0025,0.2%,LOW,124,2480,fault_count,-6.1577,ECU fault logs,Review and clear fault codes,fault_count signal is elevated (SHAP=-6.158),31,Low,2026-06-28 20:56:40
83.5233099653818,32.4773483713344,3598.5399343109184,0.3192296425356519,12.78565256939546,46.86234730961523,52.907960886110445,1.0,98.71802383095654,73.11293298722448,91.03649657783691,18.875605,87.24448454414704,Excellent,0,0,Vehicle_1128,0.0002,0.0%,LOW,124,2480,temperature,-3.8355,Cooling system,Inspect coolant level and radiator,temperature signal is elevated (SHAP=-3.836),31,Low,2026-06-28 20:56:40
81.34155834733994,25.64313358388184,2710.740209321728,0.3487702734682258,11.683130017000735,58.58725016786556,42.105024136636416,0.0,96.7486484354516,67.0,87.82405390481613,99.7552,86.09443234288968,Good,1,0,Vehicle_1129,0.0002,0.0%,LOW,124,2480,temperature,-3.7297,Cooling system,Inspect coolant level and radiator,temperature signal is elevated (SHAP=-3.730),31,Low,2026-06-28 20:56:40
53.53823563584788,32.21823555383478,2565.110269140062,0.0325676654761699,12.547570464370487,83.9154386125488,32.12003109000874,6.0,85.0,91.3768079445771,86.91304238337312,20.138336,78.42318701893929,Good,1,0,Vehicle_1130,0.0002,0.0%,LOW,124,2480,temperature,-3.8231,Cooling system,Inspect coolant level and radiator,temperature signal is elevated (SHAP=-3.823),31,Low,2026-06-28 20:56:40
71.58688972030784,34.010506111716055,1750.7217459118006,0.7408057715024521,12.83327316593807,39.38292785045515,25.645468540353548,4.0,75.0,100.0,82.5,24.863546,81.5,Good,1,0,Vehicle_1131,0.0002,0.0%,LOW,124,2480,temperature,-3.7737,Cooling system,Inspect coolant level and radiator,temperature signal is elevated (SHAP=-3.774),31,Low,2026-06-28 20:56:40
81.0538986331547,25.981911431566783,2509.543626557253,0.4084535818817472,12.63836441870493,34.847794342234344,45.77153410432249,4.0,87.76976120788352,97.37678404530354,90.65186805910952,21.010471,85.86647764452641,Excellent,0,0,Vehicle_1132,0.0002,0.0%,LOW,124,2480,temperature,-3.7417,Cooling system,Inspect coolant level and radiator,temperature signal is elevated (SHAP=-3.742),31,Low,2026-06-28 20:56:40
74.71220985735036,30.31099259395708,2510.443140540352,0.6102707997421474,12.233331928529571,22.423825344395453,23.98230217936144,7.0,60.0,84.87494205184488,67.46248261555347,8.519429,63.45247797970106,Warning,2,0,Vehicle_1133,0.0004,0.0%,LOW,124,2480,temperature,-5.8739,Cooling system,Inspect coolant level and radiator,temperature signal is elevated (SHAP=-5.874),31,Low,2026-06-28 20:56:40
105.72561390066696,26.25838494222384,1406.3088927726135,0.1492446945738234,12.022601452099698,52.06192065019608,57.61364824792069,8.0,60.0,42.182309899112525,54.65469296973376,1.0204494,45.22927776166276,Critical,3,1,Vehicle_1134,0.9991,99.9%,CRITICAL,5,100,temperature,4.4603,Cooling system,Inspect coolant level and radiator,temperature signal is rapidly deteriorating (SHAP=4.460),1,Immediate,2026-06-28 20:56:40
82.52593336905672,26.84095982090331,2068.378024183684,0.0729344261356142,12.432391231739995,21.886252603641744,28.86795060100669,5.0,90.0,93.08613830927489,90.92584149278244,16.165585,83.17273255752445,Excellent,0,0,Vehicle_1135,0.0002,0.0%,LOW,124,2480,temperature,-3.8049,Cooling system,Inspect coolant level and radiator,temperature signal is elevated (SHAP=-3.805),31,Low,2026-06-28 20:56:40
104.32666373977378,23.25042386938707,2241.37392118691,0.0118337850568753,12.499114023538752,40.7243475035641,52.20505214605611,4.0,68.00169547754828,71.34127617438274,69.00356968659861,14.227122,67.67039704683572,Warning,2,0,Vehicle_1136,0.0002,0.0%,LOW,124,2480,temperature,-3.8782,Cooling system,Inspect coolant level and radiator,temperature signal is elevated (SHAP=-3.878),31,Low,2026-06-28 20:56:40
85.92556951075552,37.594649550999335,2830.783635244577,0.4257312207839128,12.43832300446236,31.82633117779295,33.15526214927284,6.0,76.61791861440581,93.33082393407236,81.63179021030577,23.994816,75.64523891299793,Good,1,0,Vehicle_1137,0.0002,0.0%,LOW,124,2480,temperature,-3.7621,Cooling system,Inspect coolant level and radiator,temperature signal is elevated (SHAP=-3.762),31,Low,2026-06-28 20:56:40
85.55841754632365,36.39411104832028,2869.080089588565,0.7408057715024521,12.327946147952972,71.48247020468212,50.80746708820308,4.0,75.0,69.03239050316967,73.2097171509509,16.860182,69.73230839120447,Warning,2,0,Vehicle_1138,0.0002,0.0%,LOW,124,2480,temperature,-3.743,Cooling system,Inspect coolant level and radiator,temperature signal is elevated (SHAP=-3.743),31,Low,2026-06-28 20:56:40
83.66805328431249,33.22460312536402,2034.945214427836,0.2166413080576193,11.966939310350895,39.832072252663885,27.65131493173484,4.0,95.0,73.88624655197448,88.66587396559234,15.465832,79.9767736897503,Good,1,0,Vehicle_1139,0.0002,0.0%,LOW,124,2480,temperature,-3.8296,Cooling system,Inspect coolant level and radiator,temperature signal is elevated (SHAP=-3.830),31,Low,2026-06-28 20:56:40
85.05694377432188,41.83317571166288,2875.095682033508,0.1480478431299756,12.56907531652354,57.93860656011232,35.188363785467,2.0,100.0,98.72435680659608,99.61730704197882,17.392307,95.5152555865065,Excellent,0,0,Vehicle_1140,0.0002,0.0%,LOW,124,2480,temperature,-3.831,Cooling system,Inspect coolant level and radiator,temperature signal is elevated (SHAP=-3.831),31,Low,2026-06-28 20:56:40
110.7819250457479,28.864525820589648,2354.3368565211863,0.2583380060785978,12.588341797765407,17.918159966228743,43.047493301705664,1.0,70.0,99.51909915782312,78.85572974734694,17.152506,85.21725767997279,Good,1,0,Vehicle_1141,0.0023,0.2%,LOW,124,2480,fault_count,-6.161,ECU fault logs,Review and clear fault codes,fault_count signal is elevated (SHAP=-6.161),31,Low,2026-06-28 20:56:40
50.20583909873173,46.276182227974815,500.0,0.0227961477450906,12.48032885018467,52.63013908905691,41.62077136695822,1.0,100.0,95.06356507011762,98.51906952103528,20.788681,96.12415472664468,Excellent,0,0,Vehicle_1142,0.0002,0.0%,LOW,124,2480,temperature,-3.8108,Cooling system,Inspect coolant level and radiator,temperature signal is elevated (SHAP=-3.811),31,Low,2026-06-28 20:56:40
54.97681383341982,28.63482350782068,2112.238374438766,0.0597944711616912,12.444397458028504,25.936793882785025,46.00761833657884,6.0,85.0,90.1554927993077,86.5466478397923,19.392086,77.95908726373692,Good,1,0,Vehicle_1143,0.0002,0.0%,LOW,124,2480,temperature,-3.8172,Cooling system,Inspect coolant level and radiator,temperature signal is elevated (SHAP=-3.817),31,Low,2026-06-28 20:56:40
76.8524375341583,31.5311601105361,3363.190912113903,0.1988958700877124,13.071699795098445,41.487030001402815,30.125278851984355,8.0,80.0,100.0,86.0,19.392086,75.6,Good,1,0,Vehicle_1144,0.0006,0.1%,LOW,124,2480,temperature,-5.9584,Cooling system,Inspect coolant level and radiator,temperature signal is elevated (SHAP=-5.958),31,Low,2026-06-28 20:56:40
85.21791822906353,27.613332516358756,1154.5553946978564,0.1673335144264617,12.150248486170645,94.22405148512448,35.84808372849811,4.0,95.0,57.97806510408361,83.89341953122508,17.961098,73.93166473955176,Good,1,0,Vehicle_1145,0.0002,0.0%,LOW,124,2480,temperature,-3.772,Cooling system,Inspect coolant level and radiator,temperature signal is elevated (SHAP=-3.772),31,Low,2026-06-28 20:56:40
95.35156637146018,32.23395336036183,2590.152960332432,0.6815832170120234,12.912574038982662,68.64348754481767,47.48388575998071,0.0,69.29686725707964,91.5547884160656,75.97424360477542,99.74547,83.89550384607837,Good,1,0,Vehicle_1146,0.0002,0.0%,LOW,124,2480,temperature,-3.7739,Cooling system,Inspect coolant level and radiator,temperature signal is elevated (SHAP=-3.774),31,Low,2026-06-28 20:56:40
92.09630797041213,35.01368956731747,3768.2089713482296,0.1799008754185208,12.106390212311265,47.43174834337386,27.947444982810485,6.0,80.80738405917575,79.63859625783967,80.45674771877492,19.30874,72.20176788283288,Good,1,0,Vehicle_1147,0.0002,0.0%,LOW,124,2480,temperature,-3.8255,Cooling system,Inspect coolant level and radiator,temperature signal is elevated (SHAP=-3.825),31,Low,2026-06-28 20:56:40
79.23631130679145,29.316501641681494,1891.5096375916155,0.0959528827795373,12.843580229182573,103.20347233180824,40.72541061118402,9.0,80.0,67.0,76.1,8.456427,61.06,Good,1,0,Vehicle_1148,0.0005,0.1%,LOW,124,2480,temperature,-6.1268,Cooling system,Inspect coolant level and radiator,temperature signal is elevated (SHAP=-6.127),31,Low,2026-06-28 20:56:40
100.28565539862645,40.660319082705726,2501.719264342149,0.1153451602710369,12.893347020032218,31.696506192533647,32.8083976022225,5.0,70.0,100.0,79.0,16.54427,77.4,Good,1,0,Vehicle_1149,0.0003,0.0%,LOW,124,2480,temperature,-3.8586,Cooling system,Inspect coolant level and radiator,temperature signal is elevated (SHAP=-3.859),31,Low,2026-06-28 20:56:40
100.45293104729096,31.434895707800763,1456.786994217663,0.2358170663509587,12.282779518639249,73.30432764150723,37.058741065826055,0.0,80.0,86.91465514386893,82.07439654316067,99.698524,86.6275689546702,Good,1,0,Vehicle_1150,0.0002,0.0%,LOW,124,2480,temperature,-3.8104,Cooling system,Inspect coolant level and radiator,temperature signal is elevated (SHAP=-3.810),31,Low,2026-06-28 20:56:40
87.76086746907349,31.6229123166612,3801.7849133308578,0.0341540212169048,13.064385221624336,19.34651086305771,35.845502164144484,0.0,100.0,100.0,100.0,99.671844,100.0,Excellent,0,0,Vehicle_1151,0.0003,0.0%,LOW,124,2480,temperature,-3.8545,Cooling system,Inspect coolant level and radiator,temperature signal is elevated (SHAP=-3.854),31,Low,2026-06-28 20:56:40
99.43986358730264,24.54601383291769,2433.3338984027087,0.0908236053994931,12.587614354698436,45.12154484704105,27.11716849215036,5.0,69.30432815706553,99.48909213131051,78.35975734933902,17.233616,76.91367283586553,Good,1,0,Vehicle_1152,0.0002,0.0%,LOW,124,2480,temperature,-3.8097,Cooling system,Inspect coolant level and radiator,temperature signal is elevated (SHAP=-3.810),31,Low,2026-06-28 20:56:40
89.08967895148193,32.51099444730231,2537.3014742352143,0.07850515156108,12.049091023543774,23.044204996388792,32.39306807877552,8.0,80.0,77.27500472118065,79.1825014163542,14.800512,66.96450179404866,Good,1,0,Vehicle_1153,0.0004,0.0%,LOW,124,2480,temperature,-6.1023,Cooling system,Inspect coolant level and radiator,temperature signal is elevated (SHAP=-6.102),31,Low,2026-06-28 20:56:40
76.57775459825675,29.19583667514381,3583.440372404498,0.6366912253992668,12.250337362244316,55.145518301817496,36.44932252076706,0.0,80.0,85.57641619257805,81.67292485777341,99.7439,86.11903815317966,Good,1,0,Vehicle_1154,0.0002,0.0%,LOW,124,2480,temperature,-3.7449,Cooling system,Inspect coolant level and radiator,temperature signal is elevated (SHAP=-3.745),31,Low,2026-06-28 20:56:40
95.46725258500008,26.35056162397628,3029.182715716385,0.094060858450717,12.85310492244266,51.11940507157514,33.97276001287871,7.0,69.06549482999986,100.0,78.3458463809999,16.54427,73.00750782859994,Good,1,0,Vehicle_1155,0.0004,0.0%,LOW,124,2480,temperature,-5.8132,Cooling system,Inspect coolant level and radiator,temperature signal is elevated (SHAP=-5.813),31,Low,2026-06-28 20:56:40
86.65919683868016,25.341153551109816,1799.497014002608,0.074545873082873,12.76922588075066,43.84670401632836,50.72735949794239,7.0,80.0,80.52697770699588,80.15809331209877,16.77857,70.20025152865844,Good,1,0,Vehicle_1156,0.0004,0.0%,LOW,124,2480,temperature,-5.7832,Cooling system,Inspect coolant level and radiator,temperature signal is elevated (SHAP=-5.783),31,Low,2026-06-28 20:56:40
85.0200977013173,46.030580278540114,1982.1776607301472,0.0416924604884491,11.976783839448284,71.84114050252613,45.09955556816361,0.0,100.0,73.95384444548544,92.18615333364563,99.685196,90.10246088928449,Excellent,0,0,Vehicle_1157,0.0002,0.0%,LOW,124,2480,temperature,-3.8183,Cooling system,Inspect coolant level and radiator,temperature signal is elevated (SHAP=-3.818),31,Low,2026-06-28 20:56:41
107.09430358284362,28.419136498925788,2895.945043618639,0.1422906070702989,12.3442970751238,38.65802053994419,37.89980498493497,2.0,80.0,89.45225434885681,82.83567630465704,16.54427,83.59185665256558,Good,1,0,Vehicle_1158,0.0027,0.3%,LOW,124,2480,fault_count,-6.1323,ECU fault logs,Review and clear fault codes,fault_count signal is elevated (SHAP=-6.132),31,Low,2026-06-28 20:56:41
48.2369180718987,21.258087475312397,2000.703155949648,0.0085694137535264,12.481409193110606,56.537034956146485,27.36853817280497,0.0,85.03234990124957,95.1081292158125,88.05508369561845,99.67958,91.85467606053356,Good,1,0,Vehicle_1159,0.0002,0.0%,LOW,124,2480,temperature,-3.7917,Cooling system,Inspect coolant level and radiator,temperature signal is elevated (SHAP=-3.792),31,Low,2026-06-28 20:56:41
63.734737447606456,25.810671241604567,806.2053503035784,0.2409397452370724,12.196958164369756,66.41109880542678,26.759769081020465,5.0,90.0,83.37452428025249,88.01235728407573,21.125496,79.48231922649593,Good,1,0,Vehicle_1160,0.0002,0.0%,LOW,124,2480,temperature,-3.7812,Cooling system,Inspect coolant level and radiator,temperature signal is elevated (SHAP=-3.781),31,Low,2026-06-28 20:56:41
67.19394360438444,29.69059296314272,2457.4073610887376,0.2698702841736412,13.343119889349888,20.335575822076336,54.73811035280411,1.0,100.0,66.89042480046604,90.06712744013981,17.715132,85.41836142417709,Excellent,0,0,Vehicle_1161,0.0002,0.0%,LOW,124,2480,temperature,-3.842,Cooling system,Inspect coolant level and radiator,temperature signal is elevated (SHAP=-3.842),31,Low,2026-06-28 20:56:41
79.55109028646791,33.28000219569891,1315.8298711001526,0.0277505285464783,12.49346549736213,35.031713166512326,24.901145639278056,9.0,80.0,95.6054517661879,84.68163552985636,20.138336,71.9300716711514,Good,1,0,Vehicle_1162,0.0004,0.0%,LOW,124,2480,temperature,-5.9267,Cooling system,Inspect coolant level and radiator,temperature signal is elevated (SHAP=-5.927),31,Low,2026-06-28 20:56:41
81.18087745350955,33.32877913035188,3793.0254028509808,0.0064436004555009,12.37527512363878,51.07721934631668,36.13859618150524,0.0,100.0,90.73009885009972,97.21902965502991,99.67958,96.4774375630379,Excellent,0,0,Vehicle_1163,0.0002,0.0%,LOW,124,2480,temperature,-3.8255,Cooling system,Inspect coolant level and radiator,temperature signal is elevated (SHAP=-3.825),31,Low,2026-06-28 20:56:41
62.390115283404285,34.05968731065915,2641.4301102105223,0.0972641490155353,12.876340417703236,62.60306838856637,38.6094871434868,6.0,85.0,100.0,89.5,20.138336,81.69999999999999,Good,1,0,Vehicle_1164,0.0003,0.0%,LOW,124,2480,temperature,-3.8503,Cooling system,Inspect coolant level and radiator,temperature signal is elevated (SHAP=-3.850),31,Low,2026-06-28 20:56:41
70.2226295153376,26.130838160176022,1775.8599546051396,0.7408057715024521,12.253914586064466,78.42475531843067,31.886763485166934,7.0,60.0,85.72397667515924,67.71719300254777,6.7485037,63.77511113656051,Warning,2,0,Vehicle_1165,0.0003,0.0%,LOW,124,2480,temperature,-5.8123,Cooling system,Inspect coolant level and radiator,temperature signal is elevated (SHAP=-5.812),31,Low,2026-06-28 20:56:41
72.08737482214644,32.042642661009275,1941.094068270037,0.4920773307796988,12.802971044246927,45.68240402544159,24.97796235422641,1.0,87.19484461468674,100.0,91.03639123028071,19.876152,92.62183473816842,Excellent,0,0,Vehicle_1166,0.0002,0.0%,LOW,124,2480,temperature,-3.7745,Cooling system,Inspect coolant level and radiator,temperature signal is elevated (SHAP=-3.775),31,Low,2026-06-28 20:56:41
121.86136138113838,24.74364321533653,988.4819297008636,0.33134824125463,11.732907041766806,43.67057914700232,27.15103360993513,2.0,66.88469011103744,67.0,66.9192830777262,12.2513,69.55156984663572,Warning,2,0,Vehicle_1167,0.0017,0.2%,LOW,124,2480,fault_count,-6.1179,ECU fault logs,Review and clear fault codes,fault_count signal is elevated (SHAP=-6.118),31,Low,2026-06-28 20:56:41
112.0261292162072,26.28214210191593,1620.430490575597,0.4164575091184749,12.218538381501777,32.548079395726724,29.53494997695972,7.0,42.23616605876834,84.2647082369482,54.84472871222229,1.7723024,55.75977887472301,Critical,3,1,Vehicle_1168,0.998,99.8%,CRITICAL,5,100,temperature,4.5316,Cooling system,Inspect coolant level and radiator,temperature signal is rapidly deteriorating (SHAP=4.532),1,Immediate,2026-06-28 20:56:41
78.82375873473026,24.493746152998444,3313.058562032559,0.4959728023978443,12.8196281673509,56.599681843540665,27.90507130902221,0.0,84.91013111880414,100.0,89.4370917831629,99.74526,93.66225506989774,Good,1,0,Vehicle_1169,0.0002,0.0%,LOW,124,2480,temperature,-3.7394,Cooling system,Inspect coolant level and radiator,temperature signal is elevated (SHAP=-3.739),31,Low,2026-06-28 20:56:41
79.54625064539802,22.869666872410384,4285.428916393913,0.0957257585686106,13.028079088235868,44.057648526038165,48.2772039318093,4.0,80.77008916176328,88.85750663184837,83.1963144027888,16.85328,79.68928996804294,Good,1,0,Vehicle_1170,0.0003,0.0%,LOW,124,2480,temperature,-3.8243,Cooling system,Inspect coolant level and radiator,temperature signal is elevated (SHAP=-3.824),31,Low,2026-06-28 20:56:41
67.76194004217558,36.38525693314805,3081.117210559167,0.1512114054956299,12.090681714797602,44.51935474348563,34.90874006527371,2.0,100.0,78.99062073540108,93.69718622062032,19.657219,88.01643587945242,Excellent,0,0,Vehicle_1171,0.0002,0.0%,LOW,124,2480,temperature,-3.8296,Cooling system,Inspect coolant level and radiator,temperature signal is elevated (SHAP=-3.830),31,Low,2026-06-28 20:56:41
56.378043801621,34.13167020587333,2426.3659691031767,0.2993394826804569,12.044071345512542,48.12222988222983,29.76198898852388,0.0,100.0,77.06794300239233,93.1203829007177,99.71455,91.28581834090907,Excellent,0,0,Vehicle_1172,0.0002,0.0%,LOW,124,2480,temperature,-3.8258,Cooling system,Inspect coolant level and radiator,temperature signal is elevated (SHAP=-3.826),31,Low,2026-06-28 20:56:41
83.24679720387213,35.85999221986878,2154.4324994768667,0.0727167273786243,12.626978572148184,61.03256124180678,36.069580438672055,4.0,95.0,100.0,96.5,19.392086,89.9,Excellent,0,0,Vehicle_1173,0.0003,0.0%,LOW,124,2480,temperature,-3.831,Cooling system,Inspect coolant level and radiator,temperature signal is elevated (SHAP=-3.831),31,Low,2026-06-28 20:56:41
70.03222025133961,30.23587839614578,1734.80334913891,0.5926594089616122,12.150786442032915,38.72538893641478,41.679559052949145,4.0,75.48937273589252,81.46994073385774,77.28354313528207,24.714924,74.6641140279408,Good,1,0,Vehicle_1174,0.0002,0.0%,LOW,124,2480,temperature,-3.7448,Cooling system,Inspect coolant level and radiator,temperature signal is elevated (SHAP=-3.745),31,Low,2026-06-28 20:56:41
83.72724202506986,34.66084619319088,4147.812719471793,0.2346084514545317,12.292568832897842,34.556838221821906,31.5538029394242,3.0,97.04374561056414,87.31846435703599,94.12616123450567,20.351988,87.93938961211062,Excellent,0,0,Vehicle_1175,0.0002,0.0%,LOW,124,2480,temperature,-3.8255,Cooling system,Inspect coolant level and radiator,temperature signal is elevated (SHAP=-3.825),31,Low,2026-06-28 20:56:41
60.99691226434784,19.43226357214473,2349.0010385085,0.2087261095654935,12.750562009894864,58.63448372268206,44.01981295175915,8.0,60.0,100.0,72.0,3.925395,67.19999999999999,Warning,2,0,Vehicle_1176,0.0018,0.2%,LOW,124,2480,temperature,-6.2425,Cooling system,Inspect coolant level and radiator,temperature signal is elevated (SHAP=-6.242),31,Low,2026-06-28 20:56:41
73.57038312534613,35.17852510827213,4192.503864050003,0.105433213475891,12.182359127354395,0.0,22.28853225643441,0.0,96.14992271899992,82.7723140033688,92.1366401043106,99.676254,91.83644686326012,Excellent,0,0,Vehicle_1177,0.0002,0.0%,LOW,124,2480,temperature,-3.826,Cooling system,Inspect coolant level and radiator,temperature signal is elevated (SHAP=-3.826),31,Low,2026-06-28 20:56:41
87.22940642954246,31.06271898003018,3614.8156076880487,0.0231878333122591,11.613829699385724,37.92643652676629,46.71303632116414,4.0,95.0,61.17567650804192,84.85270295241259,17.09106,75.14675707305594,Good,1,0,Vehicle_1178,0.0002,0.0%,LOW,124,2480,temperature,-3.8185,Cooling system,Inspect coolant level and radiator,temperature signal is elevated (SHAP=-3.818),31,Low,2026-06-28 20:56:41
90.49314396675906,33.762657600895,1107.3628549229811,0.2744250856382793,11.879566225757648,26.97381001185272,34.91047660227779,1.0,99.01371206648189,70.28210681250295,90.3942304902882,17.715132,86.2929596566735,Excellent,0,0,Vehicle_1179,0.0002,0.0%,LOW,124,2480,temperature,-3.8153,Cooling system,Inspect coolant level and radiator,temperature signal is elevated (SHAP=-3.815),31,Low,2026-06-28 20:56:41
91.26207938113022,32.28013979429168,1967.2380833925668,0.3103155738368052,12.403982234288112,74.06516446033578,34.519876482482715,7.0,76.78813631528587,91.91426716438468,81.3259755700155,18.618567,73.17843877488623,Good,1,0,Vehicle_1180,0.0003,0.0%,LOW,124,2480,temperature,-5.7937,Cooling system,Inspect coolant level and radiator,temperature signal is elevated (SHAP=-5.794),31,Low,2026-06-28 20:56:41
65.19266523764443,24.07766907277868,1964.763900660942,0.5553119278995317,11.654630740610846,41.18134474914207,28.069856755351477,5.0,69.28988109781261,67.0,68.60291676846882,18.203396,64.56175006108128,Warning,2,0,Vehicle_1181,0.0002,0.0%,LOW,124,2480,temperature,-3.8816,Cooling system,Inspect coolant level and radiator,temperature signal is elevated (SHAP=-3.882),31,Low,2026-06-28 20:56:41
97.82028595203344,21.01176134765372,2436.1229087154084,0.2123477552520332,12.281135833081072,38.78567769465538,22.721498694865865,7.0,48.40647348654802,86.8468531145942,59.93858737496187,1.7736733,59.33252304789596,Critical,3,0,Vehicle_1182,0.0091,0.9%,LOW,123,2460,temperature,-6.4174,Cooling system,Inspect coolant level and radiator,temperature signal is elevated (SHAP=-6.417),30,Low,2026-06-28 20:56:41
72.99682455097225,25.72767500290222,2451.748597508997,0.2604048345903155,11.843161393502404,49.02755029493452,18.33328064184609,1.0,100.0,68.78040748197415,90.63412224459223,21.125496,86.13655484315018,Excellent,0,0,Vehicle_1183,0.0002,0.0%,LOW,124,2480,temperature,-3.7962,Cooling system,Inspect coolant level and radiator,temperature signal is elevated (SHAP=-3.796),31,Low,2026-06-28 20:56:41
94.4928687191096,33.38950368763747,4612.341159193811,0.3006202146618792,13.05597560274624,38.09255143070173,27.37223331050214,4.0,73.72609173377931,100.0,81.60826421364553,20.987064,80.96495852818731,Good,1,0,Vehicle_1184,0.0002,0.0%,LOW,124,2480,temperature,-3.8506,Cooling system,Inspect coolant level and radiator,temperature signal is elevated (SHAP=-3.851),31,Low,2026-06-28 20:56:41
84.8404198507271,34.14054849105237,1638.217700420193,0.2172781490018541,13.26605703790627,41.94703683692931,40.876732206023526,0.0,100.0,100.0,100.0,99.692955,100.0,Excellent,0,0,Vehicle_1185,0.0003,0.0%,LOW,124,2480,temperature,-3.8507,Cooling system,Inspect coolant level and radiator,temperature signal is elevated (SHAP=-3.851),31,Low,2026-06-28 20:56:41
64.35418751383078,21.79234633570882,2683.175948531512,0.1047438670589674,11.976721159063173,51.94220820846326,25.387215776953383,3.0,87.16938534283528,74.28974781135585,83.30549408339145,20.411087,78.84124601230604,Good,1,0,Vehicle_1186,0.0002,0.0%,LOW,124,2480,temperature,-3.8,Cooling system,Inspect coolant level and radiator,temperature signal is elevated (SHAP=-3.800),31,Low,2026-06-28 20:56:41
80.25703443128218,24.113403795190717,2993.2061939742425,0.1993336113775252,12.502703472015169,41.55919130987464,19.51551814275691,9.0,76.45361518076285,95.98651822062564,82.31348609272169,20.138336,70.58539529975815,Good,1,0,Vehicle_1187,0.0005,0.1%,LOW,124,2480,temperature,-5.8975,Cooling system,Inspect coolant level and radiator,temperature signal is elevated (SHAP=-5.897),31,Low,2026-06-28 20:56:41
90.48045613095653,25.660585884354965,2498.742396424643,0.0505249581876295,12.01583850720126,41.41565095455926,25.909346891622132,7.0,79.03908773808698,75.90333842205192,78.09836294327646,19.657219,68.03968545037625,Good,1,0,Vehicle_1188,0.0003,0.0%,LOW,124,2480,temperature,-5.8839,Cooling system,Inspect coolant level and radiator,temperature signal is elevated (SHAP=-5.884),31,Low,2026-06-28 20:56:41
94.19448070711898,27.856169638399106,2588.1444622250865,0.0474186269087471,12.276273759178196,29.796846525773827,31.15166682495685,0.0,91.61103858576205,86.64629256610057,90.1216147798636,99.677315,91.40222738113827,Excellent,0,0,Vehicle_1189,0.0002,0.0%,LOW,124,2480,temperature,-3.8049,Cooling system,Inspect coolant level and radiator,temperature signal is elevated (SHAP=-3.805),31,Low,2026-06-28 20:56:41
82.88518153833373,21.827695014884085,1664.1528845547302,0.704923556723785,13.121387731182322,26.92432518958938,31.544987773376477,3.0,67.31078005953634,100.0,77.11754604167544,23.994816,80.27052762500526,Good,1,0,Vehicle_1190,0.0002,0.0%,LOW,124,2480,temperature,-3.7397,Cooling system,Inspect coolant level and radiator,temperature signal is elevated (SHAP=-3.740),31,Low,2026-06-28 20:56:41
107.9766833590158,21.46768940315921,2585.188955682145,0.0528408246909813,12.213324580909406,51.212737951805615,33.71107091757236,8.0,45.87075761263682,84.04963896251299,57.32442201759967,1.2455165,55.2045810030624,Critical,3,1,Vehicle_1191,0.9996,100.0%,CRITICAL,5,100,temperature,4.8159,Cooling system,Inspect coolant level and radiator,temperature signal is rapidly deteriorating (SHAP=4.816),1,Immediate,2026-06-28 20:56:41
100.1126615647984,25.06898822155468,2909.1191969394977,0.15192947860373,12.285585015105156,56.13201019571645,45.32606346051878,1.0,80.0,85.9217661073238,81.77652983219714,16.77857,84.25027112078305,Good,1,0,Vehicle_1192,0.0002,0.0%,LOW,124,2480,temperature,-3.7912,Cooling system,Inspect coolant level and radiator,temperature signal is elevated (SHAP=-3.791),31,Low,2026-06-28 20:56:41
81.15018825400371,30.517523017350037,2762.080467416903,0.1510292638017129,12.022988293108922,21.436867124321004,47.49254438091489,7.0,80.0,67.72361619563236,76.31708485868971,13.79109,65.3349741543403,Good,1,0,Vehicle_1193,0.0004,0.0%,LOW,124,2480,temperature,-5.9818,Cooling system,Inspect coolant level and radiator,temperature signal is elevated (SHAP=-5.982),31,Low,2026-06-28 20:56:41
96.25182718205416,22.916433961479058,2956.160723129673,0.19290964300104,12.858475751065946,65.19882830761695,55.05462505389322,3.0,79.16208148180789,66.0,75.21345703726551,16.77857,72.3280742223593,Good,1,0,Vehicle_1194,0.0003,0.0%,LOW,124,2480,temperature,-3.8073,Cooling system,Inspect coolant level and radiator,temperature signal is elevated (SHAP=-3.807),31,Low,2026-06-28 20:56:41
114.0069022778228,29.305178940169405,3630.0863205089854,0.7408057715024521,11.327699806254133,65.28095279649494,18.750926833014315,4.0,45.0,67.0,51.6,2.3263693,56.35999999999999,Critical,3,0,Vehicle_1195,0.0143,1.4%,LOW,123,2460,fault_count,-6.8122,ECU fault logs,Review and clear fault codes,fault_count signal is elevated (SHAP=-6.812),30,Low,2026-06-28 20:56:41
114.4072690117454,36.35131689685089,3249.5732335314733,0.0714791077803322,12.222881071387352,69.49378276557246,26.44116079663665,8.0,50.0,84.44384419472827,60.33315325841848,1.2455165,57.08866079399674,Warning,2,1,Vehicle_1196,0.9996,100.0%,CRITICAL,5,100,temperature,4.6821,Cooling system,Inspect coolant level and radiator,temperature signal is rapidly deteriorating (SHAP=4.682),1,Immediate,2026-06-28 20:56:41
66.58000178766254,22.18932157551894,2557.035690797949,0.0096597136162685,12.381645562345817,55.99778169481196,41.98485157059754,6.0,73.75728630207576,90.99287944676496,78.92796424548251,14.993679,73.5553544366425,Good,1,0,Vehicle_1197,0.0002,0.0%,LOW,124,2480,temperature,-3.7912,Cooling system,Inspect coolant level and radiator,temperature signal is elevated (SHAP=-3.791),31,Low,2026-06-28 20:56:41
71.10200333264274,28.761325449536763,1562.5933184933776,0.1079493351327957,12.135569068059636,62.74164200577992,30.459687844749748,2.0,100.0,80.84222405745992,94.25266721723796,15.826941,88.72004514183476,Excellent,0,0,Vehicle_1198,0.0002,0.0%,LOW,124,2480,temperature,-3.8009,Cooling system,Inspect coolant level and radiator,temperature signal is elevated (SHAP=-3.801),31,Low,2026-06-28 20:56:41
107.27378180100776,36.14854040250464,2019.9957802311044,0.1112496152953507,12.745418203092468,93.70051689156644,43.60786469849232,0.0,80.0,77.39414712891538,79.2182441386746,99.580505,83.00977590898785,Good,1,0,Vehicle_1199,0.0031,0.3%,LOW,124,2480,fault_count,-6.1384,ECU fault logs,Review and clear fault codes,fault_count signal is elevated (SHAP=-6.138),31,Low,2026-06-28 20:56:41
69.12578423743544,27.490389657817143,2324.295078466068,0.0349905963709513,12.88081091358819,43.96956798245414,37.07113430114827,2.0,100.0,100.0,100.0,19.392086,96.0,Excellent,0,0,Vehicle_1200,0.0003,0.0%,LOW,124,2480,temperature,-3.8339,Cooling system,Inspect coolant level and radiator,temperature signal is elevated (SHAP=-3.834),31,Low,2026-06-28 20:56:41
65.16188300062481,26.557981854849487,2701.8766650731577,0.0058298243781714,11.835184194848194,29.086169982208865,50.79204210036799,4.0,95.0,48.75840489623681,81.12752146887104,17.961098,70.42819386056999,Good,1,0,Vehicle_1201,0.0002,0.0%,LOW,124,2480,temperature,-3.7938,Cooling system,Inspect coolant level and radiator,temperature signal is elevated (SHAP=-3.794),31,Low,2026-06-28 20:56:41
77.7070880395143,36.98097488583884,2117.333790800484,0.0808623834141935,13.237394661508322,19.31880233557077,45.42716113932686,1.0,100.0,98.54765212628868,99.5642956378866,16.85328,97.4481078079897,Excellent,0,0,Vehicle_1202,0.0003,0.0%,LOW,124,2480,temperature,-3.8586,Cooling system,Inspect coolant level and radiator,temperature signal is elevated (SHAP=-3.859),31,Low,2026-06-28 20:56:41
91.3034006421188,28.162787526170717,1751.4134406525186,0.2164108048498226,11.830696470258594,85.11347860464633,45.61016626558981,8.0,77.39319871576242,57.75442439749518,71.50156642028224,6.943983,58.45182473166838,Warning,2,0,Vehicle_1203,0.0005,0.1%,LOW,124,2480,temperature,-6.0326,Cooling system,Inspect coolant level and radiator,temperature signal is elevated (SHAP=-6.033),31,Low,2026-06-28 20:56:41
83.46404940083356,36.62697015123341,1549.4410487037303,0.0058908134385842,12.915452272670336,85.37574517397314,30.881283913063044,0.0,100.0,91.13002046294432,97.33900613888328,99.67958,96.62940777591884,Excellent,0,0,Vehicle_1204,0.0003,0.0%,LOW,124,2480,temperature,-3.8394,Cooling system,Inspect coolant level and radiator,temperature signal is elevated (SHAP=-3.839),31,Low,2026-06-28 20:56:41
75.24154569391612,32.57379234676319,1179.0577927555753,0.1236816815737572,12.45993107941428,31.50800516131539,34.02539154031728,5.0,90.0,94.222157025839,91.2666471077517,19.392086,83.60441966981881,Excellent,0,0,Vehicle_1205,0.0002,0.0%,LOW,124,2480,temperature,-3.8191,Cooling system,Inspect coolant level and radiator,temperature signal is elevated (SHAP=-3.819),31,Low,2026-06-28 20:56:41
74.88681307413236,27.94293208254098,2312.039436980345,0.1454720634221026,12.198519561154477,35.45358374642887,31.94746542432644,9.0,80.0,83.43893189762208,81.03167956928662,19.657219,67.30679412109639,Good,1,0,Vehicle_1206,0.0004,0.0%,LOW,124,2480,temperature,-6.0092,Cooling system,Inspect coolant level and radiator,temperature signal is elevated (SHAP=-6.009),31,Low,2026-06-28 20:56:41
74.31494403380937,32.87814318358518,1324.267646343756,0.5277820668539951,12.236253228129666,43.52017924937656,19.94107856350093,3.0,84.81452887640033,84.99544566034871,84.86880391158485,25.600946,81.92037147902064,Good,1,0,Vehicle_1207,0.0002,0.0%,LOW,124,2480,temperature,-3.7584,Cooling system,Inspect coolant level and radiator,temperature signal is elevated (SHAP=-3.758),31,Low,2026-06-28 20:56:41
71.80735557011586,31.922697083076223,1699.5794526740865,0.5627336908600411,12.386594883735874,74.48513744291967,49.71769255495533,5.0,72.48442060933058,75.15688426725671,73.28615970670842,21.291887,69.00307267747638,Warning,2,0,Vehicle_1208,0.0002,0.0%,LOW,124,2480,temperature,-3.8467,Cooling system,Inspect coolant level and radiator,temperature signal is elevated (SHAP=-3.847),31,Low,2026-06-28 20:56:41
119.22449315914092,36.12529692601484,2184.878501724558,0.359812775598179,12.483367144745513,24.2539560303938,42.45387308843212,0.0,66.01248162678807,95.18889472075242,74.76540555497738,99.75105,83.89702227713691,Warning,2,0,Vehicle_1209,0.0018,0.2%,LOW,124,2480,fault_count,-6.1396,ECU fault logs,Review and clear fault codes,fault_count signal is elevated (SHAP=-6.140),31,Low,2026-06-28 20:56:41
89.46266606778332,26.70992677280989,1431.266152486853,0.1179649718051102,12.03193825945139,10.667609502222495,31.54972875919062,7.0,80.0,76.56745320236985,78.97023596071095,19.657219,68.69563221690055,Good,1,0,Vehicle_1210,0.0003,0.0%,LOW,124,2480,temperature,-5.8809,Cooling system,Inspect coolant level and radiator,temperature signal is elevated (SHAP=-5.881),31,Low,2026-06-28 20:56:41
98.30138581607108,30.24723640068972,2803.801750798957,0.0684065295972897,12.306424016928643,93.35028953124322,48.04592507459973,9.0,63.39722836785785,55.50586771811621,61.02982017293535,5.9942245,49.71906564738445,Warning,2,0,Vehicle_1211,0.0004,0.0%,LOW,124,2480,temperature,-6.0507,Cooling system,Inspect coolant level and radiator,temperature signal is elevated (SHAP=-6.051),31,Low,2026-06-28 20:56:42
77.66383797821615,29.630905922372172,3092.17845088455,0.0963337186527406,12.091730870828965,56.24746573840151,28.69632353252845,7.0,80.0,79.0338984216947,79.71016952650841,19.657219,69.63288140024399,Good,1,0,Vehicle_1212,0.0003,0.0%,LOW,124,2480,temperature,-5.8006,Cooling system,Inspect coolant level and radiator,temperature signal is elevated (SHAP=-5.801),31,Low,2026-06-28 20:56:42
82.21064984220926,34.224888849838706,2060.458384179681,0.1403015324043566,11.91398018917045,59.08826611837121,16.618655315447242,1.0,100.0,71.70168280328106,91.51050484098432,20.411087,87.2466394652468,Excellent,0,0,Vehicle_1213,0.0002,0.0%,LOW,124,2480,temperature,-3.8218,Cooling system,Inspect coolant level and radiator,temperature signal is elevated (SHAP=-3.822),31,Low,2026-06-28 20:56:42
74.29669027944468,23.848924833334948,2150.3781539119987,0.3038891051219818,12.07307531901684,45.89787989600013,45.073697528936144,3.0,95.136425658541,78.01378531106178,89.99963355429722,18.95005,83.60253719479068,Good,1,0,Vehicle_1214,0.0002,0.0%,LOW,124,2480,temperature,-3.7957,Cooling system,Inspect coolant level and radiator,temperature signal is elevated (SHAP=-3.796),31,Low,2026-06-28 20:56:42
45.22437497621197,36.10186228942713,2929.943816111262,0.217987596077313,11.940010146921823,59.31569847436048,22.21439766884003,7.0,80.0,72.77541856052525,77.83262556815757,18.444008,67.25465905299959,Good,1,0,Vehicle_1215,0.0003,0.0%,LOW,124,2480,temperature,-5.9746,Cooling system,Inspect coolant level and radiator,temperature signal is elevated (SHAP=-5.975),31,Low,2026-06-28 20:56:42
64.329860847282,32.797972633022496,1928.8039222122568,0.006017238799316,12.231938034899793,19.71588233318028,33.042245343760165,7.0,80.0,84.81744393961645,81.44523318188493,20.411087,71.83062869705425,Good,1,0,Vehicle_1216,0.0003,0.0%,LOW,124,2480,temperature,-5.8089,Cooling system,Inspect coolant level and radiator,temperature signal is elevated (SHAP=-5.809),31,Low,2026-06-28 20:56:42
57.84071980029408,22.09844955820232,1873.812870722164,0.199479146360271,12.572989962187366,33.181588662795406,37.0612304078376,4.0,83.39379823280929,98.88583594022886,88.04140954503515,20.138336,84.60201291506687,Good,1,0,Vehicle_1217,0.0003,0.0%,LOW,124,2480,temperature,-3.8092,Cooling system,Inspect coolant level and radiator,temperature signal is elevated (SHAP=-3.809),31,Low,2026-06-28 20:56:42
51.25324333072589,37.24957695288301,3457.1987825490323,0.3996874724870227,12.448284141671186,52.10315769045211,38.85465344738762,9.0,73.35416850086516,93.74172084393643,79.47043420378654,26.473278,68.43060469105922,Good,1,0,Vehicle_1218,0.0004,0.0%,LOW,124,2480,temperature,-5.9598,Cooling system,Inspect coolant level and radiator,temperature signal is elevated (SHAP=-5.960),31,Low,2026-06-28 20:56:42
67.06961538552846,43.40455848478639,3207.35019097023,0.6101235680397106,13.18973791066426,4.582182141995162,43.48401056203796,2.0,80.0,100.0,86.0,24.7216,87.6,Good,1,0,Vehicle_1219,0.0002,0.0%,LOW,124,2480,temperature,-3.779,Cooling system,Inspect coolant level and radiator,temperature signal is elevated (SHAP=-3.779),31,Low,2026-06-28 20:56:42
104.87433519072448,36.01100381729645,2981.2400018751355,0.0171571350779229,11.515818794512034,43.949647723715415,40.80851426267512,7.0,60.0,67.0,62.1,1.3566136,56.66,Warning,2,0,Vehicle_1220,0.0117,1.2%,LOW,123,2460,temperature,-6.3138,Cooling system,Inspect coolant level and radiator,temperature signal is elevated (SHAP=-6.314),30,Low,2026-06-28 20:56:42
84.33345748443469,38.561908603358816,3240.515697115274,0.7408057715024521,12.587736386485677,42.716712593311854,40.498925265620265,4.0,75.0,99.49412594253413,82.34823778276024,16.62497,81.30776785816296,Good,1,0,Vehicle_1221,0.0002,0.0%,LOW,124,2480,temperature,-3.757,Cooling system,Inspect coolant level and radiator,temperature signal is elevated (SHAP=-3.757),31,Low,2026-06-28 20:56:42
104.3584564348176,30.51222828961553,918.1770197061096,0.1928063642778099,12.40256809540974,43.946195360992775,27.092482179435088,7.0,60.0,91.85593393565182,69.55678018069554,2.0945191,66.10525489554769,Warning,2,0,Vehicle_1222,0.0113,1.1%,LOW,123,2460,temperature,-6.2913,Cooling system,Inspect coolant level and radiator,temperature signal is elevated (SHAP=-6.291),30,Low,2026-06-28 20:56:42
91.16473865351313,20.03097048156894,3583.068437434486,0.0179643976329157,12.726268136948788,38.978363843580375,37.94243557267657,5.0,67.7944046192495,100.0,77.45608323347466,12.938285,76.47364994008478,Good,1,0,Vehicle_1223,0.0003,0.0%,LOW,124,2480,temperature,-3.8092,Cooling system,Inspect coolant level and radiator,temperature signal is elevated (SHAP=-3.809),31,Low,2026-06-28 20:56:42
96.7383823857274,18.93527729299485,2813.649693266994,0.3234462309197828,12.686586081724164,30.082161482510056,19.94450029949894,4.0,59.960153167226366,100.0,71.97210721705845,4.0106,75.18326433023506,Warning,2,0,Vehicle_1224,0.0003,0.0%,LOW,124,2480,temperature,-3.9819,Cooling system,Inspect coolant level and radiator,temperature signal is elevated (SHAP=-3.982),31,Low,2026-06-28 20:56:42
71.48654507043138,31.53049226320655,3308.625107204588,0.4975776059878397,12.33400329994593,13.559362994581605,50.6213769845283,8.0,66.8281596008107,69.91495437537341,67.7541980331795,8.760321,58.63550969498239,Warning,2,0,Vehicle_1225,0.0004,0.0%,LOW,124,2480,temperature,-6.0112,Cooling system,Inspect coolant level and radiator,temperature signal is elevated (SHAP=-6.011),31,Low,2026-06-28 20:56:42
92.85926431289006,26.44812715362012,2809.72942329309,0.0897283115083544,12.469060513942702,52.89494094334824,20.97435176181776,8.0,74.28147137421988,94.59874620013647,80.37665382199486,19.392086,71.14574153322421,Good,1,0,Vehicle_1226,0.0004,0.0%,LOW,124,2480,temperature,-5.8968,Cooling system,Inspect coolant level and radiator,temperature signal is elevated (SHAP=-5.897),31,Low,2026-06-28 20:56:42
95.9307135111152,24.51254233003589,2539.139859744125,0.0650430422082293,12.102372314832609,43.997520264075135,31.535601612436555,8.0,66.1887422979132,79.47285798684503,70.17397700459274,10.334224,61.99895780012465,Warning,2,0,Vehicle_1227,0.0004,0.0%,LOW,124,2480,temperature,-6.0651,Cooling system,Inspect coolant level and radiator,temperature signal is elevated (SHAP=-6.065),31,Low,2026-06-28 20:56:42
76.3502906164946,29.623519896187947,2279.752630110356,0.1060624924757999,12.645471991741784,22.494369068626444,21.811257609732166,0.0,100.0,100.0,100.0,99.67958,100.0,Excellent,0,0,Vehicle_1228,0.0003,0.0%,LOW,124,2480,temperature,-3.8399,Cooling system,Inspect coolant level and radiator,temperature signal is elevated (SHAP=-3.840),31,Low,2026-06-28 20:56:42
93.3931055592425,33.69351172716773,2793.7155015089643,0.2383758347300472,11.64844957915092,51.25066825667541,27.69833714134348,4.0,88.213788881515,67.0,81.8496522170605,20.351988,74.5097913302363,Good,1,0,Vehicle_1229,0.0002,0.0%,LOW,124,2480,temperature,-3.8296,Cooling system,Inspect coolant level and radiator,temperature signal is elevated (SHAP=-3.830),31,Low,2026-06-28 20:56:42
93.49281637862248,21.28345471942712,2250.6016728763584,0.0870746522624936,12.710730575459728,44.10099609854588,35.13428415432051,7.0,58.14818612046348,100.0,70.70373028432442,3.5469651,68.42223817059465,Warning,2,0,Vehicle_1230,0.0016,0.2%,LOW,124,2480,temperature,-6.0691,Cooling system,Inspect coolant level and radiator,temperature signal is elevated (SHAP=-6.069),31,Low,2026-06-28 20:56:42
76.75671068304875,27.30673427831769,3194.30088005209,0.028186639664078,12.390730622305556,40.7795209667577,29.71241901483998,8.0,80.0,91.3676381701042,83.41029145103126,19.392086,72.3197025046396,Good,1,0,Vehicle_1231,0.0004,0.0%,LOW,124,2480,temperature,-5.9046,Cooling system,Inspect coolant level and radiator,temperature signal is elevated (SHAP=-5.905),31,Low,2026-06-28 20:56:42
68.15847351593507,39.05922409872189,1230.8346843582397,0.1184002618363972,12.205175184867564,6.862102263850993,46.44246258145621,3.0,100.0,78.80910359883595,93.6427310796508,19.657219,85.94745936755766,Excellent,0,0,Vehicle_1232,0.0002,0.0%,LOW,124,2480,temperature,-3.8191,Cooling system,Inspect coolant level and radiator,temperature signal is elevated (SHAP=-3.819),31,Low,2026-06-28 20:56:42
67.23807502152592,23.548269718671754,2066.739310564578,0.0800095374499601,12.30698672022131,63.65535024615786,37.26901015962796,7.0,74.19307887468702,87.91320220912905,78.30911587501963,19.392086,70.56810996683758,Good,1,0,Vehicle_1233,0.0003,0.0%,LOW,124,2480,temperature,-5.7704,Cooling system,Inspect coolant level and radiator,temperature signal is elevated (SHAP=-5.770),31,Low,2026-06-28 20:56:42
86.29758312882193,35.21856712298974,4135.858598781317,0.201139475664098,12.336321506164648,25.3389791978174,30.37090270771407,5.0,87.28282802437367,89.12326212929173,87.83495825584909,19.701874,80.52562737936779,Good,1,0,Vehicle_1234,0.0003,0.0%,LOW,124,2480,temperature,-3.8255,Cooling system,Inspect coolant level and radiator,temperature signal is elevated (SHAP=-3.825),31,Low,2026-06-28 20:56:42
89.90514803183973,27.091615430706035,1999.135629142086,0.4191626942941862,12.9189215041922,51.26540509682483,33.664180700259536,2.0,92.0558203803876,100.0,94.4390742662713,21.837223,92.66344455976278,Excellent,0,0,Vehicle_1235,0.0002,0.0%,LOW,124,2480,temperature,-3.7664,Cooling system,Inspect coolant level and radiator,temperature signal is elevated (SHAP=-3.766),31,Low,2026-06-28 20:56:42
73.11211254313129,33.27476255909971,2309.0530215492176,0.1307288752725775,13.469879606837369,33.83463113134614,47.19700457055936,8.0,80.0,92.53018446009818,83.75905533802946,16.85328,72.7614700948373,Good,1,0,Vehicle_1236,0.0005,0.1%,LOW,124,2480,temperature,-5.9584,Cooling system,Inspect coolant level and radiator,temperature signal is elevated (SHAP=-5.958),31,Low,2026-06-28 20:56:42
85.39878011989148,36.583965043217205,1793.935253319939,0.5766557162220468,12.887948329660151,42.22546964904029,44.08870883284466,4.0,76.55628558519687,100.0,83.58939990963782,21.381533,82.15363994578269,Good,1,0,Vehicle_1237,0.0002,0.0%,LOW,124,2480,temperature,-3.7838,Cooling system,Inspect coolant level and radiator,temperature signal is elevated (SHAP=-3.784),31,Low,2026-06-28 20:56:42
93.55805554207728,34.44769060191013,2768.676538308659,0.2656190184321433,12.173869685644098,73.04584983499822,23.612291059845887,6.0,77.88388891584543,82.42212453281903,79.2453596009375,20.351988,72.03164066712631,Good,1,0,Vehicle_1238,0.0002,0.0%,LOW,124,2480,temperature,-3.815,Cooling system,Inspect coolant level and radiator,temperature signal is elevated (SHAP=-3.815),31,Low,2026-06-28 20:56:42
94.27286071997952,35.454957613283256,1910.988087886244,0.1624165220070246,12.651912729714113,60.63236401606748,28.19348285860395,2.0,91.45427856004096,100.0,94.01799499202868,19.392086,92.4107969952172,Excellent,0,0,Vehicle_1239,0.0003,0.0%,LOW,124,2480,temperature,-3.831,Cooling system,Inspect coolant level and radiator,temperature signal is elevated (SHAP=-3.831),31,Low,2026-06-28 20:56:42
108.27820180183733,23.090438799552263,2351.51125215436,0.3026209893041214,12.669331666422996,72.6007989257894,39.74789818684371,0.0,72.18702257793429,100.0,80.530915804554,99.7163,88.31854948273241,Good,1,0,Vehicle_1240,0.0027,0.3%,LOW,124,2480,fault_count,-6.1256,ECU fault logs,Review and clear fault codes,fault_count signal is elevated (SHAP=-6.126),31,Low,2026-06-28 20:56:42
104.15471248297064,36.68195824044779,3179.0932288280565,0.4252807932319138,12.029935711021112,56.607709892431465,38.5336658602704,4.0,66.6479471178724,76.48484807962086,69.59901740639694,18.53739,69.05638005976233,Warning,2,0,Vehicle_1241,0.0002,0.0%,LOW,124,2480,temperature,-3.8338,Cooling system,Inspect coolant level and radiator,temperature signal is elevated (SHAP=-3.834),31,Low,2026-06-28 20:56:42
69.98062850865183,24.88384131219108,1940.9892649481476,0.2559574762256688,11.895680281111728,57.92287168681561,24.49618458601237,7.0,79.53536524876432,70.94681159585876,76.95879915289265,17.527039,66.36464181090734,Good,1,0,Vehicle_1242,0.0003,0.0%,LOW,124,2480,temperature,-5.9406,Cooling system,Inspect coolant level and radiator,temperature signal is elevated (SHAP=-5.941),31,Low,2026-06-28 20:56:42
110.25379314307034,31.55725059342923,3130.8888954121767,0.0249646527231203,12.374687628433286,14.377219995476445,42.49126589306624,3.0,70.0,90.70586467287303,76.21175940186191,16.85328,77.86822857569176,Good,1,0,Vehicle_1243,0.0026,0.3%,LOW,124,2480,fault_count,-6.1654,ECU fault logs,Review and clear fault codes,fault_count signal is elevated (SHAP=-6.165),31,Low,2026-06-28 20:56:42
77.03535243166428,31.54947712198336,3157.783452448285,0.0071780249708588,12.723083041080574,43.64950012266892,26.09125859813604,9.0,80.0,100.0,86.0,20.138336,73.6,Good,1,0,Vehicle_1244,0.0005,0.1%,LOW,124,2480,temperature,-5.9396,Cooling system,Inspect coolant level and radiator,temperature signal is elevated (SHAP=-5.940),31,Low,2026-06-28 20:56:42
100.67309218681642,32.91073535321748,3343.964875775435,0.4006326165390644,11.755276692959429,45.50182136302784,48.03826773856342,7.0,53.2911588973957,56.669889688884375,54.3047781348423,1.8517852,49.91684481868225,Critical,3,0,Vehicle_1245,0.0049,0.5%,LOW,124,2480,temperature,-6.3198,Cooling system,Inspect coolant level and radiator,temperature signal is elevated (SHAP=-6.320),31,Low,2026-06-28 20:56:42
86.01979939076634,32.021740056361146,2612.4327959344323,0.0277608452652037,12.11164085293824,74.4732964070395,40.29449156249621,6.0,85.0,79.85518518370233,83.4565555551107,17.09106,74.04497036980688,Good,1,0,Vehicle_1246,0.0002,0.0%,LOW,124,2480,temperature,-3.8183,Cooling system,Inspect coolant level and radiator,temperature signal is elevated (SHAP=-3.818),31,Low,2026-06-28 20:56:42
78.81775932314548,24.93714012885166,4612.341159193811,0.1944786760135108,12.629060683596164,39.87541344186143,23.680755493542787,8.0,67.50173733153042,100.0,77.25121613207129,20.138336,70.35072967924278,Good,1,0,Vehicle_1247,0.0005,0.1%,LOW,124,2480,temperature,-5.8982,Cooling system,Inspect coolant level and radiator,temperature signal is elevated (SHAP=-5.898),31,Low,2026-06-28 20:56:42
57.88454710337601,21.900795526225703,3343.626957233665,0.0247978538056518,12.416689445308233,55.297190181122446,29.709232985365883,8.0,67.60318210490281,92.4384396189646,75.05375935912134,20.138336,67.51994353926573,Good,1,0,Vehicle_1248,0.0004,0.0%,LOW,124,2480,temperature,-5.9885,Cooling system,Inspect coolant level and radiator,temperature signal is elevated (SHAP=-5.989),31,Low,2026-06-28 20:56:42
82.42653234675478,35.23409207977061,2759.9020995254614,0.6111056684974334,12.9665094482396,54.51514686169504,29.53539385471376,7.0,60.0,100.0,72.0,8.253402,69.19999999999999,Warning,2,0,Vehicle_1249,0.0005,0.1%,LOW,124,2480,temperature,-5.839,Cooling system,Inspect coolant level and radiator,temperature signal is elevated (SHAP=-5.839),31,Low,2026-06-28 20:56:42
61.60925147041587,31.115007465113493,1799.260468734612,0.0975383370163677,11.835453018369464,73.15350320561456,36.59876721302331,8.0,80.0,68.46243700774033,76.5387311023221,14.562929,63.61572606294133,Good,1,0,Vehicle_1250,0.0004,0.0%,LOW,124,2480,temperature,-6.0794,Cooling system,Inspect coolant level and radiator,temperature signal is elevated (SHAP=-6.079),31,Low,2026-06-28 20:56:42
99.5094885376416,36.8962610457469,2422.352699300687,0.2494854502927476,13.340865973379785,47.32511835387733,32.960231019875096,7.0,60.981022924716825,100.0,72.68671604730177,17.470497,69.61202962838107,Warning,2,0,Vehicle_1251,0.0004,0.0%,LOW,124,2480,temperature,-5.8341,Cooling system,Inspect coolant level and radiator,temperature signal is elevated (SHAP=-5.834),31,Low,2026-06-28 20:56:42
107.75188985708871,29.73160239487279,3641.061581520027,0.0716112331094991,11.784803022572168,66.55573897386293,23.545110866182167,8.0,60.0,67.0,62.1,1.3566136,54.66,Warning,2,1,Vehicle_1252,0.9996,100.0%,CRITICAL,5,100,temperature,4.8272,Cooling system,Inspect coolant level and radiator,temperature signal is rapidly deteriorating (SHAP=4.827),1,Immediate,2026-06-28 20:56:42
73.04633516054965,21.56901383593824,3867.627692501015,0.1861550872858139,11.588334512468697,15.902697317249512,21.05740853777424,1.0,86.27605534375294,67.0,80.49323874062705,20.411087,79.69594324437622,Good,1,0,Vehicle_1253,0.0003,0.0%,LOW,124,2480,temperature,-3.7958,Cooling system,Inspect coolant level and radiator,temperature signal is elevated (SHAP=-3.796),31,Low,2026-06-28 20:56:42
89.52956113778907,35.79677808602464,3682.663280352184,0.0043095347754233,12.376434888201077,17.719611341121166,40.490233343978616,3.0,100.0,90.77793913829444,97.23338174148832,16.85328,90.49561687255188,Excellent,0,0,Vehicle_1254,0.0002,0.0%,LOW,124,2480,temperature,-3.8255,Cooling system,Inspect coolant level and radiator,temperature signal is elevated (SHAP=-3.825),31,Low,2026-06-28 20:56:42
74.11912716988037,27.77777634203336,3128.153845383696,0.074688189424661,11.946216428701597,4.333113107509462,37.86236864564163,8.0,80.0,73.03142768394083,77.90942830518225,16.257309,65.35194251989752,Good,1,0,Vehicle_1255,0.0004,0.0%,LOW,124,2480,temperature,-6.0775,Cooling system,Inspect coolant level and radiator,temperature signal is elevated (SHAP=-6.077),31,Low,2026-06-28 20:56:42
75.57272904794816,32.052020744526125,1495.4718349635425,0.3390844458707784,12.384497734382048,65.71969950266667,36.05537557205032,4.0,92.39437027528145,91.11053154325948,92.00921865567484,24.402285,85.4276375020568,Excellent,0,0,Vehicle_1256,0.0002,0.0%,LOW,124,2480,temperature,-3.7534,Cooling system,Inspect coolant level and radiator,temperature signal is elevated (SHAP=-3.753),31,Low,2026-06-28 20:56:42
96.61742055798057,26.115243429122884,2889.729454260536,0.1196525666829723,12.370509248418134,63.47333875577472,37.70731858960461,0.0,86.76515888403887,90.53350649724804,87.89566316800162,99.68686,90.84409920025058,Good,1,0,Vehicle_1257,0.0002,0.0%,LOW,124,2480,temperature,-3.7912,Cooling system,Inspect coolant level and radiator,temperature signal is elevated (SHAP=-3.791),31,Low,2026-06-28 20:56:42
84.42192607234881,39.86581026140215,1506.878097557602,0.1570449904095046,12.321690315157028,67.93655147798565,28.81080852474965,8.0,80.0,88.5197255002274,82.55591765006821,19.392086,71.2374956900864,Good,1,0,Vehicle_1258,0.0004,0.0%,LOW,124,2480,temperature,-5.9131,Cooling system,Inspect coolant level and radiator,temperature signal is elevated (SHAP=-5.913),31,Low,2026-06-28 20:56:42
111.09472062896518,24.740611054900818,1310.023045295393,0.3341639498215093,12.063035587121288,36.45276328587614,36.83992357775144,6.0,51.68484756483598,77.8502179687531,59.53445868601111,1.7476678,59.29071880535728,Critical,3,0,Vehicle_1259,0.0205,2.1%,LOW,122,2440,fault_count,-7.1477,ECU fault logs,Review and clear fault codes,fault_count signal is elevated (SHAP=-7.148),30,Low,2026-06-28 20:56:42
77.76651281945618,27.975421475362957,2691.3269476617907,0.0724384956260138,12.573062461031876,38.72904684930668,60.38505564984268,9.0,80.0,64.8888265175649,75.46664795526947,8.166957,60.25775407667466,Good,1,0,Vehicle_1260,0.0005,0.1%,LOW,124,2480,temperature,-6.0477,Cooling system,Inspect coolant level and radiator,temperature signal is elevated (SHAP=-6.048),31,Low,2026-06-28 20:56:42
99.99004498711734,30.6446922161839,2918.5595578158004,0.0149196694802711,12.273065154093132,47.57904714675379,46.74567120747143,0.0,80.01991002576531,80.57865550093882,80.18753366831736,99.692085,84.22825130117818,Good,1,0,Vehicle_1261,0.0002,0.0%,LOW,124,2480,temperature,-3.8296,Cooling system,Inspect coolant level and radiator,temperature signal is elevated (SHAP=-3.830),31,Low,2026-06-28 20:56:42
86.46120119436674,23.44690603747825,3222.701678784644,0.1183910562694083,12.841465948301906,78.87398605895312,32.115915490401626,1.0,93.787624149913,100.0,95.6513369049391,19.392086,95.39080214296344,Excellent,0,0,Vehicle_1262,0.0003,0.0%,LOW,124,2480,temperature,-3.8172,Cooling system,Inspect coolant level and radiator,temperature signal is elevated (SHAP=-3.817),31,Low,2026-06-28 20:56:42
96.9366701461635,31.98311717152557,2897.708992308875,0.25758680639791,12.327851098988678,83.87656255244102,29.7662825289876,5.0,76.12665970767301,82.37752962175527,78.00192068189769,17.715132,73.27665833348966,Good,1,0,Vehicle_1263,0.0002,0.0%,LOW,124,2480,temperature,-3.8145,Cooling system,Inspect coolant level and radiator,temperature signal is elevated (SHAP=-3.814),31,Low,2026-06-28 20:56:43
78.2926351400508,39.67146286480494,2925.2687885941987,0.2116254129585466,12.014141030853365,65.87616979682726,10.0,1.0,100.0,75.83331752270128,92.74999525681038,20.73297,88.81666065862649,Excellent,0,0,Vehicle_1264,0.0003,0.0%,LOW,124,2480,temperature,-3.8218,Cooling system,Inspect coolant level and radiator,temperature signal is elevated (SHAP=-3.822),31,Low,2026-06-28 20:56:43
84.25661743672626,27.057227035837737,1712.277932006099,0.4107143298206777,11.724915779262648,56.62039449607002,45.686941529846976,5.0,82.61904467862148,64.66439879852028,77.23265091459112,21.666563,69.27247030845874,Good,1,0,Vehicle_1265,0.0002,0.0%,LOW,124,2480,temperature,-3.7287,Cooling system,Inspect coolant level and radiator,temperature signal is elevated (SHAP=-3.729),31,Low,2026-06-28 20:56:43
83.26751681051599,32.370856914190355,2416.0186522522667,0.7363201769900289,12.331156227420651,76.70765395400252,42.86605353774813,3.0,80.0,88.91019438110186,82.67305831433056,21.010471,81.3858738648187,Good,1,0,Vehicle_1266,0.0002,0.0%,LOW,124,2480,temperature,-3.743,Cooling system,Inspect coolant level and radiator,temperature signal is elevated (SHAP=-3.743),31,Low,2026-06-28 20:56:43
72.45914327731319,13.797891390265011,1294.3065714924098,0.4618955283475197,11.892318171454953,44.88315085700883,29.56172030723508,2.0,59.20696477683202,70.8081245725167,62.687312715537416,11.752665,67.77401254382579,Warning,2,0,Vehicle_1267,0.0002,0.0%,LOW,124,2480,temperature,-3.8223,Cooling system,Inspect coolant level and radiator,temperature signal is elevated (SHAP=-3.822),31,Low,2026-06-28 20:56:43
94.93122301872629,29.76642479709096,897.3046964798434,0.0577852274595261,11.86001525839809,42.1811693903541,20.68292317122872,7.0,70.13755396254743,69.47562940892117,69.93897659645954,13.401848,61.858511839659954,Warning,2,0,Vehicle_1268,0.0004,0.0%,LOW,124,2480,temperature,-5.9608,Cooling system,Inspect coolant level and radiator,temperature signal is elevated (SHAP=-5.961),31,Low,2026-06-28 20:56:43
94.75373508367548,28.121746284442768,3092.5141678744594,0.3656294590066232,12.610982923658796,47.41955758772378,23.44732556810274,0.0,86.11723256554086,100.0,90.2820627958786,99.73955,94.16923767752716,Excellent,0,0,Vehicle_1269,0.0002,0.0%,LOW,124,2480,temperature,-3.762,Cooling system,Inspect coolant level and radiator,temperature signal is elevated (SHAP=-3.762),31,Low,2026-06-28 20:56:43
93.9033204235835,25.08901438553769,1897.500484967233,0.2620812945844052,11.688931975534643,30.425712611608443,39.44397862479423,8.0,72.19335915283301,67.0,70.6353514069831,6.9537106,59.78121084418986,Warning,2,0,Vehicle_1270,0.0004,0.0%,LOW,124,2480,temperature,-6.0613,Cooling system,Inspect coolant level and radiator,temperature signal is elevated (SHAP=-6.061),31,Low,2026-06-28 20:56:43
108.05448480876468,36.48870281777119,3197.998801714443,0.1712695270479347,12.964877351333165,46.49981271256775,34.106592663374855,1.0,80.0,100.0,86.0,16.85328,89.6,Good,1,0,Vehicle_1271,0.004,0.4%,LOW,124,2480,fault_count,-6.1384,ECU fault logs,Review and clear fault codes,fault_count signal is elevated (SHAP=-6.138),31,Low,2026-06-28 20:56:43
106.74017201854456,28.042537910257032,3386.678062304031,0.0739249168642038,12.463886553758217,27.6518391243212,41.91592017607282,5.0,70.0,94.38532034252644,77.31559610275794,16.85328,75.26642173016005,Good,1,0,Vehicle_1272,0.0026,0.3%,LOW,124,2480,fault_count,-6.1371,ECU fault logs,Review and clear fault codes,fault_count signal is elevated (SHAP=-6.137),31,Low,2026-06-28 20:56:43
79.37582965226296,28.935135077438478,2004.546140301442,0.3453363675654335,12.382462947590016,70.50015637799157,35.86443138368183,9.0,76.97757549563777,91.02659658808815,81.19228182337288,24.402285,68.92068841164136,Good,1,0,Vehicle_1273,0.0004,0.0%,LOW,124,2480,temperature,-5.945,Cooling system,Inspect coolant level and radiator,temperature signal is elevated (SHAP=-5.945),31,Low,2026-06-28 20:56:43
90.59578477651267,27.736842751265574,2972.2488756442394,0.115144319782137,11.986093623779766,60.87374782066036,44.66758832116484,1.0,98.80843044697464,74.67636198091532,91.56880990715683,17.09106,87.87655834047717,Excellent,0,0,Vehicle_1274,0.0002,0.0%,LOW,124,2480,temperature,-3.7966,Cooling system,Inspect coolant level and radiator,temperature signal is elevated (SHAP=-3.797),31,Low,2026-06-28 20:56:43
75.6459896611268,18.49910476940954,1971.0746171090868,0.0003365435735724,12.705748918537177,78.5912479509565,38.69575140392247,9.0,60.0,100.0,72.0,3.4210622,65.19999999999999,Warning,2,0,Vehicle_1275,0.0015,0.1%,LOW,124,2480,temperature,-6.2563,Cooling system,Inspect coolant level and radiator,temperature signal is elevated (SHAP=-6.256),31,Low,2026-06-28 20:56:43
85.35032974171833,23.208081359538237,1023.2969002985408,0.301441110173187,12.398838026561045,17.41434394171621,43.28795380160681,3.0,92.73625142660713,91.702068595643,92.42599657731787,18.286812,87.79601166551933,Excellent,0,0,Vehicle_1276,0.0002,0.0%,LOW,124,2480,temperature,-3.7852,Cooling system,Inspect coolant level and radiator,temperature signal is elevated (SHAP=-3.785),31,Low,2026-06-28 20:56:43
76.00375826321702,35.766560916721296,2598.6475235539665,0.0810385802560662,12.12556134290368,88.03393893844145,14.103165890780629,7.0,80.0,67.17340614634838,76.15202184390452,15.249073,65.12589433561239,Good,1,0,Vehicle_1277,0.0004,0.0%,LOW,124,2480,temperature,-5.9653,Cooling system,Inspect coolant level and radiator,temperature signal is elevated (SHAP=-5.965),31,Low,2026-06-28 20:56:43
109.30105463704076,17.34029611872017,2123.300896227392,0.4641671813824605,12.479929878660636,18.550491724131195,22.6565442950254,8.0,29.05552124116929,95.04710749475124,48.85299711724387,2.026391,52.321219769296576,Critical,3,1,Vehicle_1278,0.9993,99.9%,CRITICAL,5,100,temperature,4.7033,Cooling system,Inspect coolant level and radiator,temperature signal is rapidly deteriorating (SHAP=4.703),1,Immediate,2026-06-28 20:56:43
90.45547225514444,25.402107902305765,2147.928791530295,0.491426262068082,11.726885817824249,26.03383849833588,31.356483301123728,2.0,86.32730468517231,67.0,80.5291132796206,22.705729,77.71746796777236,Good,1,0,Vehicle_1279,0.0002,0.0%,LOW,124,2480,temperature,-3.732,Cooling system,Inspect coolant level and radiator,temperature signal is elevated (SHAP=-3.732),31,Low,2026-06-28 20:56:43
81.72956307843367,27.601679662261414,4080.27449427642,0.0334779349242067,11.745869147380343,37.5835690627382,45.79568784900242,3.0,98.3945101144716,64.29466131339177,88.16455547414765,17.09106,79.75766554716694,Good,1,0,Vehicle_1280,0.0002,0.0%,LOW,124,2480,temperature,-3.8007,Cooling system,Inspect coolant level and radiator,temperature signal is elevated (SHAP=-3.801),31,Low,2026-06-28 20:56:43
102.90427857784566,40.4617312037494,1279.3144138138623,0.4054399458746395,11.951925565879568,76.1544138393973,53.8052972606774,8.0,52.970670275024034,43.328918906229006,50.07814486438552,1.8517852,42.71267069987712,Critical,3,0,Vehicle_1281,0.0069,0.7%,LOW,124,2480,temperature,-6.4225,Cooling system,Inspect coolant level and radiator,temperature signal is elevated (SHAP=-6.423),31,Low,2026-06-28 20:56:43
52.440768853068825,34.611622592978215,2806.2969082971767,0.1076837507254809,12.539810907043886,54.511469944571466,33.35764217613122,1.0,100.0,97.51719991556033,99.25515997466808,21.156872,97.05653596791292,Excellent,0,0,Vehicle_1282,0.0002,0.0%,LOW,124,2480,temperature,-3.8261,Cooling system,Inspect coolant level and radiator,temperature signal is elevated (SHAP=-3.826),31,Low,2026-06-28 20:56:43
54.788461077020656,26.6569768376814,1704.1542102841988,0.0818724972953956,12.398696671277548,45.123414989568566,28.8841993611182,1.0,100.0,91.69623769019888,97.50887130705966,20.138336,94.84457032227556,Excellent,0,0,Vehicle_1283,0.0002,0.0%,LOW,124,2480,temperature,-3.797,Cooling system,Inspect coolant level and radiator,temperature signal is elevated (SHAP=-3.797),31,Low,2026-06-28 20:56:43
96.9375798282966,37.8270821826933,3226.60912741386,0.1510573690255443,12.8195917062223,34.14745130709679,15.450314557421969,3.0,86.12484034340679,100.0,90.28738824038476,19.392086,88.17243294423085,Excellent,0,0,Vehicle_1284,0.0003,0.0%,LOW,124,2480,temperature,-3.8399,Cooling system,Inspect coolant level and radiator,temperature signal is elevated (SHAP=-3.840),31,Low,2026-06-28 20:56:43
85.90702672176052,25.55690507699328,2738.7449889400527,0.0680251339844248,12.03200405913257,22.481296986786003,43.63563764073164,6.0,85.0,76.57016743921848,82.47105023176553,17.09106,72.79666362690301,Good,1,0,Vehicle_1285,0.0002,0.0%,LOW,124,2480,temperature,-3.7995,Cooling system,Inspect coolant level and radiator,temperature signal is elevated (SHAP=-3.800),31,Low,2026-06-28 20:56:43
88.7566945039114,36.05459882240403,2803.475479344491,0.0798580326014542,12.629867136192535,72.65254647386021,29.49809424805523,8.0,80.0,100.0,86.0,19.392086,75.6,Good,1,0,Vehicle_1286,0.0005,0.1%,LOW,124,2480,temperature,-5.9277,Cooling system,Inspect coolant level and radiator,temperature signal is elevated (SHAP=-5.928),31,Low,2026-06-28 20:56:43
65.10405845022177,21.846736524461907,1744.088305918192,0.2057583519475743,12.354451779041888,65.9727852209728,61.519698055824975,5.0,77.38694609784763,55.87113588547789,70.9322030341367,10.518193,63.7335489975776,Warning,2,0,Vehicle_1287,0.0002,0.0%,LOW,124,2480,temperature,-3.885,Cooling system,Inspect coolant level and radiator,temperature signal is elevated (SHAP=-3.885),31,Low,2026-06-28 20:56:43
84.6514943372445,36.43954699073494,1887.5296693693413,0.1386876627767872,12.02278192210363,77.049007541847,27.605960799654863,4.0,95.0,76.18975428677469,89.3569262860324,19.657219,80.85210662897438,Good,1,0,Vehicle_1288,0.0002,0.0%,LOW,124,2480,temperature,-3.8183,Cooling system,Inspect coolant level and radiator,temperature signal is elevated (SHAP=-3.818),31,Low,2026-06-28 20:56:43
115.05264115602012,27.563198127174086,3241.8004058767087,0.4974142719907919,12.554123068285168,57.936362539622486,56.052750968606645,8.0,36.8390485339472,64.1075765667632,45.019606943792,2.060163,43.83327947962784,Critical,3,1,Vehicle_1289,0.999,99.9%,CRITICAL,5,100,temperature,4.6203,Cooling system,Inspect coolant level and radiator,temperature signal is rapidly deteriorating (SHAP=4.620),1,Immediate,2026-06-28 20:56:43
97.36299429693794,23.82897455435238,3916.6381773820494,0.2523198105751255,12.373595256701908,0.0,42.48367383587467,1.0,80.58990962353364,90.6608043389537,83.61117803815965,17.080957,86.29886769068654,Good,1,0,Vehicle_1290,0.0002,0.0%,LOW,124,2480,temperature,-3.7915,Cooling system,Inspect coolant level and radiator,temperature signal is elevated (SHAP=-3.792),31,Low,2026-06-28 20:56:43
87.54559817714218,28.69713832154212,2884.24625377935,0.3826714995588501,12.14835232234184,25.10834134637096,24.71735600678633,9.0,74.48856669607666,81.36953329660093,76.55285667623394,18.240112,64.20562066506055,Good,1,0,Vehicle_1291,0.0004,0.0%,LOW,124,2480,temperature,-6.0089,Cooling system,Inspect coolant level and radiator,temperature signal is elevated (SHAP=-6.009),31,Low,2026-06-28 20:56:43
78.41419134842593,31.66406507832129,1782.0634233828537,0.1068848181088477,12.416799634857638,59.297426116934176,37.32143788643587,3.0,100.0,92.44298493787755,97.73289548136329,19.392086,91.12833427639347,Excellent,0,0,Vehicle_1292,0.0002,0.0%,LOW,124,2480,temperature,-3.8161,Cooling system,Inspect coolant level and radiator,temperature signal is elevated (SHAP=-3.816),31,Low,2026-06-28 20:56:43
79.0814072219591,27.03150941684573,2771.150817969655,0.3382029062278081,12.348187845625043,42.6056594952796,42.71380526550466,2.0,97.4531395848128,89.61274863203303,95.10102229897883,21.381533,90.98316310579392,Excellent,0,0,Vehicle_1293,0.0002,0.0%,LOW,124,2480,temperature,-3.7373,Cooling system,Inspect coolant level and radiator,temperature signal is elevated (SHAP=-3.737),31,Low,2026-06-28 20:56:43
53.06203166199974,33.32372103597194,4441.977635470088,0.3475565482323222,12.338524772593,38.82316066143746,32.74747807483417,9.0,67.99001074177676,89.2141468694612,74.35725158008209,18.694609,64.4571803219415,Warning,2,0,Vehicle_1294,0.0004,0.0%,LOW,124,2480,temperature,-6.007,Cooling system,Inspect coolant level and radiator,temperature signal is elevated (SHAP=-6.007),31,Low,2026-06-28 20:56:43
88.8646063138174,26.502036698015598,2581.9382485751294,0.480314189395784,12.23496274003568,27.935464702209423,43.379827105522985,6.0,72.97905404028106,84.9422130264718,76.56800173613827,21.666563,70.92924364697733,Good,1,0,Vehicle_1295,0.0002,0.0%,LOW,124,2480,temperature,-3.7373,Cooling system,Inspect coolant level and radiator,temperature signal is elevated (SHAP=-3.737),31,Low,2026-06-28 20:56:43
97.6822466272278,33.72223436358815,3669.47268751488,0.0907898455462843,11.878020584442543,68.95179134829081,43.1595715934866,4.0,79.63550674554438,70.21834910825497,76.81035945435755,17.09106,72.12988549426552,Good,1,0,Vehicle_1296,0.0002,0.0%,LOW,124,2480,temperature,-3.8171,Cooling system,Inspect coolant level and radiator,temperature signal is elevated (SHAP=-3.817),31,Low,2026-06-28 20:56:43
61.36571009244077,32.653332372219595,1907.7365073290305,0.0176361702430892,12.429906166357949,59.12385274828616,40.96338500594131,3.0,100.0,92.9836293622654,97.89508880867962,19.392086,91.33377915766084,Excellent,0,0,Vehicle_1297,0.0002,0.0%,LOW,124,2480,temperature,-3.8213,Cooling system,Inspect coolant level and radiator,temperature signal is elevated (SHAP=-3.821),31,Low,2026-06-28 20:56:43
75.07874661539776,29.63446167175239,2466.331158690891,0.1800249248079499,12.078914250511437,60.02382445816245,34.83526631952494,4.0,95.0,78.50521283359667,90.051563850079,19.657219,81.73198087676674,Excellent,0,0,Vehicle_1298,0.0002,0.0%,LOW,124,2480,temperature,-3.8213,Cooling system,Inspect coolant level and radiator,temperature signal is elevated (SHAP=-3.821),31,Low,2026-06-28 20:56:43
67.63803051649867,27.351706125804306,2995.652164900434,0.0063609687483539,11.991868452942374,37.32795502429886,23.250599106938736,7.0,80.0,74.9145736838729,78.47437210516188,20.411087,68.0675379998717,Good,1,0,Vehicle_1299,0.0003,0.0%,LOW,124,2480,temperature,-5.8893,Cooling system,Inspect coolant level and radiator,temperature signal is elevated (SHAP=-5.889),31,Low,2026-06-28 20:56:43
70.51973207786855,30.909244774591595,2817.8626466102914,0.6315899154179914,12.303720062358956,53.52575517799619,34.23214624524766,1.0,80.0,87.77845257230699,82.3335357716921,23.994816,84.95581197747666,Good,1,0,Vehicle_1300,0.0002,0.0%,LOW,124,2480,temperature,-3.7449,Cooling system,Inspect coolant level and radiator,temperature signal is elevated (SHAP=-3.745),31,Low,2026-06-28 20:56:43
85.8022244023285,33.30152245820219,1886.8890559110716,0.0173614894148043,12.693610617668872,23.24470147607038,36.76064663715843,1.0,100.0,100.0,100.0,16.919046,98.0,Excellent,0,0,Vehicle_1301,0.0003,0.0%,LOW,124,2480,temperature,-3.8394,Cooling system,Inspect coolant level and radiator,temperature signal is elevated (SHAP=-3.839),31,Low,2026-06-28 20:56:43
53.733967675172885,42.37079491638965,1852.3860342955204,0.1697074151740155,12.474245403076392,47.40344038307613,16.239491289621753,3.0,100.0,94.81262287690124,98.44378686307036,20.788681,92.02879669322246,Excellent,0,0,Vehicle_1302,0.0002,0.0%,LOW,124,2480,temperature,-3.8302,Cooling system,Inspect coolant level and radiator,temperature signal is elevated (SHAP=-3.830),31,Low,2026-06-28 20:56:43
94.21405657535595,35.63652253078909,3290.6275224821266,0.4072990835866865,12.187543116656965,0.0,36.69235315991344,4.0,79.41861461017565,82.98615356209979,80.48887629575289,20.838665,76.8905564898717,Good,1,0,Vehicle_1303,0.0002,0.0%,LOW,124,2480,temperature,-3.7621,Cooling system,Inspect coolant level and radiator,temperature signal is elevated (SHAP=-3.762),31,Low,2026-06-28 20:56:43
96.30782604900524,35.85593969889505,3453.240650120116,0.1039441183577647,12.171461576852858,18.637677217308894,34.031987351898564,8.0,67.38434790198954,82.32279004518037,71.86588054494678,10.130178,63.58408633600414,Warning,2,0,Vehicle_1304,0.0004,0.0%,LOW,124,2480,temperature,-6.1023,Cooling system,Inspect coolant level and radiator,temperature signal is elevated (SHAP=-6.102),31,Low,2026-06-28 20:56:43
81.23346117944631,46.276182227974815,3709.714846497536,0.3575416299963768,12.654325304875508,43.55376311495977,22.033739292150457,2.0,96.16389133357488,100.0,97.3147239335024,25.280869,94.38883436010144,Excellent,0,0,Vehicle_1305,0.0002,0.0%,LOW,124,2480,temperature,-3.7703,Cooling system,Inspect coolant level and radiator,temperature signal is elevated (SHAP=-3.770),31,Low,2026-06-28 20:56:43
47.78937235023187,33.09575086060706,3943.144386602294,0.2784187092615116,11.441305692221103,97.50236292549864,31.66993609308243,7.0,80.0,38.12110117292726,67.43633035187818,9.409642,54.08601844571236,Warning,2,0,Vehicle_1306,0.0003,0.0%,LOW,124,2480,temperature,-5.9222,Cooling system,Inspect coolant level and radiator,temperature signal is elevated (SHAP=-5.922),31,Low,2026-06-28 20:56:43
70.05372060996416,32.907861067870215,2607.695549058077,0.0369425207066833,12.718945995679793,13.985138531502711,31.88153653165701,9.0,80.0,100.0,86.0,20.138336,73.6,Good,1,0,Vehicle_1307,0.0005,0.1%,LOW,124,2480,temperature,-5.9391,Cooling system,Inspect coolant level and radiator,temperature signal is elevated (SHAP=-5.939),31,Low,2026-06-28 20:56:43
103.49352901154045,34.224090445929924,2251.040604614725,0.2870621909866111,11.650393690027864,25.128388149202745,54.30094533493418,4.0,75.0,35.37678586122378,63.11303575836713,6.2436104,56.94317862726504,Warning,2,0,Vehicle_1308,0.0002,0.0%,LOW,124,2480,temperature,-3.8942,Cooling system,Inspect coolant level and radiator,temperature signal is elevated (SHAP=-3.894),31,Low,2026-06-28 20:56:43
44.51298544453835,23.94620413447048,3580.792751022775,0.1362386816116937,11.833836836670809,54.3354959338562,37.20118346177368,9.0,75.78481653788192,68.39576951267084,73.56810243031859,9.96173,59.82001536072532,Warning,2,0,Vehicle_1309,0.0004,0.0%,LOW,124,2480,temperature,-6.0568,Cooling system,Inspect coolant level and radiator,temperature signal is elevated (SHAP=-6.057),31,Low,2026-06-28 20:56:43
79.7871488170972,27.336590181487463,3070.455425481269,0.0993748342512455,12.19429366749471,85.38845812029206,45.36045251314599,8.0,80.0,73.14811934097855,77.94443580229357,14.057339,65.39628534957185,Good,1,0,Vehicle_1310,0.0004,0.0%,LOW,124,2480,temperature,-6.0599,Cooling system,Inspect coolant level and radiator,temperature signal is elevated (SHAP=-6.060),31,Low,2026-06-28 20:56:43
67.29998832299111,26.962984399846,1714.035793065927,0.2696802524843548,13.268049657172336,54.043449939761466,33.82184695509351,7.0,80.0,100.0,86.0,20.8457,77.6,Good,1,0,Vehicle_1311,0.0004,0.0%,LOW,124,2480,temperature,-5.793,Cooling system,Inspect coolant level and radiator,temperature signal is elevated (SHAP=-5.793),31,Low,2026-06-28 20:56:43
97.06855452377256,33.88568386331737,1673.0914675848708,0.5222872449994299,13.070967744005706,64.04283704608312,16.260834831649163,3.0,71.04374128582624,100.0,79.73061890007837,24.402285,81.83837134004702,Good,1,0,Vehicle_1312,0.0002,0.0%,LOW,124,2480,temperature,-3.7851,Cooling system,Inspect coolant level and radiator,temperature signal is elevated (SHAP=-3.785),31,Low,2026-06-28 20:56:43
74.87329071784808,28.954952626672807,2893.544161085047,0.4866629157061741,12.682595102318857,43.24792498647045,41.72341848821623,3.0,87.5558056195884,100.0,91.28906393371189,24.402285,88.77343836022712,Excellent,0,0,Vehicle_1313,0.0002,0.0%,LOW,124,2480,temperature,-3.7593,Cooling system,Inspect coolant level and radiator,temperature signal is elevated (SHAP=-3.759),31,Low,2026-06-28 20:56:43
91.05931031103415,30.829340552845817,2358.1802708128,0.3561893105225996,12.54261695131818,39.78756822121247,28.418132704124588,8.0,74.13542534309168,97.63294924187495,81.18468251272665,24.402285,72.23739935601098,Good,1,0,Vehicle_1314,0.0004,0.0%,LOW,124,2480,temperature,-5.8599,Cooling system,Inspect coolant level and radiator,temperature signal is elevated (SHAP=-5.860),31,Low,2026-06-28 20:56:43
93.4819062875364,36.52472772089079,2478.856036207442,0.2491980507375852,11.65508921279501,51.64368704135513,31.643998700120893,4.0,88.03618742492722,67.0,81.72533119744905,18.110687,74.43519871846942,Good,1,0,Vehicle_1315,0.0002,0.0%,LOW,124,2480,temperature,-3.8258,Cooling system,Inspect coolant level and radiator,temperature signal is elevated (SHAP=-3.826),31,Low,2026-06-28 20:56:43
112.54338759595028,35.17890443222483,3358.026691768156,0.2673992886787,12.46270326515228,36.83421218747792,24.470287508845296,0.0,70.0,94.33650968753156,77.30095290625947,99.70013,85.24787368126199,Good,1,0,Vehicle_1316,0.002,0.2%,LOW,124,2480,fault_count,-6.1577,ECU fault logs,Review and clear fault codes,fault_count signal is elevated (SHAP=-6.158),31,Low,2026-06-28 20:56:43
81.95587084486945,29.02967398175252,3107.2297159880286,0.288606330497896,12.180311392576012,64.48538677435491,35.7276786392136,7.0,80.0,82.6878449437605,80.80635348312815,20.351988,71.02138107862899,Good,1,0,Vehicle_1317,0.0003,0.0%,LOW,124,2480,temperature,-5.7967,Cooling system,Inspect coolant level and radiator,temperature signal is elevated (SHAP=-5.797),31,Low,2026-06-28 20:56:43
90.64066554433916,25.980029418730663,3563.898598734745,0.1723081546217774,12.073332266550912,17.874562021088323,45.65178361622452,3.0,98.71866891132166,76.05889170006174,91.92073574794368,17.09106,84.36421978877856,Excellent,0,0,Vehicle_1318,0.0003,0.0%,LOW,124,2480,temperature,-3.7995,Cooling system,Inspect coolant level and radiator,temperature signal is elevated (SHAP=-3.800),31,Low,2026-06-28 20:56:43
62.72416781308846,36.81164838991913,954.7711149013068,0.2656945503485007,12.461921235989864,67.79974065133668,44.32738108474626,9.0,80.0,94.30425098458193,84.29127529537458,20.079834,71.43561537414112,Good,1,0,Vehicle_1319,0.0004,0.0%,LOW,124,2480,temperature,-5.9067,Cooling system,Inspect coolant level and radiator,temperature signal is elevated (SHAP=-5.907),31,Low,2026-06-28 20:56:44
102.85620344940617,34.6433470854592,2702.7183337769607,0.0325076915240176,12.21155599622132,50.78626024605504,50.86189507785164,8.0,60.0,64.04624157943391,61.21387247383017,1.3866603,53.537571800184885,Warning,2,0,Vehicle_1320,0.0146,1.5%,LOW,123,2460,temperature,-6.5957,Cooling system,Inspect coolant level and radiator,temperature signal is elevated (SHAP=-6.596),30,Low,2026-06-28 20:56:44
73.59236727892953,20.362459090227706,3055.7508179177653,0.4275666961319976,12.74771981838754,45.70558262798273,52.27959457954111,1.0,72.94538995211097,75.24937842956022,73.63658649534574,21.666563,77.23182758311948,Warning,2,0,Vehicle_1321,0.0002,0.0%,LOW,124,2480,temperature,-3.7417,Cooling system,Inspect coolant level and radiator,temperature signal is elevated (SHAP=-3.742),31,Low,2026-06-28 20:56:44
76.58868753868381,28.12107636655032,1278.7313146498527,0.0692371712977298,11.625618092954934,17.14030879627157,14.541257697417764,9.0,80.0,67.0,76.1,9.96173,61.06,Good,1,0,Vehicle_1322,0.0005,0.1%,LOW,124,2480,temperature,-6.0687,Cooling system,Inspect coolant level and radiator,temperature signal is elevated (SHAP=-6.069),31,Low,2026-06-28 20:56:44
84.66628307726184,30.99309277210057,1976.0834869520224,0.1244412811611025,12.430004568938394,30.40422656004261,23.06379439070868,9.0,80.0,92.98768846870874,83.89630654061261,19.392086,70.93532161810931,Good,1,0,Vehicle_1323,0.0004,0.0%,LOW,124,2480,temperature,-5.9299,Cooling system,Inspect coolant level and radiator,temperature signal is elevated (SHAP=-5.930),31,Low,2026-06-28 20:56:44
61.55673481990226,34.672978302726186,1827.6118701368648,0.7408057715024521,12.048361110594383,73.97302946266358,16.91808421673447,7.0,60.0,77.2448958120183,65.1734687436055,4.258108,60.55306040856696,Warning,2,0,Vehicle_1324,0.0003,0.0%,LOW,124,2480,temperature,-5.8579,Cooling system,Inspect coolant level and radiator,temperature signal is elevated (SHAP=-5.858),31,Low,2026-06-28 20:56:44
88.43155043393406,35.46060896963863,2517.358536847933,0.22717889607984,12.236145668433725,45.82802003933269,41.3193041038959,2.0,100.0,84.99100882289108,95.49730264686733,17.393625,90.2965833526986,Excellent,0,0,Vehicle_1325,0.0002,0.0%,LOW,124,2480,temperature,-3.8296,Cooling system,Inspect coolant level and radiator,temperature signal is elevated (SHAP=-3.830),31,Low,2026-06-28 20:56:44
99.51199409387516,31.70343600705284,3802.283174955251,0.0473173159190883,12.521850567791695,55.56796931745642,28.069182162008477,6.0,65.97601181224968,96.77633592140752,75.21610904499703,13.975954,72.48493261127972,Good,1,0,Vehicle_1326,0.0002,0.0%,LOW,124,2480,temperature,-3.8219,Cooling system,Inspect coolant level and radiator,temperature signal is elevated (SHAP=-3.822),31,Low,2026-06-28 20:56:44
89.39400735245937,33.51148518815314,4118.07152373192,0.0032755951282145,11.953076854955974,32.409359733693066,30.108196681560703,8.0,77.6385695253616,73.3144202669339,76.34132474783328,10.865909,64.46767890208675,Good,1,0,Vehicle_1327,0.0004,0.0%,LOW,124,2480,temperature,-6.0981,Cooling system,Inspect coolant level and radiator,temperature signal is elevated (SHAP=-6.098),31,Low,2026-06-28 20:56:44
61.166536537319125,30.38482081426892,1848.5699575413744,0.0307829268862504,12.465692855724988,49.41890727549098,32.834025680725446,8.0,80.0,94.4598302986557,84.3379490895967,15.603429,73.49473551348916,Good,1,0,Vehicle_1328,0.0004,0.0%,LOW,124,2480,temperature,-5.9293,Cooling system,Inspect coolant level and radiator,temperature signal is elevated (SHAP=-5.929),31,Low,2026-06-28 20:56:44
83.1428605850551,25.95688987091664,2921.2458003948595,0.0436571128783081,12.315064717916297,22.55695903760041,38.82570688090752,4.0,95.0,88.24641961404717,92.97392588421415,17.233616,85.43363945333793,Excellent,0,0,Vehicle_1329,0.0002,0.0%,LOW,124,2480,temperature,-3.7995,Cooling system,Inspect coolant level and radiator,temperature signal is elevated (SHAP=-3.800),31,Low,2026-06-28 20:56:44
96.13043354469237,28.43241365375248,2947.038281713852,0.1679778063612755,12.135765253929245,51.99764508575775,20.14678951993544,7.0,67.7391329106153,80.85031672458135,71.67248805480511,14.042271,65.17355617779934,Warning,2,0,Vehicle_1330,0.0004,0.0%,LOW,124,2480,temperature,-5.9705,Cooling system,Inspect coolant level and radiator,temperature signal is elevated (SHAP=-5.971),31,Low,2026-06-28 20:56:44
56.830168510511385,30.11394711984065,2810.100617211798,0.1808233673451903,12.211771005595631,57.41281794540409,22.41136537365913,3.0,100.0,83.98555398081986,95.19566619424596,20.411087,87.91451051271154,Excellent,0,0,Vehicle_1331,0.0002,0.0%,LOW,124,2480,temperature,-3.8218,Cooling system,Inspect coolant level and radiator,temperature signal is elevated (SHAP=-3.822),31,Low,2026-06-28 20:56:44
68.87850979273429,29.79192449988846,2819.1837077913874,0.1186118535093426,12.33817924352523,56.41229454370036,35.012962065311065,2.0,100.0,89.19989379541576,96.75996813862471,19.392086,91.895959642258,Excellent,0,0,Vehicle_1332,0.0002,0.0%,LOW,124,2480,temperature,-3.8213,Cooling system,Inspect coolant level and radiator,temperature signal is elevated (SHAP=-3.821),31,Low,2026-06-28 20:56:44
98.1481540612228,18.686562573339177,2742.9940019610626,0.1347357529006715,12.092865394974716,31.928303390196763,46.98745936154467,6.0,48.703691877554405,72.32333571345512,55.78958502832462,1.2731314,55.9384181596858,Critical,3,0,Vehicle_1333,0.0009,0.1%,LOW,124,2480,temperature,-4.3292,Cooling system,Inspect coolant level and radiator,temperature signal is elevated (SHAP=-4.329),31,Low,2026-06-28 20:56:44
89.0514315129593,27.615099990423413,3850.056096645136,0.6888646610958806,12.402837790130246,43.15898031798997,34.74602596748915,4.0,75.0,91.86705884287264,80.06011765286179,21.460415,78.4094823602916,Good,1,0,Vehicle_1334,0.0002,0.0%,LOW,124,2480,temperature,-3.7183,Cooling system,Inspect coolant level and radiator,temperature signal is elevated (SHAP=-3.718),31,Low,2026-06-28 20:56:44
91.17957373190131,30.33723391853491,3381.9732114944463,0.2692996265925876,12.28872935133357,60.74388291963263,27.08340293617968,2.0,97.64085253619736,87.16008574250976,94.49662249809109,19.994253,90.1299906473566,Excellent,0,0,Vehicle_1335,0.0002,0.0%,LOW,124,2480,temperature,-3.818,Cooling system,Inspect coolant level and radiator,temperature signal is elevated (SHAP=-3.818),31,Low,2026-06-28 20:56:44
112.89242211434969,28.311780048565797,1651.8768819213865,0.1647539461004266,12.155486985173216,45.77124809443803,13.517913196623638,6.0,55.0,81.66383813839514,62.999151441518535,2.8883636,62.13225849259016,Warning,2,0,Vehicle_1336,0.0292,2.9%,LOW,121,2420,fault_count,-7.046,ECU fault logs,Review and clear fault codes,fault_count signal is elevated (SHAP=-7.046),30,Low,2026-06-28 20:56:44
92.02829167759305,28.519057226930485,3136.57686470444,0.0798233893490594,13.035936893561194,44.2538923531978,44.52675585060279,3.0,95.94341664481392,100.0,97.16039165136974,16.54427,92.29623499082184,Excellent,0,0,Vehicle_1337,0.0003,0.0%,LOW,124,2480,temperature,-3.8462,Cooling system,Inspect coolant level and radiator,temperature signal is elevated (SHAP=-3.846),31,Low,2026-06-28 20:56:44
94.86832015649767,32.927948224827524,3213.8986996091617,0.0435900242209214,12.566095969024648,88.06935217251113,27.6406835060952,5.0,80.26335968700462,85.28702763762338,81.77046007219025,19.30874,76.11968157083882,Good,1,0,Vehicle_1338,0.0002,0.0%,LOW,124,2480,temperature,-3.828,Cooling system,Inspect coolant level and radiator,temperature signal is elevated (SHAP=-3.828),31,Low,2026-06-28 20:56:44
123.67837025846389,23.5262568777082,2751.9738297214312,0.0424627481252871,12.24691510695082,30.980217622677507,23.525630842482787,3.0,64.10502751083278,85.43524816172129,70.50409370609934,14.500374,73.38950585600386,Warning,2,0,Vehicle_1339,0.002,0.2%,LOW,124,2480,fault_count,-6.1401,ECU fault logs,Review and clear fault codes,fault_count signal is elevated (SHAP=-6.140),31,Low,2026-06-28 20:56:44
81.79293162864263,20.231746716292733,3405.139496402184,0.2568395178843988,12.458344172329884,71.60836936177965,17.84674773541219,8.0,60.92698686517093,94.15669710860772,70.89589993820196,16.587824,65.36887938464272,Warning,2,0,Vehicle_1340,0.0004,0.0%,LOW,124,2480,temperature,-6.0448,Cooling system,Inspect coolant level and radiator,temperature signal is elevated (SHAP=-6.045),31,Low,2026-06-28 20:56:44
73.03175854572257,27.91098125497995,2650.45922743923,0.0210910824700478,11.989271945290596,26.906386729901392,20.608991888580345,8.0,80.0,74.80746774323708,78.44224032297112,16.908228,66.02683774243009,Good,1,0,Vehicle_1341,0.0004,0.0%,LOW,124,2480,temperature,-6.0787,Cooling system,Inspect coolant level and radiator,temperature signal is elevated (SHAP=-6.079),31,Low,2026-06-28 20:56:44
91.416945973707,34.58468643301074,2660.3741768610007,0.2335815903597102,12.225291357288569,63.09562171542829,25.38785779546147,4.0,92.16610805258604,84.54326848815339,89.87925618325623,20.351988,82.83620740758441,Good,1,0,Vehicle_1342,0.0002,0.0%,LOW,124,2480,temperature,-3.8218,Cooling system,Inspect coolant level and radiator,temperature signal is elevated (SHAP=-3.822),31,Low,2026-06-28 20:56:44
91.58486544083344,40.12531823691983,2596.992435741635,0.4754716262023455,12.2719690198247,64.16305116247946,32.61151263805849,7.0,65.13216070484344,86.4687220677689,71.53312911372107,15.646076,66.21362188178642,Warning,2,0,Vehicle_1343,0.0003,0.0%,LOW,124,2480,temperature,-5.8951,Cooling system,Inspect coolant level and radiator,temperature signal is elevated (SHAP=-5.895),31,Low,2026-06-28 20:56:44
77.09926912080688,34.69276943456844,885.404731360265,0.1027643208520355,11.901282436036048,39.79269689885909,22.91258295239343,1.0,100.0,71.17790048648689,91.35337014594606,20.411087,87.04760218486501,Excellent,0,0,Vehicle_1344,0.0002,0.0%,LOW,124,2480,temperature,-3.8197,Cooling system,Inspect coolant level and radiator,temperature signal is elevated (SHAP=-3.820),31,Low,2026-06-28 20:56:44
69.51404470667728,21.19041744078692,2435.6812848753007,0.7408057715024521,12.554941619197768,25.65046294275788,36.85708037547637,9.0,44.76166976314767,98.14134179190796,60.77557137177575,2.1125853,58.09361118144704,Warning,2,0,Vehicle_1345,0.0035,0.4%,LOW,124,2480,temperature,-6.4242,Cooling system,Inspect coolant level and radiator,temperature signal is elevated (SHAP=-6.424),31,Low,2026-06-28 20:56:44
119.64766633135116,28.60579656373937,1965.3995404363436,0.1013102092036318,12.19775491895487,10.591335923931652,32.53552260081898,2.0,70.0,83.40739040688835,74.02221712206651,16.77857,77.09480835461757,Warning,2,0,Vehicle_1346,0.0022,0.2%,LOW,124,2480,fault_count,-6.1542,ECU fault logs,Review and clear fault codes,fault_count signal is elevated (SHAP=-6.154),31,Low,2026-06-28 20:56:44
89.90265205582034,31.539806286489178,1550.8416174459544,0.1232446606631761,12.25781333302104,37.69772982149328,57.21992289184527,8.0,80.0,51.88479998711784,71.56543999613535,5.18229,57.31622399510478,Warning,2,0,Vehicle_1347,0.0004,0.0%,LOW,124,2480,temperature,-6.0142,Cooling system,Inspect coolant level and radiator,temperature signal is elevated (SHAP=-6.014),31,Low,2026-06-28 20:56:44
74.01571927896886,31.065546701541557,3647.214627791618,0.7408057715024521,12.17251205635066,60.52437295904648,17.955568836073382,8.0,60.0,82.36612232446465,66.7098366973394,4.258108,60.49912648329656,Warning,2,0,Vehicle_1348,0.0004,0.0%,LOW,124,2480,temperature,-5.9725,Cooling system,Inspect coolant level and radiator,temperature signal is elevated (SHAP=-5.973),31,Low,2026-06-28 20:56:44
98.73895453419398,33.23582731765725,2903.3660148275662,0.1168465148561575,13.469879606837369,28.44743685800843,36.614794303123816,1.0,82.52209093161204,100.0,87.76546365212843,12.938285,90.65927819127704,Good,1,0,Vehicle_1349,0.0003,0.0%,LOW,124,2480,temperature,-3.8586,Cooling system,Inspect coolant level and radiator,temperature signal is elevated (SHAP=-3.859),31,Low,2026-06-28 20:56:44
83.36282272657998,24.497706321235437,2476.1351352443617,0.1365722188487489,12.134953939930396,51.93897161847456,36.74004989040957,0.0,97.99082528494174,80.81685002212882,92.83863270609784,99.67009,91.86654962808448,Excellent,0,0,Vehicle_1350,0.0002,0.0%,LOW,124,2480,temperature,-3.7995,Cooling system,Inspect coolant level and radiator,temperature signal is elevated (SHAP=-3.800),31,Low,2026-06-28 20:56:44
81.20677830523253,30.38965852530445,2048.157319118059,0.3662164552740183,11.57252921844567,20.47140404178309,24.694425960768516,7.0,75.58556964839877,67.0,73.00989875387914,18.613571,63.20593925232748,Warning,2,0,Vehicle_1351,0.0003,0.0%,LOW,124,2480,temperature,-5.9076,Cooling system,Inspect coolant level and radiator,temperature signal is elevated (SHAP=-5.908),31,Low,2026-06-28 20:56:44
93.4340930787174,32.521936978656775,2736.9356677029923,0.4316714849695918,11.760027211616466,45.32223615792072,35.95252397447461,8.0,64.35371484459242,67.0,65.14760039121468,7.721573,56.48856023472881,Warning,2,0,Vehicle_1352,0.0004,0.0%,LOW,124,2480,temperature,-6.0112,Cooling system,Inspect coolant level and radiator,temperature signal is elevated (SHAP=-6.011),31,Low,2026-06-28 20:56:44
65.62176597652464,34.95402571982196,3293.148874654011,0.3162117509137934,12.703721049078174,27.059121916025383,42.69594366406716,7.0,78.91921660574711,100.0,85.24345162402298,21.355003,77.14607097441379,Good,1,0,Vehicle_1353,0.0004,0.0%,LOW,124,2480,temperature,-5.8148,Cooling system,Inspect coolant level and radiator,temperature signal is elevated (SHAP=-5.815),31,Low,2026-06-28 20:56:44
90.2894080587576,25.16569100032325,1838.4273251624472,0.1980122014056009,12.934581076673252,48.44038996211146,35.964914825578326,0.0,99.42118388248484,100.0,99.59482871773938,99.68686,99.75689723064365,Excellent,0,0,Vehicle_1354,0.0003,0.0%,LOW,124,2480,temperature,-3.8285,Cooling system,Inspect coolant level and radiator,temperature signal is elevated (SHAP=-3.829),31,Low,2026-06-28 20:56:44
113.69432211597628,27.929058796542613,2496.137302178712,0.0535862869518305,12.127281123450858,39.97841060784936,48.844628848198376,6.0,55.0,67.42860825847342,58.72858247754202,1.3866603,56.72287113821989,Critical,3,0,Vehicle_1355,0.0478,4.8%,LOW,119,2380,fault_count,-7.2581,ECU fault logs,Review and clear fault codes,fault_count signal is elevated (SHAP=-7.258),29,Low,2026-06-28 20:56:44
91.99266493295966,13.797891390265011,3194.4531990809382,0.0305896069809574,12.911579867854186,26.192677275248,13.223123819046611,3.0,66.01467013408069,100.0,76.21026909385648,20.138336,79.72616145631389,Good,1,0,Vehicle_1356,0.0003,0.0%,LOW,124,2480,temperature,-3.829,Cooling system,Inspect coolant level and radiator,temperature signal is elevated (SHAP=-3.829),31,Low,2026-06-28 20:56:44
79.35681844324803,26.271228194533357,951.199096732696,0.0066174976967864,12.696635999937016,36.82253044222119,26.577665871972798,9.0,80.0,100.0,86.0,19.392086,73.6,Good,1,0,Vehicle_1357,0.0005,0.1%,LOW,124,2480,temperature,-5.9043,Cooling system,Inspect coolant level and radiator,temperature signal is elevated (SHAP=-5.904),31,Low,2026-06-28 20:56:44
77.39342079357637,26.85351064217374,2453.944190075677,0.2265098266947001,12.324207947605563,31.316862755160138,49.750560472309445,8.0,80.0,72.47167223287744,77.74150166986323,13.122511,65.13923544849342,Good,1,0,Vehicle_1358,0.0004,0.0%,LOW,124,2480,temperature,-6.0775,Cooling system,Inspect coolant level and radiator,temperature signal is elevated (SHAP=-6.077),31,Low,2026-06-28 20:56:44
78.84490039982336,23.882492950995346,2156.566903561969,0.3785742658958551,12.295821486491786,23.721505995251743,44.1202633326385,7.0,70.29168741092435,87.45263631778616,75.43997208298289,21.666563,68.75451051334696,Good,1,0,Vehicle_1359,0.0003,0.0%,LOW,124,2480,temperature,-5.8159,Cooling system,Inspect coolant level and radiator,temperature signal is elevated (SHAP=-5.816),31,Low,2026-06-28 20:56:44
81.19055982928329,30.99367290139591,2392.9361137959727,0.2159719379225399,12.472348090566262,71.65491650578835,40.40511711266288,4.0,95.0,94.73435873585832,94.9203076207575,17.516422,87.89905631962617,Excellent,0,0,Vehicle_1360,0.0002,0.0%,LOW,124,2480,temperature,-3.8183,Cooling system,Inspect coolant level and radiator,temperature signal is elevated (SHAP=-3.818),31,Low,2026-06-28 20:56:44
79.33290200862592,29.66432740772839,2098.697154902477,0.0237496368580373,12.750982328861458,42.79650271098151,47.332154065194594,3.0,100.0,92.07067617833836,97.62120285350152,16.85328,90.9868569477686,Excellent,0,0,Vehicle_1361,0.0003,0.0%,LOW,124,2480,temperature,-3.8394,Cooling system,Inspect coolant level and radiator,temperature signal is elevated (SHAP=-3.839),31,Low,2026-06-28 20:56:44
98.7446716161185,16.44471673453433,2610.0996841658366,0.0581804485780483,12.558917826238009,5.955491018526693,15.8344212129823,8.0,42.51065676776301,98.30536033231787,59.249067837129466,1.7110646,59.21051276874125,Critical,3,0,Vehicle_1362,0.009,0.9%,LOW,123,2460,temperature,-6.5686,Cooling system,Inspect coolant level and radiator,temperature signal is elevated (SHAP=-6.569),30,Low,2026-06-28 20:56:44
59.001863451865255,31.29304781581054,4038.9017763381744,0.1081000228898604,12.129276679280522,37.53438384810629,42.95610662722821,1.0,99.22196447323653,80.58266302032155,93.63017403736202,19.657219,90.29463702648152,Excellent,0,0,Vehicle_1363,0.0002,0.0%,LOW,124,2480,temperature,-3.8255,Cooling system,Inspect coolant level and radiator,temperature signal is elevated (SHAP=-3.825),31,Low,2026-06-28 20:56:44
97.930000756182,24.430055215265835,2240.862020857159,0.0289131376264279,12.330317181189477,68.29423427636529,45.64370162419422,1.0,81.86021934869932,86.68699820180557,83.30825300463118,17.09106,85.32235144313982,Good,1,0,Vehicle_1364,0.0002,0.0%,LOW,124,2480,temperature,-3.7912,Cooling system,Inspect coolant level and radiator,temperature signal is elevated (SHAP=-3.791),31,Low,2026-06-28 20:56:44
79.30470212286158,32.91413375514309,2733.368807275285,0.1302930587756845,13.19250538188877,34.77282733485247,28.41299833824264,0.0,100.0,100.0,100.0,99.67958,100.0,Excellent,0,0,Vehicle_1365,0.0003,0.0%,LOW,124,2480,temperature,-3.8586,Cooling system,Inspect coolant level and radiator,temperature signal is elevated (SHAP=-3.859),31,Low,2026-06-28 20:56:44
90.65421678543058,22.30889251362801,4095.7971347272905,0.2934167305648745,12.500485518918476,79.95487756267258,61.29237117891226,5.0,76.01119378910508,61.8950276553872,71.7763439489897,12.322199,65.44481190047125,Warning,2,0,Vehicle_1366,0.0002,0.0%,LOW,124,2480,temperature,-3.8777,Cooling system,Inspect coolant level and radiator,temperature signal is elevated (SHAP=-3.878),31,Low,2026-06-28 20:56:44
68.09518134698705,30.18003923118564,2059.987537301956,0.5189838711001706,12.747730170753046,32.86675890076822,36.96348964062057,0.0,85.40107525998863,100.0,89.78075268199203,99.74526,93.8684516091952,Good,1,0,Vehicle_1367,0.0002,0.0%,LOW,124,2480,temperature,-3.7718,Cooling system,Inspect coolant level and radiator,temperature signal is elevated (SHAP=-3.772),31,Low,2026-06-28 20:56:44
104.92946600274156,28.30102002668097,3951.740279143175,0.590642162073589,12.615953994899693,60.0681611163291,13.072309574914591,5.0,50.62385586176073,100.0,65.43669910323251,6.823206,69.2620194619395,Warning,2,0,Vehicle_1368,0.0008,0.1%,LOW,124,2480,fault_count,-5.1569,ECU fault logs,Review and clear fault codes,fault_count signal is elevated (SHAP=-5.157),31,Low,2026-06-28 20:56:44
103.68452440257808,31.818611309701986,2504.258405301686,0.5641105939726906,12.509343097599082,70.73277169182023,38.81271997933754,1.0,62.39262706848729,96.26040277596216,72.55295978072975,21.381533,80.78385642363028,Warning,2,0,Vehicle_1369,0.0002,0.0%,LOW,124,2480,temperature,-3.7299,Cooling system,Inspect coolant level and radiator,temperature signal is elevated (SHAP=-3.730),31,Low,2026-06-28 20:56:44
99.39385788625113,30.74818366590808,3925.516980691941,0.0253411459132021,12.443479560006027,59.003879446228666,27.80139970010601,8.0,61.212284227497776,93.54353185024864,70.91165851432302,11.458135,65.25570147864354,Warning,2,0,Vehicle_1370,0.0004,0.0%,LOW,124,2480,temperature,-6.0898,Cooling system,Inspect coolant level and radiator,temperature signal is elevated (SHAP=-6.090),31,Low,2026-06-28 20:56:44
62.27867836309691,28.469014949871276,3100.160899957056,0.7126177019434756,12.758956250129993,22.51012050717939,46.64995273929518,4.0,75.0,94.39016068639638,80.81704820591892,23.994816,79.36826106083063,Good,1,0,Vehicle_1371,0.0002,0.0%,LOW,124,2480,temperature,-3.7445,Cooling system,Inspect coolant level and radiator,temperature signal is elevated (SHAP=-3.744),31,Low,2026-06-28 20:56:44
97.4368160659908,20.782366115734533,2745.686690065937,0.2729318981657627,12.687456894124274,31.150628461568708,40.479440333912976,0.0,68.25583233095654,100.0,77.77908263166958,99.69341,86.66744957900175,Good,1,0,Vehicle_1372,0.0002,0.0%,LOW,124,2480,temperature,-3.8054,Cooling system,Inspect coolant level and radiator,temperature signal is elevated (SHAP=-3.805),31,Low,2026-06-28 20:56:44
91.07282631453565,21.136752219233813,2447.495454490731,0.7408057715024521,12.50555739120462,73.40141980773163,29.02077927723809,6.0,47.40135624786399,96.1042423871906,62.01222208966196,3.6579728,64.4281817312353,Warning,2,0,Vehicle_1373,0.0003,0.0%,LOW,124,2480,temperature,-4.0062,Cooling system,Inspect coolant level and radiator,temperature signal is elevated (SHAP=-4.006),31,Low,2026-06-28 20:56:45
60.920931293011485,26.496678365446687,2000.7668480966315,0.024238318271224,12.122494989780844,33.90777087336045,50.02451918262896,3.0,100.0,63.21955310752141,88.96586593225642,15.210032,80.02343018085813,Good,1,0,Vehicle_1374,0.0002,0.0%,LOW,124,2480,temperature,-3.7938,Cooling system,Inspect coolant level and radiator,temperature signal is elevated (SHAP=-3.794),31,Low,2026-06-28 20:56:45
84.63553924343776,29.95032069642248,2560.633239971482,0.0401972706275576,12.55422352221939,69.5135302780441,44.39451305979311,2.0,100.0,98.11172029154984,99.43351608746497,12.938285,95.28245371078891,Excellent,0,0,Vehicle_1375,0.0002,0.0%,LOW,124,2480,temperature,-3.8261,Cooling system,Inspect coolant level and radiator,temperature signal is elevated (SHAP=-3.826),31,Low,2026-06-28 20:56:45
90.46801733549894,26.350512316805297,3217.88916721602,0.7408057715024521,12.373196825412768,41.39430556370112,26.720800123178982,6.0,64.06396532900212,90.64436904827666,72.03808644478448,18.382597,69.35172567652603,Warning,2,0,Vehicle_1376,0.0002,0.0%,LOW,124,2480,temperature,-3.7252,Cooling system,Inspect coolant level and radiator,temperature signal is elevated (SHAP=-3.725),31,Low,2026-06-28 20:56:45
93.34112910734726,33.75127158347679,2489.510855202664,0.2632544632732864,12.27669763546197,52.828746384383024,33.479549194391524,9.0,73.31774178530549,86.66377746280625,77.32155248855571,11.130482,65.72568698569468,Good,1,0,Vehicle_1377,0.0004,0.0%,LOW,124,2480,temperature,-6.0901,Cooling system,Inspect coolant level and radiator,temperature signal is elevated (SHAP=-6.090),31,Low,2026-06-28 20:56:45
87.65892050423284,28.324674484729897,2246.701755950514,0.350842310396729,13.469879606837369,22.27785445958097,40.169167907640805,9.0,76.61051264021806,100.0,83.62735884815264,16.62497,72.17641530889159,Good,1,0,Vehicle_1378,0.0005,0.1%,LOW,124,2480,temperature,-5.8717,Cooling system,Inspect coolant level and radiator,temperature signal is elevated (SHAP=-5.872),31,Low,2026-06-28 20:56:45
89.36847125271069,24.20992365132294,2299.373972657781,0.4240778900740515,11.78437947691687,37.83464850575004,31.35736737227378,4.0,83.56783526702165,67.0,78.59748468691515,24.303907,72.55849081214909,Good,1,0,Vehicle_1379,0.0002,0.0%,LOW,124,2480,temperature,-3.732,Cooling system,Inspect coolant level and radiator,temperature signal is elevated (SHAP=-3.732),31,Low,2026-06-28 20:56:45
107.10417088379644,28.331422242072545,3293.9812908664426,0.0315944449734981,12.783405143622993,32.493872391205564,31.65600596152745,8.0,60.0,100.0,72.0,2.7745962,67.19999999999999,Warning,2,1,Vehicle_1380,0.9994,99.9%,CRITICAL,5,100,temperature,4.8379,Cooling system,Inspect coolant level and radiator,temperature signal is rapidly deteriorating (SHAP=4.838),1,Immediate,2026-06-28 20:56:45
103.3905086486602,31.355159017899314,3480.1291640798845,0.0707891396510702,12.054931622298469,54.51199301116347,35.36725028264484,2.0,80.0,77.51592941981181,79.25477882594355,17.09106,79.05605317952849,Good,1,0,Vehicle_1381,0.0002,0.0%,LOW,124,2480,temperature,-3.7906,Cooling system,Inspect coolant level and radiator,temperature signal is elevated (SHAP=-3.791),31,Low,2026-06-28 20:56:45
44.51298544453835,31.949308312947508,1966.279588985304,0.0015725891161057,12.452478195737358,51.86395159431765,24.342014159626107,8.0,80.0,93.91472557416604,84.1744176722498,21.156872,73.28759571818308,Good,1,0,Vehicle_1382,0.0004,0.0%,LOW,124,2480,temperature,-5.9299,Cooling system,Inspect coolant level and radiator,temperature signal is elevated (SHAP=-5.930),31,Low,2026-06-28 20:56:45
80.23842167743477,41.27027479195878,1965.1297140420083,0.7408057715024521,13.427435007636074,59.25299792491269,12.67234661423032,9.0,60.0,100.0,72.0,7.4177504,65.19999999999999,Warning,2,0,Vehicle_1383,0.0005,0.1%,LOW,124,2480,temperature,-6.0188,Cooling system,Inspect coolant level and radiator,temperature signal is elevated (SHAP=-6.019),31,Low,2026-06-28 20:56:45
82.53023458684073,25.986543959979485,2803.4871357336897,0.1370239995011469,12.015052402070376,40.18954993814654,37.391348623320376,5.0,90.0,75.870911585403,85.7612734756209,13.831579,76.63094640245313,Good,1,0,Vehicle_1384,0.0002,0.0%,LOW,124,2480,temperature,-3.7995,Cooling system,Inspect coolant level and radiator,temperature signal is elevated (SHAP=-3.800),31,Low,2026-06-28 20:56:45
58.71852140909543,29.5591280304576,3722.025651805804,0.0116268227309101,12.110450938069096,31.395398574108437,15.111000507048145,5.0,90.0,79.80610119535014,86.94183035860503,15.826941,78.12631845423304,Good,1,0,Vehicle_1385,0.0002,0.0%,LOW,124,2480,temperature,-3.826,Cooling system,Inspect coolant level and radiator,temperature signal is elevated (SHAP=-3.826),31,Low,2026-06-28 20:56:45
86.41274587348468,32.55674368091656,3416.792246650048,0.0025344938722328,12.39299450513936,53.65458171088616,25.069612968552796,5.0,90.0,91.46102333699858,90.43830700109956,14.993679,82.55518886805945,Excellent,0,0,Vehicle_1386,0.0002,0.0%,LOW,124,2480,temperature,-3.8218,Cooling system,Inspect coolant level and radiator,temperature signal is elevated (SHAP=-3.822),31,Low,2026-06-28 20:56:45
103.7313665861576,29.859462244795107,1498.5182302560706,0.0692783344936879,12.061113216947456,29.40822193985931,17.284176410514277,0.0,80.0,77.77092019908255,79.33127605972476,99.570755,83.15294967565137,Good,1,0,Vehicle_1387,0.0002,0.0%,LOW,124,2480,temperature,-3.7916,Cooling system,Inspect coolant level and radiator,temperature signal is elevated (SHAP=-3.792),31,Low,2026-06-28 20:56:45
68.70148210614114,26.99629112406808,2288.73922400651,0.0613972846707356,12.75362254037612,71.56845052845176,18.51555552238697,8.0,80.0,100.0,86.0,20.138336,75.6,Good,1,0,Vehicle_1388,0.0005,0.1%,LOW,124,2480,temperature,-5.9035,Cooling system,Inspect coolant level and radiator,temperature signal is elevated (SHAP=-5.904),31,Low,2026-06-28 20:56:45
90.04601408034809,20.704456941934534,1755.5171562483902,0.5648136265622874,12.186188225574682,47.70955226821775,39.26355174119291,7.0,45.07155783622281,82.93026430495563,56.42916977684265,2.24607,56.44355472709671,Critical,3,0,Vehicle_1389,0.004,0.4%,LOW,124,2480,temperature,-6.3022,Cooling system,Inspect coolant level and radiator,temperature signal is elevated (SHAP=-6.302),31,Low,2026-06-28 20:56:45
71.26264784055343,26.934992645681906,2285.989982467793,0.0193945999821835,12.661603856059736,43.47729780590088,32.77691834939927,8.0,80.0,100.0,86.0,19.047188,75.6,Good,1,0,Vehicle_1390,0.0005,0.1%,LOW,124,2480,temperature,-5.9143,Cooling system,Inspect coolant level and radiator,temperature signal is elevated (SHAP=-5.914),31,Low,2026-06-28 20:56:45
74.92131964480485,23.557785523693195,3783.527996828283,0.2517100240734496,11.868324347279971,59.24351245500422,32.415995445318764,1.0,94.23114209477278,69.81837932529886,86.90731326393059,20.351988,84.10806382341812,Good,1,0,Vehicle_1391,0.0002,0.0%,LOW,124,2480,temperature,-3.7831,Cooling system,Inspect coolant level and radiator,temperature signal is elevated (SHAP=-3.783),31,Low,2026-06-28 20:56:45
107.16090451255052,19.640359913257328,1361.9194809735864,0.1122722291714992,11.67726739913831,48.47271001136567,21.840982163759904,8.0,40.0,67.0,48.1,1.2731314,46.26,Critical,3,1,Vehicle_1392,0.9994,99.9%,CRITICAL,5,100,temperature,4.8003,Cooling system,Inspect coolant level and radiator,temperature signal is rapidly deteriorating (SHAP=4.800),1,Immediate,2026-06-28 20:56:45
76.86163269832262,25.225926949976483,1204.907765375848,0.017922211592595,12.30840600841878,16.838965663296072,28.441509111614387,3.0,100.0,87.97174784727467,96.3915243541824,19.392086,89.42926418196437,Excellent,0,0,Vehicle_1393,0.0002,0.0%,LOW,124,2480,temperature,-3.789,Cooling system,Inspect coolant level and radiator,temperature signal is elevated (SHAP=-3.789),31,Low,2026-06-28 20:56:45
91.93318733515936,23.717449675401276,1837.1566772531185,0.0645768482696859,11.772596864784962,28.77140201221133,38.764551592101874,8.0,71.00342403128634,67.0,69.80239682190043,6.8177643,59.28143809314025,Warning,2,0,Vehicle_1394,0.0004,0.0%,LOW,124,2480,temperature,-6.0651,Cooling system,Inspect coolant level and radiator,temperature signal is elevated (SHAP=-6.065),31,Low,2026-06-28 20:56:45
56.93172825908519,33.50271927175769,2729.848482060794,0.5308769633195495,13.00730756510618,71.1541740772923,34.479127346934995,9.0,64.60820244536336,100.0,75.22574171175435,21.16453,67.13544502705261,Good,1,0,Vehicle_1395,0.0005,0.1%,LOW,124,2480,temperature,-6.0418,Cooling system,Inspect coolant level and radiator,temperature signal is elevated (SHAP=-6.042),31,Low,2026-06-28 20:56:45
112.9347634209232,33.60655102448576,2996.603856512605,0.0530032608307939,11.788078603802,51.677686956891655,43.22674061041985,8.0,50.0,67.0,55.1,1.2731314,50.46,Critical,3,1,Vehicle_1396,0.9996,100.0%,CRITICAL,5,100,temperature,4.6855,Cooling system,Inspect coolant level and radiator,temperature signal is rapidly deteriorating (SHAP=4.686),1,Immediate,2026-06-28 20:56:45
94.03978669459748,24.57672426251475,2849.9587478892263,0.1557990980882573,11.98492532493172,16.368643952731176,44.65092012125915,9.0,70.22732366086404,74.62816965343347,71.54757745863486,6.8177643,59.85418040586761,Warning,2,0,Vehicle_1397,0.0005,0.1%,LOW,124,2480,temperature,-6.0651,Cooling system,Inspect coolant level and radiator,temperature signal is elevated (SHAP=-6.065),31,Low,2026-06-28 20:56:45
82.26250236024607,28.438628216621275,3440.548322584813,0.5476474751884564,12.565447954189844,57.04224133430333,32.47780141741789,1.0,83.49016832076958,98.5747281103311,88.01553625763803,23.994816,90.52426737664904,Good,1,0,Vehicle_1398,0.0002,0.0%,LOW,124,2480,temperature,-3.755,Cooling system,Inspect coolant level and radiator,temperature signal is elevated (SHAP=-3.755),31,Low,2026-06-28 20:56:45
93.63319764999842,18.850544027324787,1089.5315246128566,0.1418282263972206,12.165454419975198,38.814823602605024,16.477507140795076,3.0,72.73360470000316,82.07499482397691,75.53602173719527,19.657219,75.73661200711254,Good,1,0,Vehicle_1399,0.0002,0.0%,LOW,124,2480,temperature,-3.7895,Cooling system,Inspect coolant level and radiator,temperature signal is elevated (SHAP=-3.789),31,Low,2026-06-28 20:56:45
63.85270856578285,27.033960298903835,3450.6692306871496,0.7408057715024521,11.79264481205296,32.51000094982436,27.43355100933784,2.0,80.0,67.0,76.1,20.146257,75.06,Good,1,0,Vehicle_1400,0.0002,0.0%,LOW,124,2480,temperature,-3.7225,Cooling system,Inspect coolant level and radiator,temperature signal is elevated (SHAP=-3.723),31,Low,2026-06-28 20:56:45
102.73796112628986,32.393891404214074,2250.323743962967,0.2753655154584885,13.215985664028784,27.10254548732308,34.023107191273084,5.0,70.0,100.0,79.0,17.152506,77.4,Good,1,0,Vehicle_1401,0.0003,0.0%,LOW,124,2480,temperature,-3.8548,Cooling system,Inspect coolant level and radiator,temperature signal is elevated (SHAP=-3.855),31,Low,2026-06-28 20:56:45
80.14022836755355,34.94962733768462,3085.195447843894,0.1490709296219171,11.999346478736172,69.99858942637374,27.235129479958857,9.0,80.0,75.22304224786706,78.56691267436011,13.987106,64.18475605418948,Good,1,0,Vehicle_1402,0.0004,0.0%,LOW,124,2480,temperature,-6.0951,Cooling system,Inspect coolant level and radiator,temperature signal is elevated (SHAP=-6.095),31,Low,2026-06-28 20:56:45
81.93895727427348,25.72171750985212,1441.2596585894364,0.4118579397853675,12.321496877001382,10.690032559892998,24.45375788666247,6.0,77.54280401430883,88.51174617630699,80.83348666290827,23.994816,74.20244123300635,Good,1,0,Vehicle_1403,0.0002,0.0%,LOW,124,2480,temperature,-3.7282,Cooling system,Inspect coolant level and radiator,temperature signal is elevated (SHAP=-3.728),31,Low,2026-06-28 20:56:45
77.62516577551773,36.31112916316512,2503.965357607256,0.1577427573781265,12.316322991957588,33.2493585112102,35.69752284223486,5.0,90.0,88.29832341825049,89.48949702547515,19.047188,81.35336289893519,Good,1,0,Vehicle_1404,0.0002,0.0%,LOW,124,2480,temperature,-3.8296,Cooling system,Inspect coolant level and radiator,temperature signal is elevated (SHAP=-3.830),31,Low,2026-06-28 20:56:45
76.29022895881623,20.90584847091917,2689.016616471211,0.1569092038160211,12.684123660786632,52.40253531822485,59.30303102733281,8.0,63.62339388367669,66.0,64.33637571857368,5.9942245,55.80182543114421,Warning,2,0,Vehicle_1405,0.0005,0.1%,LOW,124,2480,temperature,-6.0274,Cooling system,Inspect coolant level and radiator,temperature signal is elevated (SHAP=-6.027),31,Low,2026-06-28 20:56:45
95.42005917442611,22.514233205137245,3424.6008299987343,0.2045768994661671,12.584940984268425,81.56726137806993,30.118119379636248,1.0,79.21681447169672,96.79283432725715,84.48962042836484,17.516422,88.05233912247034,Good,1,0,Vehicle_1406,0.0003,0.0%,LOW,124,2480,temperature,-3.7979,Cooling system,Inspect coolant level and radiator,temperature signal is elevated (SHAP=-3.798),31,Low,2026-06-28 20:56:45
88.83860275156334,34.25797119382726,1231.7963019137878,0.1035551075579967,12.069279584907598,61.07716392700638,34.971941475082254,6.0,85.0,78.1077828774384,82.93233486323152,17.475641,73.38095749342659,Good,1,0,Vehicle_1407,0.0002,0.0%,LOW,124,2480,temperature,-3.8108,Cooling system,Inspect coolant level and radiator,temperature signal is elevated (SHAP=-3.811),31,Low,2026-06-28 20:56:45
94.7762221210456,40.02672737137948,2524.6020388279235,0.1792526256761788,12.269669113022678,33.07950768934395,21.879641227690115,5.0,80.44755575790879,86.37385091218546,82.22544430419178,19.657219,76.61003676495216,Good,1,0,Vehicle_1408,0.0002,0.0%,LOW,124,2480,temperature,-3.8302,Cooling system,Inspect coolant level and radiator,temperature signal is elevated (SHAP=-3.830),31,Low,2026-06-28 20:56:45
84.86807965771642,32.96059192910217,1631.8117670862855,0.3582839578579304,12.309231026583277,80.5870690821363,47.43401055041514,2.0,96.1144028094713,78.76147998962372,90.90852596351702,21.666563,86.29741157603496,Excellent,0,0,Vehicle_1409,0.0002,0.0%,LOW,124,2480,temperature,-3.7504,Cooling system,Inspect coolant level and radiator,temperature signal is elevated (SHAP=-3.750),31,Low,2026-06-28 20:56:45
92.69799716615772,29.757945680795924,2904.39683536662,0.3374793445459662,12.699583799279424,22.89753200590055,43.74743043351423,6.0,77.10538269795347,100.0,83.97376788856744,21.381533,78.38426073314045,Good,1,0,Vehicle_1410,0.0002,0.0%,LOW,124,2480,temperature,-3.7718,Cooling system,Inspect coolant level and radiator,temperature signal is elevated (SHAP=-3.772),31,Low,2026-06-28 20:56:45
78.71726884112442,16.828897520866747,3121.773229164901,0.0097008909240005,11.93267123405656,55.30672330710309,43.057341394659176,8.0,60.0,72.47268840483308,63.74180652144992,1.3866603,56.73962159383657,Warning,2,0,Vehicle_1411,0.0061,0.6%,LOW,124,2480,temperature,-6.5494,Cooling system,Inspect coolant level and radiator,temperature signal is elevated (SHAP=-6.549),31,Low,2026-06-28 20:56:45
118.44597762114324,17.865317663739123,3529.73619400647,0.1398447918240843,13.207244222702313,59.7556929150443,48.597958113047454,8.0,30.0,87.76694241563865,47.33008272469159,1.2520909,49.951438117942686,Critical,3,1,Vehicle_1412,0.9995,100.0%,CRITICAL,5,100,temperature,4.6773,Cooling system,Inspect coolant level and radiator,temperature signal is rapidly deteriorating (SHAP=4.677),1,Immediate,2026-06-28 20:56:45
61.48104375354252,30.77645722137521,2071.9764365533006,0.0610812648079274,12.096326645016225,32.37768833599118,30.72658645305193,8.0,80.0,79.22347410691918,79.76704223207575,20.411087,67.70492016062929,Good,1,0,Vehicle_1413,0.0004,0.0%,LOW,124,2480,temperature,-6.034,Cooling system,Inspect coolant level and radiator,temperature signal is elevated (SHAP=-6.034),31,Low,2026-06-28 20:56:45
103.91405985344475,27.851623982572956,3241.7811885510323,0.0654437487401545,12.396500241297362,63.95186103776508,31.97582180154378,8.0,60.0,91.6056349535162,69.48169048605486,2.43814,64.01014128233615,Warning,2,0,Vehicle_1414,0.0112,1.1%,LOW,123,2460,temperature,-6.4288,Cooling system,Inspect coolant level and radiator,temperature signal is elevated (SHAP=-6.429),30,Low,2026-06-28 20:56:45
105.51861176081457,23.36498890708729,3588.7212699816428,0.144209318748255,11.936004224122703,39.72219742118081,52.0987853188665,4.0,68.45995562834918,48.4743041609154,62.46426018811904,5.9942245,59.1734169450545,Warning,2,0,Vehicle_1415,0.0033,0.3%,LOW,124,2480,fault_count,-6.118,ECU fault logs,Review and clear fault codes,fault_count signal is elevated (SHAP=-6.118),31,Low,2026-06-28 20:56:45
72.2176179105161,30.393195484980303,1185.4024241156264,0.3093208445437121,11.880736395343751,63.90284855035929,41.32728102944559,0.0,99.37861036375251,70.33037630792978,90.6641401470057,99.72076,88.46455934978937,Excellent,0,0,Vehicle_1416,0.0002,0.0%,LOW,124,2480,temperature,-3.807,Cooling system,Inspect coolant level and radiator,temperature signal is elevated (SHAP=-3.807),31,Low,2026-06-28 20:56:45
118.4391041583396,30.690788205046857,2989.8759360787603,0.0690673210454494,12.050228636368953,13.208090148275822,12.807781786558389,9.0,50.0,77.32193125021922,58.19657937506577,1.3073921,52.382333875083305,Critical,3,1,Vehicle_1417,0.9996,100.0%,CRITICAL,5,100,temperature,4.6862,Cooling system,Inspect coolant level and radiator,temperature signal is rapidly deteriorating (SHAP=4.686),1,Immediate,2026-06-28 20:56:45
99.93235424417978,35.66649521124164,3266.8090030240846,0.0635744907519364,12.011790712934298,56.69952180457749,39.5482097563701,4.0,75.13529151164045,75.73636690853976,75.31561413071023,17.09106,72.3366418601341,Good,1,0,Vehicle_1418,0.0002,0.0%,LOW,124,2480,temperature,-3.8213,Cooling system,Inspect coolant level and radiator,temperature signal is elevated (SHAP=-3.821),31,Low,2026-06-28 20:56:45
99.56708510234368,30.819613698076203,2293.01889089005,0.408831514150855,12.234297190338069,41.7578665461279,29.183019392304036,6.0,58.610395518589,84.91475910144533,66.5017045934459,2.9380739,64.8839745763566,Warning,2,0,Vehicle_1419,0.0005,0.1%,LOW,124,2480,temperature,-4.2303,Cooling system,Inspect coolant level and radiator,temperature signal is elevated (SHAP=-4.230),31,Low,2026-06-28 20:56:45
85.42033280538816,37.37036621000631,1531.381137979913,0.0634642257292296,12.008413988494503,72.99407565935644,43.98171824656657,0.0,100.0,75.59707702539824,92.67912310761947,99.692085,90.72688926965132,Excellent,0,0,Vehicle_1420,0.0002,0.0%,LOW,124,2480,temperature,-3.8104,Cooling system,Inspect coolant level and radiator,temperature signal is elevated (SHAP=-3.810),31,Low,2026-06-28 20:56:45
81.74160762671985,30.04796417729288,3254.364604887731,0.0978055165484681,12.678220968517683,49.12038540458099,39.08190469420174,8.0,80.0,100.0,86.0,17.233616,75.6,Good,1,0,Vehicle_1421,0.0005,0.1%,LOW,124,2480,temperature,-5.9391,Cooling system,Inspect coolant level and radiator,temperature signal is elevated (SHAP=-5.939),31,Low,2026-06-28 20:56:45
81.85886759440588,29.307990031155985,1540.3929379537944,0.0804871187534921,12.08680644187265,74.98459067440238,17.59457235977201,8.0,80.0,78.83076572724678,79.64922971817404,20.411087,67.55569097635379,Good,1,0,Vehicle_1422,0.0004,0.0%,LOW,124,2480,temperature,-6.009,Cooling system,Inspect coolant level and radiator,temperature signal is elevated (SHAP=-6.009),31,Low,2026-06-28 20:56:45
90.85795894479276,36.38587311748309,2357.318852391278,0.0449032495174869,12.042473802619234,60.15225530066104,37.688301704954775,9.0,78.28408211041449,77.0020443580434,77.89947078470317,12.287563,64.14009134243058,Good,1,0,Vehicle_1423,0.0004,0.0%,LOW,124,2480,temperature,-6.094,Cooling system,Inspect coolant level and radiator,temperature signal is elevated (SHAP=-6.094),31,Low,2026-06-28 20:56:45
106.01779412550844,24.129354719751397,2467.9007537573366,0.3786840007773018,12.242812454353093,47.449830819036855,37.10627727251608,1.0,71.27181882718546,85.26601374206507,75.47007730164934,21.666563,80.33524912940263,Good,1,0,Vehicle_1424,0.0014,0.1%,LOW,124,2480,fault_count,-6.0987,ECU fault logs,Review and clear fault codes,fault_count signal is elevated (SHAP=-6.099),31,Low,2026-06-28 20:56:45
87.71971326792129,46.276182227974815,3072.4304413631994,0.7408057715024521,12.79713555147852,65.7533861922859,38.63462486464786,8.0,60.0,100.0,72.0,3.883177,67.19999999999999,Warning,2,0,Vehicle_1425,0.0007,0.1%,LOW,124,2480,temperature,-6.1393,Cooling system,Inspect coolant level and radiator,temperature signal is elevated (SHAP=-6.139),31,Low,2026-06-28 20:56:45
71.32834565294064,32.25154486900041,1998.694752389974,0.0284184591692678,12.48595046944416,65.88116929054243,40.75528851913309,6.0,85.0,95.29545686457163,88.08863705937148,14.993679,79.91227360853722,Good,1,0,Vehicle_1426,0.0002,0.0%,LOW,124,2480,temperature,-3.8261,Cooling system,Inspect coolant level and radiator,temperature signal is elevated (SHAP=-3.826),31,Low,2026-06-28 20:56:45
97.3664059357747,32.28497551702604,1952.333048937716,0.0982778944664397,12.360124188045011,59.43820008982428,49.959659598217314,1.0,85.26718812845061,73.24228012291793,81.65971572679081,13.129557,81.64428546065807,Good,1,0,Vehicle_1427,0.0002,0.0%,LOW,124,2480,temperature,-3.8213,Cooling system,Inspect coolant level and radiator,temperature signal is elevated (SHAP=-3.821),31,Low,2026-06-28 20:56:46
98.81726119592189,33.15057584383558,2579.132383010489,0.0924012734711396,11.826782092012529,4.153972507496334,39.138889896142985,5.0,72.36547760815623,68.10476129551678,71.08726271436439,8.9802265,66.27330988772198,Warning,2,0,Vehicle_1428,0.0002,0.0%,LOW,124,2480,temperature,-4.0026,Cooling system,Inspect coolant level and radiator,temperature signal is elevated (SHAP=-4.003),31,Low,2026-06-28 20:56:46
94.8198929267168,41.262818851989856,3305.112382095799,0.0482236677919346,11.942916616054516,30.348790184712044,35.228984604744646,4.0,85.36021414656642,72.89531041224876,81.62074302627113,13.129557,75.55150789821244,Good,1,0,Vehicle_1429,0.0002,0.0%,LOW,124,2480,temperature,-3.8296,Cooling system,Inspect coolant level and radiator,temperature signal is elevated (SHAP=-3.830),31,Low,2026-06-28 20:56:46
96.18248359787474,34.75504447003564,4329.9600005225175,0.1815245324490703,11.888636023984152,77.68211693011847,46.47967554188224,6.0,66.03583279380018,65.6253391469466,65.9126846997441,6.098384,60.672678649235785,Warning,2,0,Vehicle_1430,0.0003,0.0%,LOW,124,2480,temperature,-3.9808,Cooling system,Inspect coolant level and radiator,temperature signal is elevated (SHAP=-3.981),31,Low,2026-06-28 20:56:46
80.93607804763288,20.369664125976456,1294.0150401769804,0.5650266237422931,12.92274048946894,24.88108289129468,57.42740723589768,0.0,63.810214921086285,66.0,64.46715044476039,99.74421,71.88029026685624,Warning,2,0,Vehicle_1431,0.0002,0.0%,LOW,124,2480,temperature,-3.7384,Cooling system,Inspect coolant level and radiator,temperature signal is elevated (SHAP=-3.738),31,Low,2026-06-28 20:56:46
71.0651624930413,38.42082230860503,2752.2736142292624,0.0131897252025382,12.61222524925266,67.64922300131613,44.15070754168089,5.0,90.0,100.0,93.0,19.392086,85.8,Excellent,0,0,Vehicle_1432,0.0002,0.0%,LOW,124,2480,temperature,-3.831,Cooling system,Inspect coolant level and radiator,temperature signal is elevated (SHAP=-3.831),31,Low,2026-06-28 20:56:46
71.9770985403883,27.954620523329897,1630.7719790125666,0.4980347360915622,12.055351796430324,64.12905313559338,37.0620612680809,6.0,71.79768426056252,77.53326160275078,73.51835746321899,24.303907,67.61766679848155,Warning,2,0,Vehicle_1433,0.0002,0.0%,LOW,124,2480,temperature,-3.8333,Cooling system,Inspect coolant level and radiator,temperature signal is elevated (SHAP=-3.833),31,Low,2026-06-28 20:56:46
60.46805127313213,30.64293043703594,3315.048994565394,0.0988697497307935,12.174251342469738,35.48495276835941,39.32530549768919,7.0,80.0,82.43786787687668,80.731360363063,20.052576,70.92638979321313,Good,1,0,Vehicle_1434,0.0003,0.0%,LOW,124,2480,temperature,-5.8089,Cooling system,Inspect coolant level and radiator,temperature signal is elevated (SHAP=-5.809),31,Low,2026-06-28 20:56:46
88.55422917318924,22.3244761669484,1749.1643621526136,0.5604748806261792,12.069883929505067,10.09536745766551,37.56043759398258,7.0,51.93291262604832,78.13271209208402,59.79285246585903,2.4441957,57.50225389793222,Critical,3,0,Vehicle_1435,0.0022,0.2%,LOW,124,2480,temperature,-6.2911,Cooling system,Inspect coolant level and radiator,temperature signal is elevated (SHAP=-6.291),31,Low,2026-06-28 20:56:46
83.74826825160109,33.15721210874337,1960.2814254541408,0.1157190297619644,12.045655513447716,38.62174804104147,35.18518415273327,6.0,85.0,77.13328992971829,82.63998697891547,19.30874,73.01065017329294,Good,1,0,Vehicle_1436,0.0002,0.0%,LOW,124,2480,temperature,-3.8296,Cooling system,Inspect coolant level and radiator,temperature signal is elevated (SHAP=-3.830),31,Low,2026-06-28 20:56:46
78.40018443205437,26.091754259594687,2028.583312748803,0.0716008094886592,12.584120412486472,91.56030087266022,56.6517083150638,7.0,80.0,46.270470575177626,69.88114117255328,6.6779795,57.1827788185675,Warning,2,0,Vehicle_1437,0.0004,0.0%,LOW,124,2480,temperature,-5.8699,Cooling system,Inspect coolant level and radiator,temperature signal is elevated (SHAP=-5.870),31,Low,2026-06-28 20:56:46
44.51298544453835,30.60101782796084,2439.040849024157,0.0084490686534792,12.284985511686276,32.73445415581291,27.50946625683568,0.0,100.0,87.00565235705882,96.10169570711764,99.703865,95.06214789568234,Excellent,0,0,Vehicle_1438,0.0002,0.0%,LOW,124,2480,temperature,-3.8296,Cooling system,Inspect coolant level and radiator,temperature signal is elevated (SHAP=-3.830),31,Low,2026-06-28 20:56:46
66.29023795458747,28.2954059678353,2758.558077486966,0.0010767954767305,13.232467097718986,34.11485310801459,46.549058282427,7.0,80.0,94.7332018397482,84.41996055192446,19.392086,75.59861669910433,Good,1,0,Vehicle_1439,0.0004,0.0%,LOW,124,2480,temperature,-5.8254,Cooling system,Inspect coolant level and radiator,temperature signal is elevated (SHAP=-5.825),31,Low,2026-06-28 20:56:46
101.8126097710475,41.55007681041511,2886.9611148868107,0.3236292090864687,12.9001439298068,30.048351793803462,33.74143057299426,3.0,78.42471939423542,100.0,84.8973035759648,18.618567,84.93838214557888,Good,1,0,Vehicle_1440,0.0002,0.0%,LOW,124,2480,temperature,-3.8548,Cooling system,Inspect coolant level and radiator,temperature signal is elevated (SHAP=-3.855),31,Low,2026-06-28 20:56:46
75.03060999905304,41.89356180087354,2495.3859630537736,0.5856534558855279,12.92379213618669,74.29568953099039,20.19580829861276,5.0,70.95643627429814,100.0,79.66950539200869,24.863546,77.80170323520521,Good,1,0,Vehicle_1441,0.0002,0.0%,LOW,124,2480,temperature,-3.7875,Cooling system,Inspect coolant level and radiator,temperature signal is elevated (SHAP=-3.788),31,Low,2026-06-28 20:56:46
90.40887516485262,30.27907902128845,1436.087182047535,0.1528129113453692,12.66854278997925,45.14168576749788,33.116822564134935,5.0,89.18224967029477,100.0,92.42757476920632,16.919046,85.4565448615238,Excellent,0,0,Vehicle_1442,0.0003,0.0%,LOW,124,2480,temperature,-3.8314,Cooling system,Inspect coolant level and radiator,temperature signal is elevated (SHAP=-3.831),31,Low,2026-06-28 20:56:46
64.13971855037116,30.38386626821313,3082.228920248152,0.2215603579975381,12.230936371797124,37.48187542101722,29.53224166246085,9.0,80.0,84.77612533663138,81.43283760098942,21.125496,67.81492762791993,Good,1,0,Vehicle_1443,0.0004,0.0%,LOW,124,2480,temperature,-6.034,Cooling system,Inspect coolant level and radiator,temperature signal is elevated (SHAP=-6.034),31,Low,2026-06-28 20:56:46
106.58058223538846,27.75934220190291,2457.6330690695777,0.0056661710780619,12.639116353811836,78.26948034390702,40.77577318417659,3.0,80.0,100.0,86.0,16.85328,85.6,Good,1,0,Vehicle_1444,0.0028,0.3%,LOW,124,2480,fault_count,-6.1371,ECU fault logs,Review and clear fault codes,fault_count signal is elevated (SHAP=-6.137),31,Low,2026-06-28 20:56:46
82.83958509917986,36.63603774901672,3429.387832011759,0.402499658596766,12.260466922188538,61.58988175871073,35.91300222658571,3.0,93.16668942688229,85.9942605402772,91.01496076090076,24.714924,85.8078285645959,Excellent,0,0,Vehicle_1445,0.0002,0.0%,LOW,124,2480,temperature,-3.7598,Cooling system,Inspect coolant level and radiator,temperature signal is elevated (SHAP=-3.760),31,Low,2026-06-28 20:56:46
89.35060594725303,28.026480777999737,1933.8089764160509,0.1665503916780658,13.052110420291346,31.61419516579481,24.779731363520312,7.0,80.0,100.0,86.0,19.392086,77.6,Good,1,0,Vehicle_1446,0.0004,0.0%,LOW,124,2480,temperature,-5.8137,Cooling system,Inspect coolant level and radiator,temperature signal is elevated (SHAP=-5.814),31,Low,2026-06-28 20:56:46
119.88669687822528,27.471976352125804,1218.1802181192045,0.6740366705601558,12.561711753219967,25.528321778764397,49.71007913489716,6.0,35.0,82.40634076167339,49.22190222850202,2.0158052,54.01440948943589,Critical,3,0,Vehicle_1447,0.0211,2.1%,LOW,122,2440,fault_count,-6.9301,ECU fault logs,Review and clear fault codes,fault_count signal is elevated (SHAP=-6.930),30,Low,2026-06-28 20:56:46
107.74660150884104,35.871557181989786,2472.77919785354,0.2423969488026594,12.504944143441206,73.16339929759947,45.90134004475725,3.0,80.0,93.0143897647751,83.90431692943253,17.152506,82.94546811061454,Good,1,0,Vehicle_1448,0.003,0.3%,LOW,124,2480,fault_count,-6.1384,ECU fault logs,Review and clear fault codes,fault_count signal is elevated (SHAP=-6.138),31,Low,2026-06-28 20:56:46
80.40151568069413,26.770205428100105,3536.762150627412,0.1531167323203354,12.450829064971805,50.33576327483432,50.86055532096401,3.0,100.0,73.9208108388093,92.1762432516428,17.09106,84.08990811874753,Excellent,0,0,Vehicle_1449,0.0002,0.0%,LOW,124,2480,temperature,-3.8049,Cooling system,Inspect coolant level and radiator,temperature signal is elevated (SHAP=-3.805),31,Low,2026-06-28 20:56:46
76.10169722694461,29.773469793308816,2628.7537092928405,0.0016715846484029,13.096106570944343,19.018719602877745,37.36964664068116,8.0,80.0,100.0,86.0,19.047188,75.6,Good,1,0,Vehicle_1450,0.0005,0.1%,LOW,124,2480,temperature,-5.9584,Cooling system,Inspect coolant level and radiator,temperature signal is elevated (SHAP=-5.958),31,Low,2026-06-28 20:56:46
80.11682482720703,20.51213531093404,2340.264160661715,0.4864757456398857,11.826499866465284,14.33768626212902,34.642669317193096,8.0,49.61682486774379,68.09311949169299,55.15971325492855,3.0581057,50.71445185129573,Critical,3,0,Vehicle_1451,0.0012,0.1%,LOW,124,2480,temperature,-6.1653,Cooling system,Inspect coolant level and radiator,temperature signal is elevated (SHAP=-6.165),31,Low,2026-06-28 20:56:46
92.64847372714804,34.225142070739004,1803.722385874053,0.2605780051375002,13.135315131067491,27.679225696004828,42.03560482618621,1.0,94.70305254570394,100.0,96.29213678199277,17.470497,95.77528206919564,Excellent,0,0,Vehicle_1452,0.0003,0.0%,LOW,124,2480,temperature,-3.8496,Cooling system,Inspect coolant level and radiator,temperature signal is elevated (SHAP=-3.850),31,Low,2026-06-28 20:56:46
83.42163798623693,41.64520163509121,3906.2131733446577,0.2505067993259718,12.325538477018345,25.2103082379394,29.22524979079098,3.0,100.0,88.67846217700672,96.60353865310202,20.079834,89.69781562726256,Excellent,0,0,Vehicle_1453,0.0002,0.0%,LOW,124,2480,temperature,-3.8216,Cooling system,Inspect coolant level and radiator,temperature signal is elevated (SHAP=-3.822),31,Low,2026-06-28 20:56:46
79.07133782494793,34.32735223679875,1676.3179240921766,0.551090521091365,11.83754040967374,9.078460581971273,36.30059554719836,7.0,63.26063192724233,68.54854189904171,64.84700491878213,10.511684,58.61791133107762,Warning,2,0,Vehicle_1454,0.0003,0.0%,LOW,124,2480,temperature,-5.8833,Cooling system,Inspect coolant level and radiator,temperature signal is elevated (SHAP=-5.883),31,Low,2026-06-28 20:56:46
107.00771876063564,38.77079500528383,1919.684593897408,0.048054027371813,12.09911610734278,28.00986026703008,33.24322100678635,1.0,80.0,79.3385394278896,79.80156182836689,17.09106,81.74864498259805,Good,1,0,Vehicle_1455,0.0028,0.3%,LOW,124,2480,fault_count,-6.1294,ECU fault logs,Review and clear fault codes,fault_count signal is elevated (SHAP=-6.129),31,Low,2026-06-28 20:56:46
83.28685162333245,24.92338718293601,2956.0273568672183,0.4340332304574086,11.739677094910569,31.618388767122926,20.389656828100797,1.0,90.75800003458347,67.0,83.63060002420842,25.600946,81.57836001452505,Good,1,0,Vehicle_1456,0.0002,0.0%,LOW,124,2480,temperature,-3.7346,Cooling system,Inspect coolant level and radiator,temperature signal is elevated (SHAP=-3.735),31,Low,2026-06-28 20:56:46
119.49383639555978,31.417945692169205,1015.1834480905682,0.0230712145620237,12.661462698234256,40.74637423230859,36.27455504839072,1.0,70.0,100.0,79.0,16.85328,85.4,Good,1,0,Vehicle_1457,0.0027,0.3%,LOW,124,2480,fault_count,-6.1623,ECU fault logs,Review and clear fault codes,fault_count signal is elevated (SHAP=-6.162),31,Low,2026-06-28 20:56:46
86.36113845628259,24.341040453783663,3519.672532305072,0.0145968842037269,11.984682819861392,83.85820090255424,30.59033108256698,5.0,87.36416181513465,68.2521348300679,81.63055371961462,19.30874,72.62875919778236,Good,1,0,Vehicle_1458,0.0002,0.0%,LOW,124,2480,temperature,-3.7882,Cooling system,Inspect coolant level and radiator,temperature signal is elevated (SHAP=-3.788),31,Low,2026-06-28 20:56:46
111.77977591337093,28.633406726511943,2999.354491373884,0.5862479636409239,12.46746706648188,44.66313455803452,32.574478359816965,4.0,45.91680242393841,94.53301649237758,60.50166664447016,3.9894402,67.2076032851576,Warning,2,0,Vehicle_1459,0.0064,0.6%,LOW,124,2480,fault_count,-6.6966,ECU fault logs,Review and clear fault codes,fault_count signal is elevated (SHAP=-6.697),31,Low,2026-06-28 20:56:46
90.3597913406594,34.63326886411503,3219.384857448888,0.6716187082911192,12.85368681206634,46.64850324511571,38.637849456499545,3.0,79.2804173186812,100.0,85.49629212307684,16.62497,85.2977752738461,Good,1,0,Vehicle_1460,0.0002,0.0%,LOW,124,2480,temperature,-3.7763,Cooling system,Inspect coolant level and radiator,temperature signal is elevated (SHAP=-3.776),31,Low,2026-06-28 20:56:46
99.44440859874172,30.61092367861979,2946.493609559723,0.0368711936235781,12.131193228573546,60.18510727597885,47.72533133986626,1.0,81.11118280251657,71.39559412311345,78.19650619869563,13.129557,79.19702254384006,Good,1,0,Vehicle_1461,0.0002,0.0%,LOW,124,2480,temperature,-3.8213,Cooling system,Inspect coolant level and radiator,temperature signal is elevated (SHAP=-3.821),31,Low,2026-06-28 20:56:46
74.13083422723413,21.52415386439267,2371.101186034904,0.0740871382707497,12.292758522790244,45.2536385786688,26.512299094520216,6.0,71.09661545757068,87.32628906509757,75.96551753982874,15.826941,71.04456833691675,Good,1,0,Vehicle_1462,0.0002,0.0%,LOW,124,2480,temperature,-3.8,Cooling system,Inspect coolant level and radiator,temperature signal is elevated (SHAP=-3.800),31,Low,2026-06-28 20:56:46
72.19361166118883,22.10982536677348,1649.4810318756618,0.1070611722341803,11.878653356033594,58.00305927773417,31.63441784870643,8.0,68.43930146709391,70.2444509363857,68.98084630788145,6.8597555,59.43739797200601,Warning,2,0,Vehicle_1463,0.0004,0.0%,LOW,124,2480,temperature,-6.0425,Cooling system,Inspect coolant level and radiator,temperature signal is elevated (SHAP=-6.043),31,Low,2026-06-28 20:56:46
91.89558932522482,21.71301641105536,2387.9396470200318,0.4908164501952706,12.24465715641952,55.61229753903466,27.349173036401893,2.0,70.33979031408708,85.34210770230524,74.84048553055253,20.83168,77.97271285879256,Warning,2,0,Vehicle_1464,0.0002,0.0%,LOW,124,2480,temperature,-3.7323,Cooling system,Inspect coolant level and radiator,temperature signal is elevated (SHAP=-3.732),31,Low,2026-06-28 20:56:46
99.82829863697972,32.94871553963754,1719.8109505978923,0.4491867414911513,13.42960945010935,52.45177131198487,26.698194122010086,6.0,55.397619959963805,100.0,68.77833397197466,6.4389825,69.2670003831848,Warning,2,0,Vehicle_1465,0.0002,0.0%,LOW,124,2480,temperature,-3.7862,Cooling system,Inspect coolant level and radiator,temperature signal is elevated (SHAP=-3.786),31,Low,2026-06-28 20:56:46
85.60384753000695,42.383367213940005,2888.924248061107,0.0934121847304443,12.711173265644176,103.20347233180824,29.05431056350228,7.0,80.0,67.0,76.1,14.256514,65.06,Good,1,0,Vehicle_1466,0.0004,0.0%,LOW,124,2480,temperature,-5.9739,Cooling system,Inspect coolant level and radiator,temperature signal is elevated (SHAP=-5.974),31,Low,2026-06-28 20:56:46
65.70409997374455,38.17474946400128,3145.4238644384814,0.3703846916987325,12.294107832442558,68.22251688088704,33.03549717184806,5.0,85.3076872200845,87.38194808825551,85.9299654805358,25.600946,79.03436890597258,Good,1,0,Vehicle_1467,0.0002,0.0%,LOW,124,2480,temperature,-3.7598,Cooling system,Inspect coolant level and radiator,temperature signal is elevated (SHAP=-3.760),31,Low,2026-06-28 20:56:46
64.5961245056601,18.624088805123613,3681.446904958566,0.0092173301215208,12.155324785527316,28.36556030586539,40.85871656877504,5.0,70.0,81.65714740300172,73.49714422090051,19.657219,70.42971601314065,Warning,2,0,Vehicle_1468,0.0002,0.0%,LOW,124,2480,temperature,-3.7953,Cooling system,Inspect coolant level and radiator,temperature signal is elevated (SHAP=-3.795),31,Low,2026-06-28 20:56:46
63.592953967206384,38.5264556284187,2797.4141124422904,0.0670999281096779,12.382946641737426,57.40444372378328,38.20445764784838,1.0,100.0,91.04654897166884,97.31396469150064,19.392086,94.59768860923415,Excellent,0,0,Vehicle_1469,0.0002,0.0%,LOW,124,2480,temperature,-3.8213,Cooling system,Inspect coolant level and radiator,temperature signal is elevated (SHAP=-3.821),31,Low,2026-06-28 20:56:46
58.485668305909286,35.61840250208788,3239.660285276149,0.1811777700666366,12.452020300877455,34.1652638668056,24.431430009167507,9.0,80.0,93.89583741119505,84.16875122335851,20.138336,71.28041821625412,Good,1,0,Vehicle_1470,0.0005,0.1%,LOW,124,2480,temperature,-5.9299,Cooling system,Inspect coolant level and radiator,temperature signal is elevated (SHAP=-5.930),31,Low,2026-06-28 20:56:46
86.64228039170631,20.72820032682745,2262.284210215886,0.160629091370902,12.232372117141695,58.92501528119708,47.94160323917153,9.0,62.91280130730982,74.83389881891179,66.48913056079041,6.098384,56.8602581002566,Warning,2,0,Vehicle_1471,0.0004,0.0%,LOW,124,2480,temperature,-6.0568,Cooling system,Inspect coolant level and radiator,temperature signal is elevated (SHAP=-6.057),31,Low,2026-06-28 20:56:46
101.87565882562038,28.180790299737016,2117.378289593444,0.1366383760271125,12.612023678308452,22.4962516578346,44.44412306477038,7.0,60.0,100.0,72.0,3.5469651,69.19999999999999,Warning,2,0,Vehicle_1472,0.0019,0.2%,LOW,124,2480,temperature,-6.0868,Cooling system,Inspect coolant level and radiator,temperature signal is elevated (SHAP=-6.087),31,Low,2026-06-28 20:56:46
84.79876319612787,36.57313446897486,2878.937512653441,0.0371659464900352,12.018621003975836,27.844411038320423,25.988143493902964,9.0,80.0,76.01811641400323,78.80543492420097,14.256514,64.48688423732122,Good,1,0,Vehicle_1473,0.0004,0.0%,LOW,124,2480,temperature,-6.1034,Cooling system,Inspect coolant level and radiator,temperature signal is elevated (SHAP=-6.103),31,Low,2026-06-28 20:56:46
51.09377863993222,33.30260106560871,2190.821701826473,0.4111207299795886,12.016644930006294,56.87815124980254,47.2411089191956,6.0,77.59195133469409,68.31683303749455,74.80941584553422,20.949203,66.54901611481944,Warning,2,0,Vehicle_1474,0.0002,0.0%,LOW,124,2480,temperature,-3.9158,Cooling system,Inspect coolant level and radiator,temperature signal is elevated (SHAP=-3.916),31,Low,2026-06-28 20:56:46
82.13859309498177,22.145429685672084,2715.348631062126,0.0592312631223157,12.548078182820085,69.9533822719605,38.26938412596276,6.0,73.58171874268834,97.85822504132844,80.86467063228037,17.713797,76.0904473876339,Good,1,0,Vehicle_1475,0.0002,0.0%,LOW,124,2480,temperature,-3.7959,Cooling system,Inspect coolant level and radiator,temperature signal is elevated (SHAP=-3.796),31,Low,2026-06-28 20:56:46
82.55801505051089,33.66445293477717,1651.0462485316632,0.3964743245079139,11.932543298574242,60.05288697506026,33.435446970747535,8.0,73.56837836613907,72.46741106618745,73.23808817615358,18.240112,62.43633511892964,Warning,2,0,Vehicle_1476,0.0004,0.0%,LOW,124,2480,temperature,-6.0012,Cooling system,Inspect coolant level and radiator,temperature signal is elevated (SHAP=-6.001),31,Low,2026-06-28 20:56:46
116.4399812533816,17.174996423516475,1794.697854018959,0.3399333705601378,12.691606901145017,67.08234669070436,38.58080044479312,0.0,47.33777529599081,100.0,63.13644270719357,99.47983,77.88186562431613,Warning,2,0,Vehicle_1477,0.002,0.2%,LOW,124,2480,fault_count,-6.194,ECU fault logs,Review and clear fault codes,fault_count signal is elevated (SHAP=-6.194),31,Low,2026-06-28 20:56:46
63.142931306206656,28.66306694545673,3008.327440814632,0.1248910864682763,12.394287755041226,57.47637117527693,34.74229204374478,2.0,100.0,91.5143698954506,97.45431096863516,20.138336,92.7754605602712,Excellent,0,0,Vehicle_1478,0.0002,0.0%,LOW,124,2480,temperature,-3.8088,Cooling system,Inspect coolant level and radiator,temperature signal is elevated (SHAP=-3.809),31,Low,2026-06-28 20:56:47
79.13983596101207,36.82774061640029,3209.352060324877,0.1785850981238857,11.668836312513116,53.44992198064664,40.45078654481407,2.0,100.0,67.0,90.1,17.961098,83.46,Excellent,0,0,Vehicle_1479,0.0002,0.0%,LOW,124,2480,temperature,-3.8213,Cooling system,Inspect coolant level and radiator,temperature signal is elevated (SHAP=-3.821),31,Low,2026-06-28 20:56:47
110.58779020816846,30.11036529342792,1711.4750648266556,0.1530161147241529,12.44379965022438,39.92613451483126,36.87315523131167,6.0,55.0,93.55673557175568,66.5670206715267,2.5246143,66.65155951726716,Warning,2,0,Vehicle_1480,0.0342,3.4%,LOW,120,2400,fault_count,-7.2231,ECU fault logs,Review and clear fault codes,fault_count signal is elevated (SHAP=-7.223),30,Low,2026-06-28 20:56:47
91.74967512019822,27.006374700228324,3036.4914484051365,0.7408057715024521,11.725941350164405,66.26003617433594,31.62573947727797,2.0,76.50064975960356,67.0,73.65045483172248,21.746206,73.5902728990335,Warning,2,0,Vehicle_1481,0.0002,0.0%,LOW,124,2480,temperature,-3.7202,Cooling system,Inspect coolant level and radiator,temperature signal is elevated (SHAP=-3.720),31,Low,2026-06-28 20:56:47
93.44969610274636,35.3360775226341,2073.8114615717805,0.1410381640749635,12.677344803862264,70.49758465653284,14.741732408386166,3.0,93.10060779450724,100.0,95.17042545615509,19.783419,91.10225527369305,Excellent,0,0,Vehicle_1482,0.0003,0.0%,LOW,124,2480,temperature,-3.8316,Cooling system,Inspect coolant level and radiator,temperature signal is elevated (SHAP=-3.832),31,Low,2026-06-28 20:56:47
86.71876655535817,35.84851089051949,2513.204140960248,0.5823540191735149,12.300514268299764,48.7376861734045,40.27182540631926,4.0,76.17639872176566,87.64621356736521,79.61734317544553,21.291887,77.29964861874036,Good,1,0,Vehicle_1483,0.0002,0.0%,LOW,124,2480,temperature,-3.76,Cooling system,Inspect coolant level and radiator,temperature signal is elevated (SHAP=-3.760),31,Low,2026-06-28 20:56:47
89.94915307985897,37.8602381572017,3633.5555326325175,0.3902938509957548,13.140433686602728,47.66147916442684,31.26344721613266,7.0,73.98040993361634,100.0,81.78628695353143,23.994816,75.07177217211886,Good,1,0,Vehicle_1484,0.0004,0.0%,LOW,124,2480,temperature,-5.7704,Cooling system,Inspect coolant level and radiator,temperature signal is elevated (SHAP=-5.770),31,Low,2026-06-28 20:56:47
96.66414295417805,35.246054570678325,3145.9897872183587,0.2755435933127759,12.828525137749043,81.82811623444474,42.77946609645246,5.0,76.67171409164393,96.9836082131662,82.76528232810061,17.152506,79.0558910394936,Good,1,0,Vehicle_1485,0.0002,0.0%,LOW,124,2480,temperature,-3.8435,Cooling system,Inspect coolant level and radiator,temperature signal is elevated (SHAP=-3.844),31,Low,2026-06-28 20:56:47
72.85770521660851,36.48824876362288,3136.6975904177543,0.0106273064480398,11.97572299750727,49.59156440367554,39.816750622757205,0.0,100.0,74.24857364717491,92.27457209415248,99.68493,90.21445798592649,Excellent,0,0,Vehicle_1486,0.0002,0.0%,LOW,124,2480,temperature,-3.8296,Cooling system,Inspect coolant level and radiator,temperature signal is elevated (SHAP=-3.830),31,Low,2026-06-28 20:56:47
98.170878683623,34.39745134462521,4027.032286765573,0.1315510329612826,11.591704054463433,51.51371740731938,31.523357888439907,6.0,68.11759689744254,67.0,67.78231782820977,10.334224,62.06939069692586,Warning,2,0,Vehicle_1487,0.0002,0.0%,LOW,124,2480,temperature,-3.9984,Cooling system,Inspect coolant level and radiator,temperature signal is elevated (SHAP=-3.998),31,Low,2026-06-28 20:56:47
64.40495474671691,31.59317189469883,1936.896527160162,0.6139962053780637,12.097959497283451,59.6845181550579,45.22988191077335,4.0,75.0,78.50923076631295,76.05276922989388,24.714924,73.33350769119892,Good,1,0,Vehicle_1488,0.0002,0.0%,LOW,124,2480,temperature,-3.7477,Cooling system,Inspect coolant level and radiator,temperature signal is elevated (SHAP=-3.748),31,Low,2026-06-28 20:56:47
89.92551959247307,30.537053998582884,1711.3000200059637,0.3452276354140031,11.911496558867851,48.04387488091693,37.04841661836571,1.0,96.98482430573311,71.59923305329883,89.36914693000283,21.666563,85.94133476866146,Good,1,0,Vehicle_1489,0.0002,0.0%,LOW,124,2480,temperature,-3.7557,Cooling system,Inspect coolant level and radiator,temperature signal is elevated (SHAP=-3.756),31,Low,2026-06-28 20:56:47
87.68111444929491,28.57644168541559,1922.302183817128,0.5298746012718301,13.130295234750838,33.59319354513809,36.63642847378088,6.0,69.675026581878,100.0,78.7725186073146,21.010471,75.26351116438875,Good,1,0,Vehicle_1490,0.0002,0.0%,LOW,124,2480,temperature,-3.7786,Cooling system,Inspect coolant level and radiator,temperature signal is elevated (SHAP=-3.779),31,Low,2026-06-28 20:56:47
75.75560367711839,22.725790241641647,2296.399157274708,0.120416338811195,12.39587413628794,57.55931151047044,33.61889313236858,2.0,90.9031609665666,91.57980812187752,91.10615511315989,19.392086,88.97965469227142,Excellent,0,0,Vehicle_1491,0.0002,0.0%,LOW,124,2480,temperature,-3.7912,Cooling system,Inspect coolant level and radiator,temperature signal is elevated (SHAP=-3.791),31,Low,2026-06-28 20:56:47
84.6597208701153,24.268130947081147,616.3595085664851,0.0047202147486376,12.773367521673268,49.22489979955357,51.83555712239797,4.0,92.0725237883246,76.75910578384689,87.47849838698127,16.77857,79.83892018895814,Good,1,0,Vehicle_1492,0.0003,0.0%,LOW,124,2480,temperature,-3.7987,Cooling system,Inspect coolant level and radiator,temperature signal is elevated (SHAP=-3.799),31,Low,2026-06-28 20:56:47
75.6618977100167,28.307913108388743,2334.0574106425515,0.4746665960656637,12.285987634979763,86.84499512948993,27.867332709043417,9.0,68.35556026228909,75.75274797925694,70.57471657737943,12.3789425,59.495379542279046,Warning,2,0,Vehicle_1493,0.0004,0.0%,LOW,124,2480,temperature,-5.9871,Cooling system,Inspect coolant level and radiator,temperature signal is elevated (SHAP=-5.987),31,Low,2026-06-28 20:56:47
68.92448009707384,31.44871295761457,2064.3434144840703,0.1756884717007938,12.328133004687745,65.76897100584752,31.77325462540945,2.0,100.0,88.7854864433694,96.63564593301082,20.138336,91.73848484848035,Excellent,0,0,Vehicle_1494,0.0002,0.0%,LOW,124,2480,temperature,-3.8213,Cooling system,Inspect coolant level and radiator,temperature signal is elevated (SHAP=-3.821),31,Low,2026-06-28 20:56:47
79.69577887579534,38.64487558802558,3127.007813918239,0.075944377466559,12.386949190996438,38.09035427113997,22.626648549200038,8.0,80.0,91.21165412860306,83.36349623858092,20.138336,72.26042856886916,Good,1,0,Vehicle_1495,0.0004,0.0%,LOW,124,2480,temperature,-5.9299,Cooling system,Inspect coolant level and radiator,temperature signal is elevated (SHAP=-5.930),31,Low,2026-06-28 20:56:47
68.44017046942508,29.74921663274693,2781.935503208032,0.1525925271253988,12.84261572743698,64.58120438380752,42.26731077324506,4.0,95.0,100.0,96.5,19.392086,89.9,Excellent,0,0,Vehicle_1496,0.0003,0.0%,LOW,124,2480,temperature,-3.8503,Cooling system,Inspect coolant level and radiator,temperature signal is elevated (SHAP=-3.850),31,Low,2026-06-28 20:56:47
89.84196196139872,36.020857745265985,2019.4426977845303,0.102131326572219,12.52464990226984,56.1573166946196,29.178509936423264,9.0,80.0,96.89180846863088,85.06754254058927,19.392086,72.41888721807973,Good,1,0,Vehicle_1497,0.0005,0.1%,LOW,124,2480,temperature,-5.9258,Cooling system,Inspect coolant level and radiator,temperature signal is elevated (SHAP=-5.926),31,Low,2026-06-28 20:56:47
67.74871758771455,36.475893938592726,2971.968676290323,0.0591111855968598,11.977066462609336,76.18852603891025,30.299644182736785,8.0,80.0,74.30399158263504,78.29119747479051,16.908228,65.83551680140131,Good,1,0,Vehicle_1498,0.0004,0.0%,LOW,124,2480,temperature,-6.0847,Cooling system,Inspect coolant level and radiator,temperature signal is elevated (SHAP=-6.085),31,Low,2026-06-28 20:56:47
95.67965534486576,28.61131921386725,3078.610447859016,0.1451617587577567,13.049005655234566,39.51091574341921,29.830633678428192,8.0,68.64068931026847,100.0,78.04848251718792,17.233616,70.82908951031274,Good,1,0,Vehicle_1499,0.0005,0.1%,LOW,124,2480,temperature,-5.9459,Cooling system,Inspect coolant level and radiator,temperature signal is elevated (SHAP=-5.946),31,Low,2026-06-28 20:56:47
67.2778139810677,33.568141268221105,1885.1633681668716,0.0489983344282183,12.282873800405476,53.77352296719049,35.62721916062388,2.0,100.0,86.91854426672586,96.07556328001776,19.657219,91.02904682135582,Excellent,0,0,Vehicle_1500,0.0002,0.0%,LOW,124,2480,temperature,-3.8213,Cooling system,Inspect coolant level and radiator,temperature signal is elevated (SHAP=-3.821),31,Low,2026-06-28 20:56:47
76.5055762662849,28.538831749650832,2105.5805956940653,0.7408057715024521,12.21779195044934,48.01812701815015,22.49240415340854,7.0,60.0,84.2339179560353,67.27017538681059,6.5471115,63.20888882329342,Warning,2,0,Vehicle_1501,0.0003,0.0%,LOW,124,2480,temperature,-5.8527,Cooling system,Inspect coolant level and radiator,temperature signal is elevated (SHAP=-5.853),31,Low,2026-06-28 20:56:47
75.63094887677232,37.93281536447086,719.709450321614,0.0409989727593627,11.327699806254133,51.16958846116599,12.567547338977391,3.0,100.0,67.0,90.1,15.826941,81.46,Excellent,0,0,Vehicle_1502,0.0002,0.0%,LOW,124,2480,temperature,-3.8197,Cooling system,Inspect coolant level and radiator,temperature signal is elevated (SHAP=-3.820),31,Low,2026-06-28 20:56:47
104.87720093312258,33.81506002959559,1627.472020504572,0.2239099137911196,12.653759836464536,32.296021019921014,39.57704037392772,9.0,60.0,100.0,72.0,1.9731224,65.19999999999999,Warning,2,0,Vehicle_1503,0.0213,2.1%,LOW,122,2440,temperature,-6.4456,Cooling system,Inspect coolant level and radiator,temperature signal is elevated (SHAP=-6.446),30,Low,2026-06-28 20:56:47
89.95434918424888,22.857097471869867,1906.0243516611367,0.4725301087727915,12.440405055864751,61.51823335826353,13.864422937962896,9.0,59.92638263596004,93.41670855442106,69.97348041149834,6.9651423,62.66742995778322,Warning,2,0,Vehicle_1504,0.0005,0.1%,LOW,124,2480,temperature,-5.9819,Cooling system,Inspect coolant level and radiator,temperature signal is elevated (SHAP=-5.982),31,Low,2026-06-28 20:56:47
81.82399296183408,30.96914791292308,2559.332941284817,0.3517284702005332,12.43997026264076,58.359285516989935,43.54137783977379,6.0,81.55143531996445,93.39877333393142,85.10563672415454,21.010471,77.743136701279,Good,1,0,Vehicle_1505,0.0002,0.0%,LOW,124,2480,temperature,-3.7598,Cooling system,Inspect coolant level and radiator,temperature signal is elevated (SHAP=-3.760),31,Low,2026-06-28 20:56:47
92.48079161604583,39.88867297094328,1743.6938565121477,0.1267234392013548,12.238870131555672,75.7044723384359,50.58527749535148,9.0,75.0384167679083,66.1134494424765,72.36092657027875,8.166957,58.63924583066255,Warning,2,0,Vehicle_1506,0.0004,0.0%,LOW,124,2480,temperature,-6.0794,Cooling system,Inspect coolant level and radiator,temperature signal is elevated (SHAP=-6.079),31,Low,2026-06-28 20:56:47
53.39211479005468,28.912613792719792,2089.238410360713,0.3266629568012512,12.169912863946887,49.79948296026439,33.35776196064967,5.0,88.22246954658326,82.2589056378091,86.433400373951,22.448427,78.31182135193242,Good,1,0,Vehicle_1507,0.0002,0.0%,LOW,124,2480,temperature,-3.8133,Cooling system,Inspect coolant level and radiator,temperature signal is elevated (SHAP=-3.813),31,Low,2026-06-28 20:56:47
84.35299615538639,32.68629018057041,1519.7354547339207,0.1277401201433187,12.252167829267828,41.7632098350373,47.9949294672049,0.0,100.0,75.46916276880124,92.64074883064038,99.692085,90.67828185214448,Excellent,0,0,Vehicle_1508,0.0002,0.0%,LOW,124,2480,temperature,-3.8217,Cooling system,Inspect coolant level and radiator,temperature signal is elevated (SHAP=-3.822),31,Low,2026-06-28 20:56:47
114.96271266707144,33.275273026434874,2636.8911188250163,0.1012701230478159,12.585264348450911,65.78588755888075,34.757435804567805,8.0,50.0,99.39215437360018,64.81764631208006,1.9582272,62.76901866196807,Warning,2,1,Vehicle_1509,0.9996,100.0%,CRITICAL,5,100,temperature,4.6887,Cooling system,Inspect coolant level and radiator,temperature signal is rapidly deteriorating (SHAP=4.689),1,Immediate,2026-06-28 20:56:47
86.9851975960401,23.7802626050124,2840.5716756679262,0.085593238621059,12.65564710921334,34.11591236800632,50.9924115907787,5.0,85.12105042004958,79.62580059135242,83.47247547144043,17.09106,76.00864540113474,Good,1,0,Vehicle_1510,0.0002,0.0%,LOW,124,2480,temperature,-3.8092,Cooling system,Inspect coolant level and radiator,temperature signal is elevated (SHAP=-3.809),31,Low,2026-06-28 20:56:47
86.01869753754004,33.06424769528108,2821.892278735858,0.0422424314517719,12.30758736465016,71.69969070167917,30.43782147886789,0.0,100.0,87.93797879181912,96.38139363754571,99.67958,95.41643194089126,Excellent,0,0,Vehicle_1511,0.0002,0.0%,LOW,124,2480,temperature,-3.8183,Cooling system,Inspect coolant level and radiator,temperature signal is elevated (SHAP=-3.818),31,Low,2026-06-28 20:56:47
93.22192569463294,21.636989087792244,2509.8889055242075,0.1884688924834905,12.779574997726703,71.65683994827405,11.351181905688785,0.0,80.10410496190309,100.0,86.07287347333215,99.67958,91.64372408399927,Good,1,0,Vehicle_1512,0.0003,0.0%,LOW,124,2480,temperature,-3.7984,Cooling system,Inspect coolant level and radiator,temperature signal is elevated (SHAP=-3.798),31,Low,2026-06-28 20:56:47
98.4340786497152,26.246255361591626,1267.1416027988846,0.2352968621455797,12.36841032759301,75.14557802268817,34.20088255893498,7.0,63.13184270056962,90.44692601321164,71.32636769436223,12.141043,66.88520581925967,Warning,2,0,Vehicle_1513,0.0004,0.0%,LOW,124,2480,temperature,-5.9173,Cooling system,Inspect coolant level and radiator,temperature signal is elevated (SHAP=-5.917),31,Low,2026-06-28 20:56:47
55.03799960665211,36.45433780496515,2004.0370688857192,0.1511701741163038,12.198309432750538,57.53245969358987,52.07963193410738,9.0,80.0,59.35951552499458,73.80785465749837,10.098118,58.156615899497936,Warning,2,0,Vehicle_1514,0.0004,0.0%,LOW,124,2480,temperature,-6.0596,Cooling system,Inspect coolant level and radiator,temperature signal is elevated (SHAP=-6.060),31,Low,2026-06-28 20:56:47
59.7651027731346,32.140537741850146,2174.154662145213,0.0673511139995594,12.479366229962944,40.27007234804468,40.34968305940418,6.0,85.0,95.0238569859715,88.00715709579144,20.138336,79.80906565466917,Good,1,0,Vehicle_1515,0.0002,0.0%,LOW,124,2480,temperature,-3.8296,Cooling system,Inspect coolant level and radiator,temperature signal is elevated (SHAP=-3.830),31,Low,2026-06-28 20:56:47
88.1543693662922,28.17313315352084,2177.3637496635,0.0620656280570614,11.856245432602456,52.18375452610725,29.84676771462156,4.0,95.0,69.3201240948513,87.29603722845539,19.657219,78.2416471560435,Good,1,0,Vehicle_1516,0.0002,0.0%,LOW,124,2480,temperature,-3.8172,Cooling system,Inspect coolant level and radiator,temperature signal is elevated (SHAP=-3.817),31,Low,2026-06-28 20:56:47
74.27685157153735,32.67876612747112,2559.984974391869,0.0030852052362078,12.4930873236317,57.60137790158413,38.28901169284732,3.0,100.0,95.58985209980764,98.67695562994228,19.392086,92.3241437979269,Excellent,0,0,Vehicle_1517,0.0002,0.0%,LOW,124,2480,temperature,-3.8261,Cooling system,Inspect coolant level and radiator,temperature signal is elevated (SHAP=-3.826),31,Low,2026-06-28 20:56:47
104.68037893329873,29.63944651346921,3640.433097896815,0.2631311544183697,11.783127157789451,38.79716709624248,44.711248384525526,4.0,75.0,67.0,72.6,17.715132,68.96,Warning,2,0,Vehicle_1518,0.0002,0.0%,LOW,124,2480,temperature,-3.8998,Cooling system,Inspect coolant level and radiator,temperature signal is elevated (SHAP=-3.900),31,Low,2026-06-28 20:56:47
80.27238415172164,30.075471014111,3149.67697014768,0.7255330094797495,11.988909216006494,76.66232577850431,34.14383561085529,3.0,80.0,74.79250516026786,78.43775154808036,19.399792,76.02115196090179,Good,1,0,Vehicle_1519,0.0002,0.0%,LOW,124,2480,temperature,-3.743,Cooling system,Inspect coolant level and radiator,temperature signal is elevated (SHAP=-3.743),31,Low,2026-06-28 20:56:47
55.98203896430323,33.94091116032082,1709.9857761210442,0.3022819051020037,11.59252343731335,61.60168335137086,61.26390085342379,2.0,99.84787299319976,33.0,79.79351109523984,18.207146,70.4761066571439,Good,1,0,Vehicle_1520,0.0002,0.0%,LOW,124,2480,temperature,-3.7856,Cooling system,Inspect coolant level and radiator,temperature signal is elevated (SHAP=-3.786),31,Low,2026-06-28 20:56:47
65.97979124734005,25.635793556045208,3042.7223002373066,0.4533682992427766,12.3299532189314,32.1555408935599,29.825820434805127,1.0,89.77544671714821,88.86057028092029,89.50098378627983,24.863546,89.47270432795196,Good,1,0,Vehicle_1521,0.0002,0.0%,LOW,124,2480,temperature,-3.732,Cooling system,Inspect coolant level and radiator,temperature signal is elevated (SHAP=-3.732),31,Low,2026-06-28 20:56:47
44.51298544453835,30.242018433328145,3012.241894132589,0.0800696855769363,13.043853480923636,87.65747352931554,45.02510722044748,5.0,90.0,87.27980412710794,89.18394123813238,21.067917,80.96632556830102,Good,1,0,Vehicle_1522,0.0003,0.0%,LOW,124,2480,temperature,-3.8473,Cooling system,Inspect coolant level and radiator,temperature signal is elevated (SHAP=-3.847),31,Low,2026-06-28 20:56:47
81.48811694075631,28.126390832360084,1855.146021638748,0.248995554162308,12.353169335567426,51.94778550340354,42.619372364818,2.0,100.0,89.81823509215631,96.94547052764688,17.152506,92.1309293350194,Excellent,0,0,Vehicle_1523,0.0002,0.0%,LOW,124,2480,temperature,-3.8133,Cooling system,Inspect coolant level and radiator,temperature signal is elevated (SHAP=-3.813),31,Low,2026-06-28 20:56:47
82.17423809103425,20.486379752398467,3179.092738108351,0.0026965127056519,12.657434151773252,28.117939143000275,28.001725753019425,1.0,81.94551900959387,100.0,87.3618633067157,19.392086,90.41711798402945,Good,1,0,Vehicle_1524,0.0003,0.0%,LOW,124,2480,temperature,-3.8092,Cooling system,Inspect coolant level and radiator,temperature signal is elevated (SHAP=-3.809),31,Low,2026-06-28 20:56:47
78.63305935327153,24.4772654625042,2371.698691243789,0.2032381094576321,13.340925558924956,33.39491754505452,30.755597326523272,2.0,97.9090618500168,100.0,98.53634329501176,19.701874,95.12180597700704,Excellent,0,0,Vehicle_1525,0.0003,0.0%,LOW,124,2480,temperature,-3.8285,Cooling system,Inspect coolant level and radiator,temperature signal is elevated (SHAP=-3.829),31,Low,2026-06-28 20:56:47
101.18318558544608,39.40923868238299,1372.0372079884442,0.7408057715024521,12.56162233924804,79.7556719433069,45.18098647479365,7.0,40.0,97.80156747968324,57.34047024390497,1.5763402,59.964595642279626,Critical,3,0,Vehicle_1526,0.0038,0.4%,LOW,124,2480,temperature,-6.2819,Cooling system,Inspect coolant level and radiator,temperature signal is elevated (SHAP=-6.282),31,Low,2026-06-28 20:56:47
102.9777975477504,32.3083398875114,2864.1621797097137,0.120852506938086,12.09391518216479,86.49969832433644,36.44787887604241,5.0,70.0,68.39949902914249,69.51984970874275,11.63044,65.39180963107415,Warning,2,0,Vehicle_1527,0.0002,0.0%,LOW,124,2480,temperature,-3.985,Cooling system,Inspect coolant level and radiator,temperature signal is elevated (SHAP=-3.985),31,Low,2026-06-28 20:56:47
82.44417364965832,22.058470191591667,2673.5694588916194,0.1257508040491979,12.148972558905664,70.18970106961837,38.38071726727273,4.0,83.23388076636667,81.39511805485868,82.68225195291427,14.055753,77.8883747827203,Good,1,0,Vehicle_1528,0.0002,0.0%,LOW,124,2480,temperature,-3.7912,Cooling system,Inspect coolant level and radiator,temperature signal is elevated (SHAP=-3.791),31,Low,2026-06-28 20:56:47
52.97959498784716,20.75787374490954,2317.857896651338,0.157998612878064,12.400263283289204,76.38617297174271,18.640326462956427,5.0,73.03149497963815,91.7608604356796,78.65030461645058,19.783419,75.54235485700627,Good,1,0,Vehicle_1529,0.0002,0.0%,LOW,124,2480,temperature,-3.7887,Cooling system,Inspect coolant level and radiator,temperature signal is elevated (SHAP=-3.789),31,Low,2026-06-28 20:56:47
94.25922370738388,29.327016599336496,2470.0375320133603,0.3409005508561674,12.14684214189563,74.33230917597223,41.559986551621016,5.0,78.75484919482108,81.30723835319475,79.52056594233318,21.291887,73.97378723603886,Good,1,0,Vehicle_1530,0.0002,0.0%,LOW,124,2480,temperature,-3.7568,Cooling system,Inspect coolant level and radiator,temperature signal is elevated (SHAP=-3.757),31,Low,2026-06-28 20:56:47
93.33040342762862,39.36711919905889,1924.7316168892305,0.0316114137872317,12.176765200074628,61.13832305528132,37.87296844082568,4.0,88.33919314474275,82.54156450307835,86.59990455224343,17.09106,80.46825563196172,Good,1,0,Vehicle_1531,0.0002,0.0%,LOW,124,2480,temperature,-3.8213,Cooling system,Inspect coolant level and radiator,temperature signal is elevated (SHAP=-3.821),31,Low,2026-06-28 20:56:47
89.64087355235418,28.879451191173885,2988.1044030376875,0.2457140803325791,12.794101563703796,56.58083575621851,34.360899773588464,8.0,80.0,100.0,86.0,17.86177,75.6,Good,1,0,Vehicle_1532,0.0005,0.1%,LOW,124,2480,temperature,-5.9182,Cooling system,Inspect coolant level and radiator,temperature signal is elevated (SHAP=-5.918),31,Low,2026-06-28 20:56:47
99.72219623962174,37.8419973204241,2465.239492392859,0.4412519087990608,12.810462512308884,60.79726388953216,38.608918630590765,7.0,51.138813600819134,100.0,65.79716952057339,3.4970999,65.47830171234403,Warning,2,0,Vehicle_1533,0.0011,0.1%,LOW,124,2480,temperature,-6.0873,Cooling system,Inspect coolant level and radiator,temperature signal is elevated (SHAP=-6.087),31,Low,2026-06-28 20:56:47
67.5275785530844,32.11158462491194,2633.1590751585823,0.1314242059484229,11.741243007180534,64.72030886286589,30.907822928757504,1.0,100.0,67.0,90.1,20.411087,85.46,Excellent,0,0,Vehicle_1534,0.0002,0.0%,LOW,124,2480,temperature,-3.8213,Cooling system,Inspect coolant level and radiator,temperature signal is elevated (SHAP=-3.821),31,Low,2026-06-28 20:56:47
115.13133079277708,32.827502747075364,2785.713539543098,0.1905752689208344,12.072732192839911,35.16803986947204,29.08097496116526,8.0,50.0,78.2502029546464,58.47506088639392,1.2731314,54.73507712276563,Critical,3,1,Vehicle_1535,0.9996,100.0%,CRITICAL,5,100,temperature,4.6855,Cooling system,Inspect coolant level and radiator,temperature signal is rapidly deteriorating (SHAP=4.686),1,Immediate,2026-06-28 20:56:48
70.60858370287198,21.98567694417258,1576.33150845894,0.5579369946184071,12.214398245234642,64.6391745862422,32.581144683608905,1.0,70.74690813546319,84.09392761592899,74.75101397960293,25.600946,79.66939391094756,Warning,2,0,Vehicle_1536,0.0002,0.0%,LOW,124,2480,temperature,-3.7212,Cooling system,Inspect coolant level and radiator,temperature signal is elevated (SHAP=-3.721),31,Low,2026-06-28 20:56:48
96.23834390801282,35.62513753049855,1784.5735824943586,0.2270404860680073,12.639635578466102,79.17233694594034,30.357968216817024,0.0,87.52331218397435,100.0,91.26631852878204,99.6772,94.75979111726924,Excellent,0,0,Vehicle_1537,0.0003,0.0%,LOW,124,2480,temperature,-3.8228,Cooling system,Inspect coolant level and radiator,temperature signal is elevated (SHAP=-3.823),31,Low,2026-06-28 20:56:48
59.68978458379972,27.99040777635836,732.0444323070326,0.030485831360626,12.857230235402264,45.87255143341938,56.805295610432005,4.0,95.0,66.0,86.3,17.475641,76.97999999999999,Good,1,0,Vehicle_1538,0.0003,0.0%,LOW,124,2480,temperature,-3.8119,Cooling system,Inspect coolant level and radiator,temperature signal is elevated (SHAP=-3.812),31,Low,2026-06-28 20:56:48
71.04602969094924,35.17855472166545,2951.793806792325,0.3082975550330106,13.469879606837369,43.73504429356406,44.1187072884359,3.0,99.44682966446597,100.0,99.61278076512616,21.355003,93.7676684590757,Excellent,0,0,Vehicle_1539,0.0002,0.0%,LOW,124,2480,temperature,-3.8548,Cooling system,Inspect coolant level and radiator,temperature signal is elevated (SHAP=-3.855),31,Low,2026-06-28 20:56:48
107.74552970088004,25.114980108083323,1530.231981002587,0.0617567905641648,12.213730681486936,59.53092618477332,25.31531076028299,7.0,60.0,84.06639061133612,67.21991718340084,2.2062302,63.14522843230773,Warning,2,1,Vehicle_1540,0.9987,99.9%,CRITICAL,5,100,temperature,4.7574,Cooling system,Inspect coolant level and radiator,temperature signal is rapidly deteriorating (SHAP=4.757),1,Immediate,2026-06-28 20:56:48
81.08650265498726,31.06229608505948,2606.0557679165217,0.1995685106615822,12.233708514263189,37.00684899183727,55.36296002260842,6.0,85.0,50.89047621335652,74.76714286400696,12.287563,63.03838096107548,Warning,2,0,Vehicle_1541,0.0002,0.0%,LOW,124,2480,temperature,-3.9287,Cooling system,Inspect coolant level and radiator,temperature signal is elevated (SHAP=-3.929),31,Low,2026-06-28 20:56:48
97.59883907699196,32.11201772362579,2796.790579951642,0.2547249512811148,12.635428006255086,23.66362766744988,30.671433885636876,0.0,84.80232184601607,100.0,89.36162529221124,99.70013,93.61697517532674,Good,1,0,Vehicle_1542,0.0002,0.0%,LOW,124,2480,temperature,-3.8355,Cooling system,Inspect coolant level and radiator,temperature signal is elevated (SHAP=-3.836),31,Low,2026-06-28 20:56:48
88.55433083078869,29.0758001005448,2981.882271114016,0.1160636397717844,12.127113312418055,72.95438080210356,35.29455367464285,4.0,95.0,80.49342413724486,90.64802724117344,17.475641,82.48750117215305,Excellent,0,0,Vehicle_1543,0.0002,0.0%,LOW,124,2480,temperature,-3.8183,Cooling system,Inspect coolant level and radiator,temperature signal is elevated (SHAP=-3.818),31,Low,2026-06-28 20:56:48
83.4256276599974,32.42727115851694,1536.7864689311527,0.0695226697227464,12.343615255403794,40.98097479953134,43.9741719493132,7.0,80.0,89.4241292854065,82.82723878562194,16.85328,73.58116912845446,Good,1,0,Vehicle_1544,0.0003,0.0%,LOW,124,2480,temperature,-5.801,Cooling system,Inspect coolant level and radiator,temperature signal is elevated (SHAP=-5.801),31,Low,2026-06-28 20:56:48
105.45775487399035,28.401617548844943,2447.870705487447,0.6172466361715083,12.23398475648658,50.368971574404185,15.300114561023848,7.0,40.0,84.90187120507147,53.47056136152144,2.8069139,55.06271105792716,Critical,3,1,Vehicle_1545,0.9965,99.7%,CRITICAL,5,100,temperature,4.4234,Cooling system,Inspect coolant level and radiator,temperature signal is rapidly deteriorating (SHAP=4.423),1,Immediate,2026-06-28 20:56:48
81.4501176302215,26.10564148175232,3836.224336630199,0.2613986352410776,11.351338431238329,37.79749917983869,32.62974153059031,5.0,90.0,67.0,83.1,20.351988,73.25999999999999,Good,1,0,Vehicle_1546,0.0002,0.0%,LOW,124,2480,temperature,-3.7915,Cooling system,Inspect coolant level and radiator,temperature signal is elevated (SHAP=-3.792),31,Low,2026-06-28 20:56:48
58.28892838654794,39.632900296763786,3871.451743987453,0.1807273486446761,12.449293292060618,75.53509629825999,29.266661490328325,6.0,85.0,93.78334829750052,87.63500448925015,21.156872,79.3376723530502,Good,1,0,Vehicle_1547,0.0002,0.0%,LOW,124,2480,temperature,-3.8141,Cooling system,Inspect coolant level and radiator,temperature signal is elevated (SHAP=-3.814),31,Low,2026-06-28 20:56:48
72.95139862072442,36.29371719816865,3289.8584752215606,0.1022176286621888,12.327055616278884,67.0635231656803,37.05080079544135,5.0,90.0,88.74104417150394,89.62231325145117,19.392086,81.5215967851715,Good,1,0,Vehicle_1548,0.0002,0.0%,LOW,124,2480,temperature,-3.8213,Cooling system,Inspect coolant level and radiator,temperature signal is elevated (SHAP=-3.821),31,Low,2026-06-28 20:56:48
93.2678759305254,25.434811529710935,2769.994511055072,0.5570018854861767,12.90849242010276,45.18520917692599,38.70049683265442,2.0,76.33078910653741,100.0,83.43155237457619,21.381533,86.05893142474571,Good,1,0,Vehicle_1549,0.0002,0.0%,LOW,124,2480,temperature,-3.7589,Cooling system,Inspect coolant level and radiator,temperature signal is elevated (SHAP=-3.759),31,Low,2026-06-28 20:56:48
90.93263659543764,33.41066583356768,1695.914888923698,0.2138095374891574,12.402196163014542,26.40205270474496,34.22740634667649,5.0,88.13472680912474,91.84059172434988,89.24648628369228,17.131138,81.91601011508534,Good,1,0,Vehicle_1550,0.0003,0.0%,LOW,124,2480,temperature,-3.8217,Cooling system,Inspect coolant level and radiator,temperature signal is elevated (SHAP=-3.822),31,Low,2026-06-28 20:56:48
61.494126246468426,25.543926871793083,3074.897300312842,0.7408057715024521,11.898101008674333,43.06140390283599,33.76352701821012,6.0,65.0,71.04666660781614,66.81399998234484,16.191608,62.29773331097013,Warning,2,0,Vehicle_1551,0.0002,0.0%,LOW,124,2480,temperature,-3.8455,Cooling system,Inspect coolant level and radiator,temperature signal is elevated (SHAP=-3.845),31,Low,2026-06-28 20:56:48
74.13486220887698,22.89189213802605,2373.5830170025274,0.1400529013726676,12.296760450808192,61.403053998994274,45.65131372635445,0.0,91.56756855210422,85.27690192623277,89.68036856434279,99.67009,90.86360152385222,Good,1,0,Vehicle_1552,0.0002,0.0%,LOW,124,2480,temperature,-3.7912,Cooling system,Inspect coolant level and radiator,temperature signal is elevated (SHAP=-3.791),31,Low,2026-06-28 20:56:48
76.27417976196631,36.202856648393855,2948.422620218276,0.4327834807850298,11.563566862745349,53.7727140815953,38.01485930334038,6.0,76.14776794766468,67.0,73.40343756336527,20.30341,65.44206253801916,Warning,2,0,Vehicle_1553,0.0002,0.0%,LOW,124,2480,temperature,-3.9158,Cooling system,Inspect coolant level and radiator,temperature signal is elevated (SHAP=-3.916),31,Low,2026-06-28 20:56:48
79.51795608828662,19.775402246115565,1993.7252361183064,0.3602982797549536,11.915632865920143,52.18196088903974,35.41425010051943,2.0,75.9801146830031,71.76985571920588,74.71703699386393,24.714924,75.18419334015954,Warning,2,0,Vehicle_1554,0.0002,0.0%,LOW,124,2480,temperature,-3.732,Cooling system,Inspect coolant level and radiator,temperature signal is elevated (SHAP=-3.732),31,Low,2026-06-28 20:56:48
64.36129617097673,35.561135481459246,2361.653509728057,0.1764691100918325,12.6542023872612,54.23397518939623,36.47870591460139,0.0,100.0,100.0,100.0,99.67241,100.0,Excellent,0,0,Vehicle_1555,0.0003,0.0%,LOW,124,2480,temperature,-3.831,Cooling system,Inspect coolant level and radiator,temperature signal is elevated (SHAP=-3.831),31,Low,2026-06-28 20:56:48
75.57443337820783,28.483666124561648,2631.31788806114,0.2560076312258523,12.301063824018534,65.17592462996319,53.35888997530218,7.0,80.0,59.24865682473712,73.77459704742114,12.763232,62.11448959340011,Warning,2,0,Vehicle_1556,0.0003,0.0%,LOW,124,2480,temperature,-5.9228,Cooling system,Inspect coolant level and radiator,temperature signal is elevated (SHAP=-5.923),31,Low,2026-06-28 20:56:48
74.07084272110708,28.73072038151683,2697.0224731950866,0.6416917176453703,12.769003295799228,49.16281591869912,36.72673976984106,3.0,80.0,100.0,86.0,24.402285,85.6,Good,1,0,Vehicle_1557,0.0002,0.0%,LOW,124,2480,temperature,-3.7445,Cooling system,Inspect coolant level and radiator,temperature signal is elevated (SHAP=-3.744),31,Low,2026-06-28 20:56:48
96.5729988964288,32.45850731773974,2894.9781715681984,0.0545641420900494,11.61324309964878,59.00026900919005,29.855514950342947,4.0,81.85400220714243,67.0,77.3978015449997,17.09106,71.83868092699981,Good,1,0,Vehicle_1558,0.0002,0.0%,LOW,124,2480,temperature,-3.8213,Cooling system,Inspect coolant level and radiator,temperature signal is elevated (SHAP=-3.821),31,Low,2026-06-28 20:56:48
97.13681966485366,33.48719287196551,2036.6440123800803,0.0038259034523753,12.3030154410705,30.261615845098035,15.910009113889409,6.0,70.72636067029268,87.7493869441581,75.8332685524523,19.047188,71.049838520303,Good,1,0,Vehicle_1559,0.0002,0.0%,LOW,124,2480,temperature,-3.8302,Cooling system,Inspect coolant level and radiator,temperature signal is elevated (SHAP=-3.830),31,Low,2026-06-28 20:56:48
82.81284312866777,25.041940939026556,1425.372438311838,0.1441788719488203,12.209795000644888,101.0770155395065,20.660626259650464,5.0,90.0,50.904043776601554,78.27121313298046,16.598415,67.14353663510859,Good,1,0,Vehicle_1560,0.0002,0.0%,LOW,124,2480,temperature,-3.9073,Cooling system,Inspect coolant level and radiator,temperature signal is elevated (SHAP=-3.907),31,Low,2026-06-28 20:56:48
79.11940306193902,34.30635365250038,3799.828031919836,0.041068719385516,12.782339433045284,44.32281361367491,30.32974104920239,6.0,85.0,100.0,89.5,19.047188,81.69999999999999,Good,1,0,Vehicle_1561,0.0003,0.0%,LOW,124,2480,temperature,-3.8352,Cooling system,Inspect coolant level and radiator,temperature signal is elevated (SHAP=-3.835),31,Low,2026-06-28 20:56:48
87.0988646805867,30.68022322815134,4491.403335218686,0.0543801611769774,12.669105107266647,54.071860157679545,33.91623156045852,9.0,70.17193329562627,100.0,79.1203533069384,17.713797,69.47221198416304,Good,1,0,Vehicle_1562,0.0005,0.1%,LOW,124,2480,temperature,-5.9265,Cooling system,Inspect coolant level and radiator,temperature signal is elevated (SHAP=-5.926),31,Low,2026-06-28 20:56:48
72.75137338816637,22.46367124279177,2857.936568961903,0.6541497301586933,12.65690086003532,61.329310495724215,29.44378540389761,6.0,54.85468497116709,100.0,68.39827947981695,12.812752,69.03896768789016,Warning,2,0,Vehicle_1563,0.0002,0.0%,LOW,124,2480,temperature,-3.8076,Cooling system,Inspect coolant level and radiator,temperature signal is elevated (SHAP=-3.808),31,Low,2026-06-28 20:56:48
67.79751876748838,28.980753098521564,1440.8063242159117,0.1344759558153115,13.01656401523364,41.78418975198919,38.5114397704581,0.0,100.0,100.0,100.0,99.67241,100.0,Excellent,0,0,Vehicle_1564,0.0003,0.0%,LOW,124,2480,temperature,-3.8507,Cooling system,Inspect coolant level and radiator,temperature signal is elevated (SHAP=-3.851),31,Low,2026-06-28 20:56:48
70.89668186611425,38.28767409335356,1881.4439065256984,0.0443357299668492,12.252765156285374,50.156495884989255,29.31491955491692,2.0,100.0,85.67656269677168,95.7029688090315,20.052576,90.55709382477325,Excellent,0,0,Vehicle_1565,0.0002,0.0%,LOW,124,2480,temperature,-3.8296,Cooling system,Inspect coolant level and radiator,temperature signal is elevated (SHAP=-3.830),31,Low,2026-06-28 20:56:48
75.47780254042814,40.05956878947418,2907.2940552407754,0.2252788280429617,12.934032334120287,49.9135054931355,25.8551072986457,4.0,95.0,100.0,96.5,20.481514,89.9,Excellent,0,0,Vehicle_1566,0.0003,0.0%,LOW,124,2480,temperature,-3.8592,Cooling system,Inspect coolant level and radiator,temperature signal is elevated (SHAP=-3.859),31,Low,2026-06-28 20:56:48
67.54789300311593,34.30409074565206,3572.8924893450285,0.000597874406296,11.982317539648106,31.71923814853246,41.12643835357413,4.0,95.0,74.52059851048435,88.8561795531453,19.30874,80.21782743398404,Good,1,0,Vehicle_1567,0.0002,0.0%,LOW,124,2480,temperature,-3.8296,Cooling system,Inspect coolant level and radiator,temperature signal is elevated (SHAP=-3.830),31,Low,2026-06-28 20:56:48
87.43089338594312,22.85793907098978,1529.687492366515,0.0729766422847933,11.967648900093725,58.77178851079277,48.69394496878013,3.0,91.43175628395912,61.3561042350136,82.40906066927546,17.09106,75.716657248568,Good,1,0,Vehicle_1568,0.0002,0.0%,LOW,124,2480,temperature,-3.7721,Cooling system,Inspect coolant level and radiator,temperature signal is elevated (SHAP=-3.772),31,Low,2026-06-28 20:56:48
95.94573510675562,32.94364141473533,2400.5337433208792,0.1285884146243786,12.701098628599336,17.01556323482538,23.92832402253452,1.0,88.10852978648876,100.0,91.67597085054211,19.392086,93.00558251032528,Excellent,0,0,Vehicle_1569,0.0003,0.0%,LOW,124,2480,temperature,-3.8399,Cooling system,Inspect coolant level and radiator,temperature signal is elevated (SHAP=-3.840),31,Low,2026-06-28 20:56:48
61.19352548802637,35.10516542315516,2656.7456515551758,0.2635448958636691,11.79810370463648,85.05416884833228,37.43715863707812,1.0,100.0,58.660621400251735,87.59818642007552,21.125496,82.29103613209566,Good,1,0,Vehicle_1570,0.0002,0.0%,LOW,124,2480,temperature,-3.8034,Cooling system,Inspect coolant level and radiator,temperature signal is elevated (SHAP=-3.803),31,Low,2026-06-28 20:56:48
85.3769306682405,34.35424789991233,3191.6627610287,0.5520551005396861,12.629106251367585,65.85941769956786,15.94995341846182,1.0,83.1963266306876,100.0,88.2374286414813,25.280869,90.94245718488878,Good,1,0,Vehicle_1571,0.0002,0.0%,LOW,124,2480,temperature,-3.7701,Cooling system,Inspect coolant level and radiator,temperature signal is elevated (SHAP=-3.770),31,Low,2026-06-28 20:56:48
81.70096307100496,34.70972573212751,2225.1191244796964,0.0052373516092364,12.44052527748853,62.78244715306753,20.254618692728407,9.0,80.0,93.4216676964019,84.02650030892056,20.138336,71.10023372463272,Good,1,0,Vehicle_1572,0.0004,0.0%,LOW,124,2480,temperature,-5.9215,Cooling system,Inspect coolant level and radiator,temperature signal is elevated (SHAP=-5.921),31,Low,2026-06-28 20:56:48
90.12263028305205,32.17957847548519,1248.9482469424604,0.1422801273850912,12.82874109146195,15.267157751335162,29.112341720228272,3.0,99.7547394338959,100.0,99.82831760372711,19.392086,93.89699056223628,Excellent,0,0,Vehicle_1573,0.0003,0.0%,LOW,124,2480,temperature,-3.8482,Cooling system,Inspect coolant level and radiator,temperature signal is elevated (SHAP=-3.848),31,Low,2026-06-28 20:56:48
84.80591847844617,29.56552596701674,2996.958047562322,0.0414322167930975,12.376222414018043,34.14942653413959,46.34910432377193,9.0,80.0,86.18221987741978,81.85466596322593,17.09106,68.34924355341951,Good,1,0,Vehicle_1574,0.0004,0.0%,LOW,124,2480,temperature,-6.034,Cooling system,Inspect coolant level and radiator,temperature signal is elevated (SHAP=-6.034),31,Low,2026-06-28 20:56:48
63.19601080102554,26.34979502457589,3399.8367721369905,0.3164983577741647,12.42241957851821,77.78690241610107,27.212939702945253,3.0,98.90010948172235,92.6748076138762,97.0325189213685,22.15603,90.75447287559636,Excellent,0,0,Vehicle_1575,0.0002,0.0%,LOW,124,2480,temperature,-3.7903,Cooling system,Inspect coolant level and radiator,temperature signal is elevated (SHAP=-3.790),31,Low,2026-06-28 20:56:48
66.06416051714251,18.612386888991026,2433.926830603872,0.1898855438946079,12.603705997169962,103.20347233180824,26.838995252344507,3.0,80.0,67.0,76.1,20.411087,73.06,Good,1,0,Vehicle_1576,0.0002,0.0%,LOW,124,2480,temperature,-3.7984,Cooling system,Inspect coolant level and radiator,temperature signal is elevated (SHAP=-3.798),31,Low,2026-06-28 20:56:48
85.4413536337746,32.0378506002801,2824.1920730451448,0.0958233008549785,12.13494017997609,73.89384930114062,35.3608728189445,4.0,95.0,80.81628242401368,90.7448847272041,17.961098,82.6101873211252,Excellent,0,0,Vehicle_1577,0.0002,0.0%,LOW,124,2480,temperature,-3.8183,Cooling system,Inspect coolant level and radiator,temperature signal is elevated (SHAP=-3.818),31,Low,2026-06-28 20:56:48
100.43171379618263,31.116317061913133,2120.407016458344,0.042768822363396,12.117517477003911,70.73886820501902,35.370836111498505,9.0,60.0,80.09759592641133,66.0292787779234,1.4119565,57.6370864520363,Warning,2,0,Vehicle_1578,0.0142,1.4%,LOW,123,2460,temperature,-6.5773,Cooling system,Inspect coolant level and radiator,temperature signal is elevated (SHAP=-6.577),30,Low,2026-06-28 20:56:48
51.78718943435496,33.3454550569489,1823.3817642192848,0.2613902483935625,12.589771775937368,60.49948456228376,27.148685272453303,5.0,90.0,99.57808575741646,92.87342572722493,21.131474,85.63967258781825,Excellent,0,0,Vehicle_1579,0.0002,0.0%,LOW,124,2480,temperature,-3.8277,Cooling system,Inspect coolant level and radiator,temperature signal is elevated (SHAP=-3.828),31,Low,2026-06-28 20:56:48
90.1858986970237,21.97473784024264,3321.140544437775,0.1197428720415589,12.388284876347743,33.05005608579659,54.86221567263239,0.0,87.52715396692314,57.73521786239437,78.5895731355645,99.692085,78.70078745381758,Good,1,0,Vehicle_1580,0.0002,0.0%,LOW,124,2480,temperature,-3.7756,Cooling system,Inspect coolant level and radiator,temperature signal is elevated (SHAP=-3.776),31,Low,2026-06-28 20:56:48
102.84433007931464,33.87010013589036,2809.996678251569,0.3394259249180843,12.237074433078288,69.9034816640066,32.34636626884627,2.0,77.37160500546105,85.02932036447936,79.66891961316654,21.666563,80.80721584079579,Good,1,0,Vehicle_1581,0.0002,0.0%,LOW,124,2480,temperature,-3.7598,Cooling system,Inspect coolant level and radiator,temperature signal is elevated (SHAP=-3.760),31,Low,2026-06-28 20:56:48
82.70461185690681,42.32727056772466,2892.294879521506,0.1975814409456298,12.366886360120931,27.97585325806142,36.1358498241808,9.0,80.0,90.38406235498849,83.11521870649655,19.392086,69.94594369489563,Good,1,0,Vehicle_1582,0.0005,0.1%,LOW,124,2480,temperature,-5.9293,Cooling system,Inspect coolant level and radiator,temperature signal is elevated (SHAP=-5.929),31,Low,2026-06-28 20:56:48
93.2530374403966,30.470700784667468,3701.69211839569,0.1028808837490225,13.037823803135332,25.788296697202927,30.98220462289558,1.0,93.49392511920678,100.0,95.44574758344474,17.233616,95.26744855006685,Excellent,0,0,Vehicle_1583,0.0003,0.0%,LOW,124,2480,temperature,-3.8545,Cooling system,Inspect coolant level and radiator,temperature signal is elevated (SHAP=-3.854),31,Low,2026-06-28 20:56:48
74.45396378653297,29.63000808476076,1656.1261325451414,0.501709294377859,12.222792637304044,24.5294134912302,39.3997156215118,8.0,66.55271370814273,84.44019628879175,71.91895848233744,17.513138,64.03941434716081,Warning,2,0,Vehicle_1584,0.0004,0.0%,LOW,124,2480,temperature,-6.0035,Cooling system,Inspect coolant level and radiator,temperature signal is elevated (SHAP=-6.003),31,Low,2026-06-28 20:56:48
83.20950701084685,31.85401413651421,2058.3789854724623,0.2589179780658572,12.211192154687192,69.51445293003187,47.34957559704117,9.0,80.0,75.97311935090674,78.79193580527202,12.763232,64.46978535334456,Good,1,0,Vehicle_1585,0.0004,0.0%,LOW,124,2480,temperature,-6.0901,Cooling system,Inspect coolant level and radiator,temperature signal is elevated (SHAP=-6.090),31,Low,2026-06-28 20:56:48
60.68629722537773,42.19402214826203,2626.346679067756,0.3418351735278718,11.717022310135002,48.85171890144996,51.63663696954573,2.0,97.21098843147522,44.43543430354453,81.378322193096,25.889896,73.71408017656651,Good,1,0,Vehicle_1586,0.0002,0.0%,LOW,124,2480,temperature,-3.751,Cooling system,Inspect coolant level and radiator,temperature signal is elevated (SHAP=-3.751),31,Low,2026-06-28 20:56:48
49.83485037371689,23.858113429800653,2048.5494097910064,0.1848642826837602,12.383058824737155,52.01716199808761,27.3773432473612,5.0,85.43245371920261,91.05117652040764,87.11807055956412,20.138336,80.48107763982,Good,1,0,Vehicle_1587,0.0002,0.0%,LOW,124,2480,temperature,-3.7995,Cooling system,Inspect coolant level and radiator,temperature signal is elevated (SHAP=-3.800),31,Low,2026-06-28 20:56:48
99.14148701837912,31.21924160036343,3126.5092282179603,0.2283531777108709,12.662753404496158,49.69192125898631,46.00795176301212,5.0,71.71702596324175,96.57296400575878,79.17380737599686,17.470497,76.81887722674988,Good,1,0,Vehicle_1588,0.0003,0.0%,LOW,124,2480,temperature,-3.8394,Cooling system,Inspect coolant level and radiator,temperature signal is elevated (SHAP=-3.839),31,Low,2026-06-28 20:56:48
70.22507608413338,25.202055466214134,2350.0806232768127,0.2214030413686571,12.734479246272349,27.485669176035504,40.49680819551018,7.0,80.0,100.0,86.0,20.079834,77.6,Good,1,0,Vehicle_1589,0.0004,0.0%,LOW,124,2480,temperature,-5.7885,Cooling system,Inspect coolant level and radiator,temperature signal is elevated (SHAP=-5.788),31,Low,2026-06-28 20:56:48
78.16708232494854,26.71797167493003,1705.9737540022484,0.1327127420230609,12.443287040652214,36.58538187965192,44.745366094600776,7.0,80.0,93.53559042690382,84.06067712807115,16.85328,75.14352436222346,Good,1,0,Vehicle_1590,0.0003,0.0%,LOW,124,2480,temperature,-5.7762,Cooling system,Inspect coolant level and radiator,temperature signal is elevated (SHAP=-5.776),31,Low,2026-06-28 20:56:48
64.2033662009471,29.702458152708363,2552.617340150129,0.088980022476243,12.782333429232354,37.59147587493095,34.081207273072025,0.0,100.0,100.0,100.0,99.67958,100.0,Excellent,0,0,Vehicle_1591,0.0003,0.0%,LOW,124,2480,temperature,-3.8394,Cooling system,Inspect coolant level and radiator,temperature signal is elevated (SHAP=-3.839),31,Low,2026-06-28 20:56:48
63.85045445374186,38.08393944968135,2636.2710166454303,0.5204960901304935,12.692492160752098,21.894571055492783,33.1295922671782,3.0,85.3002606579671,100.0,89.71018246057696,25.280869,87.82610947634618,Good,1,0,Vehicle_1592,0.0002,0.0%,LOW,124,2480,temperature,-3.7718,Cooling system,Inspect coolant level and radiator,temperature signal is elevated (SHAP=-3.772),31,Low,2026-06-28 20:56:49
82.39243449858076,40.80594360413242,3247.745650317064,0.097255925976431,12.845180091876903,39.915798093992976,44.35714645713993,9.0,80.0,100.0,86.0,16.85328,73.6,Good,1,0,Vehicle_1593,0.0005,0.1%,LOW,124,2480,temperature,-5.9584,Cooling system,Inspect coolant level and radiator,temperature signal is elevated (SHAP=-5.958),31,Low,2026-06-28 20:56:49
74.0563420879653,32.68885286776024,2814.5127225179394,0.0319128243648393,12.793721062191024,28.373870872075223,44.54692506056287,3.0,100.0,100.0,100.0,17.713797,94.0,Excellent,0,0,Vehicle_1594,0.0003,0.0%,LOW,124,2480,temperature,-3.8394,Cooling system,Inspect coolant level and radiator,temperature signal is elevated (SHAP=-3.839),31,Low,2026-06-28 20:56:49
90.66956496992049,27.740431661859088,2868.9171130878685,0.1290304558041342,13.0279912784429,61.55351257733985,50.65720563861886,2.0,98.66087006015906,80.76550082869588,93.2922592907201,17.09106,88.12845574017123,Excellent,0,0,Vehicle_1595,0.0002,0.0%,LOW,124,2480,temperature,-3.8256,Cooling system,Inspect coolant level and radiator,temperature signal is elevated (SHAP=-3.826),31,Low,2026-06-28 20:56:49
91.78807628469389,44.95643319983111,2756.23334720578,0.25142704551418,12.3321227333735,63.21942127933649,36.985475554504895,6.0,81.42384743061226,88.9500627516569,83.68171202692565,17.470497,75.99903976648677,Good,1,0,Vehicle_1596,0.0002,0.0%,LOW,124,2480,temperature,-3.8175,Cooling system,Inspect coolant level and radiator,temperature signal is elevated (SHAP=-3.817),31,Low,2026-06-28 20:56:49
89.81274469486911,27.43467311202288,2349.421982966456,0.4240083159787118,11.869176783055398,24.127217547202203,33.93085372365243,1.0,91.73277893475256,69.85354230103513,85.16900794463731,22.126616,83.07211322698942,Good,1,0,Vehicle_1597,0.0002,0.0%,LOW,124,2480,temperature,-3.7373,Cooling system,Inspect coolant level and radiator,temperature signal is elevated (SHAP=-3.737),31,Low,2026-06-28 20:56:49
88.57901186392665,26.57318451384157,1927.024707910988,0.1998479714557285,12.66548749747417,44.06736471503999,10.401464200057958,1.0,100.0,100.0,100.0,20.138336,98.0,Excellent,0,0,Vehicle_1598,0.0003,0.0%,LOW,124,2480,temperature,-3.8151,Cooling system,Inspect coolant level and radiator,temperature signal is elevated (SHAP=-3.815),31,Low,2026-06-28 20:56:49
108.6665230739783,19.35034173252764,2731.070681327501,0.3469367823799262,12.71222127572911,87.12119762633407,18.887394620046656,7.0,36.87088117467159,88.2500239165488,52.284623997234746,1.7748237,55.02077918165061,Critical,3,1,Vehicle_1599,0.999,99.9%,CRITICAL,5,100,temperature,4.7241,Cooling system,Inspect coolant level and radiator,temperature signal is rapidly deteriorating (SHAP=4.724),1,Immediate,2026-06-28 20:56:49
68.98609346432671,38.37654941546846,2233.5001872930875,0.5376730630490975,13.027998157352457,30.384742046434138,31.05748394816607,1.0,84.15512913006017,100.0,88.90859039104211,25.280869,91.34515423462526,Good,1,0,Vehicle_1600,0.0002,0.0%,LOW,124,2480,temperature,-3.7911,Cooling system,Inspect coolant level and radiator,temperature signal is elevated (SHAP=-3.791),31,Low,2026-06-28 20:56:49
84.17597700695623,35.809473554227765,3851.858096352812,0.4164771604175359,12.912516142467885,58.53275635590131,23.98941068753785,8.0,72.23485597216427,100.0,80.56439918051498,24.402285,72.33863950830899,Good,1,0,Vehicle_1601,0.0005,0.1%,LOW,124,2480,temperature,-5.8803,Cooling system,Inspect coolant level and radiator,temperature signal is elevated (SHAP=-5.880),31,Low,2026-06-28 20:56:49
101.99034730779384,44.50683321669867,3573.745835818575,0.0978986467731935,13.178188982345826,52.11043868005769,43.14130565433246,2.0,80.0,100.0,86.0,16.85328,87.6,Good,1,0,Vehicle_1602,0.0003,0.0%,LOW,124,2480,temperature,-3.8586,Cooling system,Inspect coolant level and radiator,temperature signal is elevated (SHAP=-3.859),31,Low,2026-06-28 20:56:49
103.96809714007054,21.662859886691244,3006.2713058812865,0.4568816658135837,12.647941592130614,71.85775115681814,21.899790384210466,1.0,56.19266182585939,100.0,69.33486327810158,6.6425266,79.60091796686095,Warning,2,0,Vehicle_1603,0.0002,0.0%,LOW,124,2480,temperature,-3.7083,Cooling system,Inspect coolant level and radiator,temperature signal is elevated (SHAP=-3.708),31,Low,2026-06-28 20:56:49
63.67354525983141,38.749024844874654,2802.7735514343885,0.4372849718700863,12.49152423677545,55.90933682714813,29.98695671649712,7.0,70.84766854199424,95.52537476698735,78.25098040949217,25.280869,72.05566319909278,Good,1,0,Vehicle_1604,0.0003,0.0%,LOW,124,2480,temperature,-5.7438,Cooling system,Inspect coolant level and radiator,temperature signal is elevated (SHAP=-5.744),31,Low,2026-06-28 20:56:49
80.31466837516196,30.420813110196764,2429.6327592150583,0.0762120484123158,11.846006751469702,41.374090441525,30.379735068615112,1.0,100.0,68.89777849812516,90.66933354943755,19.657219,86.18115582928756,Excellent,0,0,Vehicle_1605,0.0002,0.0%,LOW,124,2480,temperature,-3.8296,Cooling system,Inspect coolant level and radiator,temperature signal is elevated (SHAP=-3.830),31,Low,2026-06-28 20:56:49
105.3718164380089,34.836601300800815,1491.101014922292,0.0636513919361544,12.523238613805631,51.3352824294577,47.04743083399446,3.0,80.0,89.87232798390122,82.96169839517036,16.85328,81.75148463388246,Good,1,0,Vehicle_1606,0.0022,0.2%,LOW,124,2480,fault_count,-6.1384,ECU fault logs,Review and clear fault codes,fault_count signal is elevated (SHAP=-6.138),31,Low,2026-06-28 20:56:49
92.62118657798598,20.113337153373173,2327.062221342428,0.5427071894109237,12.178998657251473,51.62739887907472,28.91761250980356,3.0,59.03049616345916,82.63369461162324,66.11145569790838,7.6667366,70.19361234106968,Warning,2,0,Vehicle_1607,0.0002,0.0%,LOW,124,2480,temperature,-3.732,Cooling system,Inspect coolant level and radiator,temperature signal is elevated (SHAP=-3.732),31,Low,2026-06-28 20:56:49
87.92894547219659,38.80849093599178,2581.120026724205,0.2660661381758805,12.484604005372988,48.16609635434352,39.52412118047988,5.0,90.0,95.23991522163578,91.57197456649072,17.470497,83.99116778422159,Excellent,0,0,Vehicle_1608,0.0002,0.0%,LOW,124,2480,temperature,-3.8258,Cooling system,Inspect coolant level and radiator,temperature signal is elevated (SHAP=-3.826),31,Low,2026-06-28 20:56:49
81.73472959848014,34.71910050799098,2683.5651795557296,0.166627477039594,12.421805274523862,23.617770893519648,36.95706127522717,4.0,95.0,92.64946757410932,94.2948402722328,19.392086,87.10679767816154,Excellent,0,0,Vehicle_1609,0.0002,0.0%,LOW,124,2480,temperature,-3.8296,Cooling system,Inspect coolant level and radiator,temperature signal is elevated (SHAP=-3.830),31,Low,2026-06-28 20:56:49
79.24298611438383,29.766539791282696,2875.6290936126607,0.4313137064628907,12.588693435540057,74.86177215195784,44.0328848544728,1.0,91.24575290247397,99.53360421602729,93.73210829653992,21.381533,94.1459858211294,Excellent,0,0,Vehicle_1610,0.0002,0.0%,LOW,124,2480,temperature,-3.7665,Cooling system,Inspect coolant level and radiator,temperature signal is elevated (SHAP=-3.767),31,Low,2026-06-28 20:56:49
89.32328594635486,33.870676125966725,3237.064158302148,0.0105142083640709,12.361067716184596,71.32867175728649,43.5021505211648,2.0,100.0,90.1440432926146,97.0432129877844,16.85328,92.25473645119357,Excellent,0,0,Vehicle_1611,0.0002,0.0%,LOW,124,2480,temperature,-3.8183,Cooling system,Inspect coolant level and radiator,temperature signal is elevated (SHAP=-3.818),31,Low,2026-06-28 20:56:49
81.21438812523274,25.407028193746505,1946.2767426457065,0.030504299634105,12.774008076293034,29.11621946260285,34.66559887130456,1.0,100.0,100.0,100.0,19.392086,98.0,Excellent,0,0,Vehicle_1612,0.0003,0.0%,LOW,124,2480,temperature,-3.8092,Cooling system,Inspect coolant level and radiator,temperature signal is elevated (SHAP=-3.809),31,Low,2026-06-28 20:56:49
84.36132068433334,26.523359486509804,1953.5395142327911,0.3958061482800271,11.327699806254133,43.98548735632493,18.0370548739282,0.0,93.6129234479982,67.0,85.62904641359873,99.74951,84.77742784815923,Good,1,0,Vehicle_1613,0.0002,0.0%,LOW,124,2480,temperature,-3.74,Cooling system,Inspect coolant level and radiator,temperature signal is elevated (SHAP=-3.740),31,Low,2026-06-28 20:56:49
86.17898059172556,27.219332318247623,3660.685343794527,0.2509183612173586,12.475997430063138,45.49828661291568,32.68259113354371,6.0,85.0,94.88489399010447,87.96546819703133,20.079834,79.7562597162397,Good,1,0,Vehicle_1614,0.0002,0.0%,LOW,124,2480,temperature,-3.7969,Cooling system,Inspect coolant level and radiator,temperature signal is elevated (SHAP=-3.797),31,Low,2026-06-28 20:56:49
74.82892707259751,18.88363282985833,3116.785271354519,0.0103486715187285,12.880995911661024,26.869623990008357,34.80044355467847,4.0,75.0,100.0,82.5,19.392086,81.5,Good,1,0,Vehicle_1615,0.0003,0.0%,LOW,124,2480,temperature,-3.8285,Cooling system,Inspect coolant level and radiator,temperature signal is elevated (SHAP=-3.829),31,Low,2026-06-28 20:56:49
92.98194060822158,35.1705509652202,2187.3832462933437,0.0145219967208614,13.148019403382486,12.664074644754656,37.86009233152778,1.0,94.03611878355684,100.0,95.8252831484898,16.85328,95.49516988909387,Excellent,0,0,Vehicle_1616,0.0003,0.0%,LOW,124,2480,temperature,-3.8586,Cooling system,Inspect coolant level and radiator,temperature signal is elevated (SHAP=-3.859),31,Low,2026-06-28 20:56:49
123.67837025846389,37.1495616850954,2414.2310648382104,0.2123297171118641,12.692784535354026,36.58814696175328,27.6244485477919,3.0,70.0,100.0,79.0,17.131138,81.4,Good,1,0,Vehicle_1617,0.003,0.3%,LOW,124,2480,fault_count,-6.1577,ECU fault logs,Review and clear fault codes,fault_count signal is elevated (SHAP=-6.158),31,Low,2026-06-28 20:56:49
58.34520041010887,25.79193510141695,2417.828842660081,0.0824607506493059,13.073953209033016,42.871953194976165,46.40901118408613,6.0,85.0,95.20936197410715,88.06280859223213,19.392086,79.87955755016071,Good,1,0,Vehicle_1618,0.0003,0.0%,LOW,124,2480,temperature,-3.8285,Cooling system,Inspect coolant level and radiator,temperature signal is elevated (SHAP=-3.829),31,Low,2026-06-28 20:56:49
89.8601878628497,32.08921809566891,2525.2592978251064,0.1134144372078891,12.467574398303498,21.175333332719617,35.136194183149925,2.0,100.0,94.5374439300193,98.36123317900578,16.85328,93.92422869340731,Excellent,0,0,Vehicle_1619,0.0002,0.0%,LOW,124,2480,temperature,-3.8296,Cooling system,Inspect coolant level and radiator,temperature signal is elevated (SHAP=-3.830),31,Low,2026-06-28 20:56:49
73.59714867071642,28.406757152224586,2878.1464737908905,0.4407246787893257,12.401145030370824,53.539555281709575,25.795026521878743,4.0,85.61835474737829,91.79723250279656,87.47201807400377,25.280869,82.84265734496157,Good,1,0,Vehicle_1620,0.0002,0.0%,LOW,124,2480,temperature,-3.75,Cooling system,Inspect coolant level and radiator,temperature signal is elevated (SHAP=-3.750),31,Low,2026-06-28 20:56:49
93.66103866278876,31.969643772486183,4527.994196879865,0.3014970130871643,12.611766257291102,73.2571260663268,30.4177216125832,7.0,62.01823786434757,100.0,73.4127665050433,18.69223,70.04765990302597,Warning,2,0,Vehicle_1621,0.0003,0.0%,LOW,124,2480,temperature,-5.7992,Cooling system,Inspect coolant level and radiator,temperature signal is elevated (SHAP=-5.799),31,Low,2026-06-28 20:56:49
85.69836209991792,26.234536552733825,2651.805248930122,0.2547666065072484,12.398722286843574,66.84232292330536,54.2854265396683,6.0,85.0,60.12684409742521,77.53805322922756,14.59012,66.54820075702158,Good,1,0,Vehicle_1622,0.0002,0.0%,LOW,124,2480,temperature,-3.8918,Cooling system,Inspect coolant level and radiator,temperature signal is elevated (SHAP=-3.892),31,Low,2026-06-28 20:56:49
96.42782161063695,24.699449063474184,3030.0785203402006,0.3119382866445353,12.087057012793055,47.46628693682563,41.643778929464986,7.0,65.14626725632047,78.84110177771359,69.2547176127384,11.511219,63.32105092318576,Warning,2,0,Vehicle_1623,0.0003,0.0%,LOW,124,2480,temperature,-5.9478,Cooling system,Inspect coolant level and radiator,temperature signal is elevated (SHAP=-5.948),31,Low,2026-06-28 20:56:49
102.6325986476317,36.312449316142455,1150.818635047886,0.1536394711838047,12.19390390234724,13.191766069576062,45.48456555564404,3.0,80.0,81.60101308263395,80.48030392479018,17.09106,78.6083849714009,Good,1,0,Vehicle_1624,0.0002,0.0%,LOW,124,2480,temperature,-3.8191,Cooling system,Inspect coolant level and radiator,temperature signal is elevated (SHAP=-3.819),31,Low,2026-06-28 20:56:49
87.88631676652273,29.616776489253045,2112.080005776932,0.154951100332281,11.955138837569535,64.31404681318095,24.58413030286586,4.0,95.0,73.39947704974338,88.51984311492302,19.657219,79.79180127890248,Good,1,0,Vehicle_1625,0.0002,0.0%,LOW,124,2480,temperature,-3.8218,Cooling system,Inspect coolant level and radiator,temperature signal is elevated (SHAP=-3.822),31,Low,2026-06-28 20:56:49
101.98078432621269,42.13265370512086,3483.052002173284,0.488495329921527,12.611350837946098,52.92784338129116,28.11170307816199,8.0,47.43364467189819,100.0,63.20355127032873,3.5109758,61.922130762197234,Warning,2,0,Vehicle_1626,0.0018,0.2%,LOW,124,2480,temperature,-6.2011,Cooling system,Inspect coolant level and radiator,temperature signal is elevated (SHAP=-6.201),31,Low,2026-06-28 20:56:49
49.83553159316984,30.27785978876484,2821.8523130852927,0.0109979010601611,12.404556725000193,58.487022184360406,28.18577694118755,8.0,80.0,91.93796490625787,83.58138947187736,20.138336,72.53642666437798,Good,1,0,Vehicle_1627,0.0004,0.0%,LOW,124,2480,temperature,-5.921,Cooling system,Inspect coolant level and radiator,temperature signal is elevated (SHAP=-5.921),31,Low,2026-06-28 20:56:49
108.85678446874034,24.44353175789705,500.0,0.280441938062742,12.25588555329676,88.72205600605028,36.84393737588622,0.0,77.7741270315882,71.4138866635084,75.86605492116425,99.70513,79.80241028540024,Good,1,0,Vehicle_1628,0.002,0.2%,LOW,124,2480,fault_count,-6.1451,ECU fault logs,Review and clear fault codes,fault_count signal is elevated (SHAP=-6.145),31,Low,2026-06-28 20:56:49
90.62593227838512,37.36164525861563,3039.218561852957,0.0399043846573168,12.173326497265084,33.50376740938693,33.25998168914441,8.0,78.74813544322978,82.39971801218469,79.84361021391625,17.475641,68.38610973078669,Good,1,0,Vehicle_1629,0.0004,0.0%,LOW,124,2480,temperature,-6.034,Cooling system,Inspect coolant level and radiator,temperature signal is elevated (SHAP=-6.034),31,Low,2026-06-28 20:56:49
101.16765033617772,33.78480098487612,4034.531515703016,0.2672369380233434,12.60202253847985,0.0,30.105055887429792,8.0,59.309369685939686,100.0,71.51655878015778,2.880019,66.90993526809467,Warning,2,0,Vehicle_1630,0.0058,0.6%,LOW,124,2480,temperature,-6.5281,Cooling system,Inspect coolant level and radiator,temperature signal is elevated (SHAP=-6.528),31,Low,2026-06-28 20:56:49
66.70186382737717,34.36123718217854,903.2739311041656,0.0205846485749299,12.712179272244027,28.93090844380486,31.359304074965458,9.0,80.0,100.0,86.0,20.138336,73.6,Good,1,0,Vehicle_1631,0.0006,0.1%,LOW,124,2480,temperature,-5.9286,Cooling system,Inspect coolant level and radiator,temperature signal is elevated (SHAP=-5.929),31,Low,2026-06-28 20:56:49
72.53845177591997,37.14360407320751,3715.5101405164096,0.7408057715024521,11.947794401397926,59.720901365356426,27.059648133249304,2.0,80.0,73.09651905766444,77.92895571729933,20.448488,77.37667724191249,Good,1,0,Vehicle_1632,0.0002,0.0%,LOW,124,2480,temperature,-3.7434,Cooling system,Inspect coolant level and radiator,temperature signal is elevated (SHAP=-3.743),31,Low,2026-06-28 20:56:49
87.1890744121716,26.083222236925234,500.0,0.4137186090660683,11.884926132089753,50.53851803496081,33.2016071309859,5.0,82.41875939559544,70.50320294870227,78.84409246152748,19.399792,71.40709606665695,Good,1,0,Vehicle_1633,0.0002,0.0%,LOW,124,2480,temperature,-3.723,Cooling system,Inspect coolant level and radiator,temperature signal is elevated (SHAP=-3.723),31,Low,2026-06-28 20:56:49
84.74443165993806,29.23648014608828,3250.3991560427307,0.0381991977597223,12.781803982248409,25.687277408026365,46.13215583833748,0.0,100.0,96.15067014965258,98.84520104489576,99.573395,98.537254656868,Excellent,0,0,Vehicle_1634,0.0003,0.0%,LOW,124,2480,temperature,-3.8394,Cooling system,Inspect coolant level and radiator,temperature signal is elevated (SHAP=-3.839),31,Low,2026-06-28 20:56:49
89.24602882014985,28.97130101107324,2493.081099190208,0.2130650044177783,11.849946704604562,21.60565233647139,19.86860648450246,1.0,100.0,69.06030156493817,90.71809046948144,15.465832,86.2429145946765,Excellent,0,0,Vehicle_1635,0.0002,0.0%,LOW,124,2480,temperature,-3.8177,Cooling system,Inspect coolant level and radiator,temperature signal is elevated (SHAP=-3.818),31,Low,2026-06-28 20:56:49
101.26772741394949,22.255520778506288,620.0230278043068,0.7408057715024521,12.618994733528996,42.90781968365209,38.4647943363523,5.0,39.02208311402515,100.0,57.3154581798176,2.4163246,64.38927490789055,Critical,3,0,Vehicle_1636,0.0006,0.1%,LOW,124,2480,temperature,-4.1735,Cooling system,Inspect coolant level and radiator,temperature signal is elevated (SHAP=-4.173),31,Low,2026-06-28 20:56:49
58.52169527045726,28.41845909905054,2856.9102617918293,0.100992769190741,13.046763679501606,25.07810660236389,48.80092694879623,2.0,100.0,87.07684837409282,96.12305451222784,19.30874,91.08920238215526,Excellent,0,0,Vehicle_1637,0.0003,0.0%,LOW,124,2480,temperature,-3.8462,Cooling system,Inspect coolant level and radiator,temperature signal is elevated (SHAP=-3.846),31,Low,2026-06-28 20:56:49
99.60728607575965,38.01827674726094,3420.671799321647,0.2972218980731341,13.047693921357254,60.41266836509051,33.16812901434433,2.0,80.78542784848074,100.0,86.54979949393652,17.957193,87.92987969636191,Good,1,0,Vehicle_1638,0.0002,0.0%,LOW,124,2480,temperature,-3.8465,Cooling system,Inspect coolant level and radiator,temperature signal is elevated (SHAP=-3.846),31,Low,2026-06-28 20:56:49
85.1242286493689,31.42402862276308,2791.1096030572585,0.7408057715024521,12.695149036252838,41.77146222747462,29.71123970854104,2.0,80.0,100.0,86.0,19.137293,87.6,Good,1,0,Vehicle_1639,0.0002,0.0%,LOW,124,2480,temperature,-3.757,Cooling system,Inspect coolant level and radiator,temperature signal is elevated (SHAP=-3.757),31,Low,2026-06-28 20:56:49
81.94327208313179,21.923632032930072,2967.8621096476904,0.3072688701367423,12.683523806128848,37.45764231336577,44.24231485950589,4.0,82.2099367892708,100.0,87.54695575248955,14.595694,84.52817345149373,Good,1,0,Vehicle_1640,0.0002,0.0%,LOW,124,2480,temperature,-3.8054,Cooling system,Inspect coolant level and radiator,temperature signal is elevated (SHAP=-3.805),31,Low,2026-06-28 20:56:49
62.93327148422664,20.66496353001039,2170.659110128751,0.0742019495595514,13.300762980078582,34.83447194153987,25.157781231311564,1.0,82.65985412004156,100.0,87.86189788402908,19.783419,90.71713873041745,Good,1,0,Vehicle_1641,0.0003,0.0%,LOW,124,2480,temperature,-3.829,Cooling system,Inspect coolant level and radiator,temperature signal is elevated (SHAP=-3.829),31,Low,2026-06-28 20:56:49
92.54573002565296,39.98865635248963,1010.8881958231824,0.3417462036896843,11.466241734842493,55.26245453161189,34.77308470061269,8.0,72.1254597027151,67.0,70.58782179190057,8.760321,59.752693075140336,Warning,2,0,Vehicle_1642,0.0004,0.0%,LOW,124,2480,temperature,-5.9933,Cooling system,Inspect coolant level and radiator,temperature signal is elevated (SHAP=-5.993),31,Low,2026-06-28 20:56:49
48.78838223453444,29.45808593846922,3053.491217869652,0.242510970597636,12.214265729567746,50.85218447520072,24.601558996142728,6.0,85.0,84.08846134466951,84.72653840340084,20.757711,75.6536153109744,Good,1,0,Vehicle_1643,0.0002,0.0%,LOW,124,2480,temperature,-3.8302,Cooling system,Inspect coolant level and radiator,temperature signal is elevated (SHAP=-3.830),31,Low,2026-06-28 20:56:49
94.7259101685807,26.115538765790298,3899.803135557037,0.0309609649505118,12.73939673963064,54.03914539725188,16.2989902997572,7.0,70.5481796628386,100.0,79.38372576398703,19.392086,73.6302354583922,Good,1,0,Vehicle_1644,0.0004,0.0%,LOW,124,2480,temperature,-5.7765,Cooling system,Inspect coolant level and radiator,temperature signal is elevated (SHAP=-5.777),31,Low,2026-06-28 20:56:50
62.61841246790512,28.35604941061798,3403.6646833819677,0.0928200187958685,12.265085196863218,53.60258887611623,33.480157352052046,9.0,80.0,86.18476437060775,81.85542931118232,20.411087,68.35021046083094,Good,1,0,Vehicle_1645,0.0004,0.0%,LOW,124,2480,temperature,-6.0132,Cooling system,Inspect coolant level and radiator,temperature signal is elevated (SHAP=-6.013),31,Low,2026-06-28 20:56:50
85.80186868926211,21.136153474096005,909.6993363189232,0.0193211549612497,12.895911323442814,48.55608926806587,22.366049367330163,6.0,69.54461389638402,100.0,78.6812297274688,19.392086,75.20873783648128,Good,1,0,Vehicle_1646,0.0003,0.0%,LOW,124,2480,temperature,-3.8185,Cooling system,Inspect coolant level and radiator,temperature signal is elevated (SHAP=-3.818),31,Low,2026-06-28 20:56:50
83.2124674400812,38.53857089706972,1288.084474231253,0.0582730845296107,12.384258375875923,29.337388330838188,34.88329486670831,3.0,100.0,91.10065800488184,97.33019740146456,19.392086,90.61825004185508,Excellent,0,0,Vehicle_1647,0.0002,0.0%,LOW,124,2480,temperature,-3.8191,Cooling system,Inspect coolant level and radiator,temperature signal is elevated (SHAP=-3.819),31,Low,2026-06-28 20:56:50
102.54307220940824,27.64168237448382,1823.225806562128,0.1218011561209449,12.45269754413504,35.39239746537476,46.15029624380706,9.0,60.0,90.01276646662639,69.00382993998792,1.5617073,61.40485125731803,Warning,2,0,Vehicle_1648,0.0154,1.5%,LOW,123,2460,temperature,-6.5529,Cooling system,Inspect coolant level and radiator,temperature signal is elevated (SHAP=-6.553),30,Low,2026-06-28 20:56:50
82.32017246479165,38.20440916643053,1225.6196389758854,0.0098296506224395,12.290130134301624,42.106501897221264,53.54255406679623,5.0,90.0,58.17318421283487,80.45195526385045,17.09106,69.90581000087724,Good,1,0,Vehicle_1649,0.0002,0.0%,LOW,124,2480,temperature,-3.808,Cooling system,Inspect coolant level and radiator,temperature signal is elevated (SHAP=-3.808),31,Low,2026-06-28 20:56:50
74.58792158281501,30.30991028668389,2535.3519356448314,0.2136314417238459,12.190995616476776,91.30390476176645,35.93529283943209,4.0,95.0,64.4771263227524,85.84313789682572,19.970196,76.4013080026459,Good,1,0,Vehicle_1650,0.0002,0.0%,LOW,124,2480,temperature,-3.8183,Cooling system,Inspect coolant level and radiator,temperature signal is elevated (SHAP=-3.818),31,Low,2026-06-28 20:56:50
77.40095956043196,38.57719184741064,2814.7326441444184,0.0626537783223937,12.18115601474094,23.02327359166377,45.19215831975599,4.0,95.0,82.06934732089334,91.120804196268,17.09106,83.08635198193947,Excellent,0,0,Vehicle_1651,0.0002,0.0%,LOW,124,2480,temperature,-3.8296,Cooling system,Inspect coolant level and radiator,temperature signal is elevated (SHAP=-3.830),31,Low,2026-06-28 20:56:50
104.09324153131996,31.540166994258517,1355.797373406106,0.2052194080951494,12.50846651873471,41.62046993366219,38.98962650106633,0.0,80.0,96.22424389780682,84.86727316934204,99.692955,90.1652126811666,Good,1,0,Vehicle_1652,0.0003,0.0%,LOW,124,2480,temperature,-3.7958,Cooling system,Inspect coolant level and radiator,temperature signal is elevated (SHAP=-3.796),31,Low,2026-06-28 20:56:50
93.0444545377134,35.11939597721445,3121.702767420423,0.2956011851279747,12.090174013670854,51.96534120220978,31.168863861249413,9.0,73.91109092457319,78.96967806392271,75.42866706637804,13.710469,63.05113585261137,Good,1,0,Vehicle_1653,0.0004,0.0%,LOW,124,2480,temperature,-6.0984,Cooling system,Inspect coolant level and radiator,temperature signal is elevated (SHAP=-6.098),31,Low,2026-06-28 20:56:50
79.21555027715257,34.31455827653002,2980.883155216012,0.194737145051068,12.781281953396515,43.93334493455015,15.752236460691057,8.0,80.0,100.0,86.0,20.138336,75.6,Good,1,0,Vehicle_1654,0.0006,0.1%,LOW,124,2480,temperature,-5.9396,Cooling system,Inspect coolant level and radiator,temperature signal is elevated (SHAP=-5.940),31,Low,2026-06-28 20:56:50
81.4533037005323,33.73974639751182,2061.4727001250376,0.2174203242230293,12.66129036984113,71.47939082875476,51.26492327082119,6.0,85.0,78.69926087920797,83.10977826376238,17.372013,73.60571913409902,Good,1,0,Vehicle_1655,0.0003,0.0%,LOW,124,2480,temperature,-3.828,Cooling system,Inspect coolant level and radiator,temperature signal is elevated (SHAP=-3.828),31,Low,2026-06-28 20:56:50
61.4923436412183,32.08760686309626,2361.9824112128126,0.0493212793057032,12.839766576387936,43.83004138994267,24.50897810718877,2.0,100.0,100.0,100.0,20.138336,96.0,Excellent,0,0,Vehicle_1656,0.0003,0.0%,LOW,124,2480,temperature,-3.8592,Cooling system,Inspect coolant level and radiator,temperature signal is elevated (SHAP=-3.859),31,Low,2026-06-28 20:56:50
90.82711301277313,28.60289570330649,940.1590594775748,0.7408057715024521,11.9484302576028,45.309172016987816,48.82770911417769,9.0,58.34577397445378,60.10853713791138,58.874602923491054,2.5313973,49.34646918167691,Critical,3,0,Vehicle_1657,0.0015,0.1%,LOW,124,2480,temperature,-6.3918,Cooling system,Inspect coolant level and radiator,temperature signal is elevated (SHAP=-6.392),31,Low,2026-06-28 20:56:50
58.60276438456802,41.49260814943716,2234.190274970341,0.0931914587543835,11.720209381285423,66.29257027232634,40.36807629262251,1.0,100.0,67.0,90.1,21.067917,85.46,Excellent,0,0,Vehicle_1658,0.0002,0.0%,LOW,124,2480,temperature,-3.8213,Cooling system,Inspect coolant level and radiator,temperature signal is elevated (SHAP=-3.821),31,Low,2026-06-28 20:56:50
96.27694698753184,24.5583780894246,2505.9079793042606,0.0751178070484168,12.398325697747294,86.21423325836753,25.23987214752641,2.0,85.6796183826347,81.42745015576948,84.40396791457513,15.452546,82.92787077989897,Good,1,0,Vehicle_1659,0.0002,0.0%,LOW,124,2480,temperature,-3.7887,Cooling system,Inspect coolant level and radiator,temperature signal is elevated (SHAP=-3.789),31,Low,2026-06-28 20:56:50
86.929323887369,30.02584585405896,2634.998076182552,0.5657494527934467,13.469879606837369,78.14996747896656,38.11998361818953,0.0,82.28336981377022,100.0,87.59835886963916,99.66076,92.55901532178348,Good,1,0,Vehicle_1660,0.0002,0.0%,LOW,124,2480,temperature,-3.7848,Cooling system,Inspect coolant level and radiator,temperature signal is elevated (SHAP=-3.785),31,Low,2026-06-28 20:56:50
120.80427699360884,30.089315251245573,2803.101529616139,0.3382641716909585,12.906483511237829,47.26692231781713,56.3291106128533,2.0,67.44905522060276,66.0,67.01433865442193,12.899012,69.40860319265316,Warning,2,0,Vehicle_1661,0.0022,0.2%,LOW,124,2480,fault_count,-6.1391,ECU fault logs,Review and clear fault codes,fault_count signal is elevated (SHAP=-6.139),31,Low,2026-06-28 20:56:50
68.49796669413541,32.41464452006113,2695.393394584458,0.0388651215442898,12.178221476597315,49.009715765351935,50.35652580863771,3.0,100.0,64.38944816027102,89.31683444808131,17.475641,80.46799030090298,Good,1,0,Vehicle_1662,0.0002,0.0%,LOW,124,2480,temperature,-3.8296,Cooling system,Inspect coolant level and radiator,temperature signal is elevated (SHAP=-3.830),31,Low,2026-06-28 20:56:50
83.46006863439051,27.423164124632997,2288.5250421874634,0.0150632534922939,12.569804853772537,50.93438489568408,29.872869438655517,7.0,80.0,98.75445021811716,85.62633506543514,19.047188,77.12669108288452,Good,1,0,Vehicle_1663,0.0004,0.0%,LOW,124,2480,temperature,-5.7939,Cooling system,Inspect coolant level and radiator,temperature signal is elevated (SHAP=-5.794),31,Low,2026-06-28 20:56:50
111.97431551384594,31.888477833537525,2728.9559540434534,0.0962034985885393,12.691034762977472,52.93998816925171,27.88019241815318,3.0,70.0,100.0,79.0,16.54427,81.4,Good,1,0,Vehicle_1664,0.0027,0.3%,LOW,124,2480,fault_count,-6.1577,ECU fault logs,Review and clear fault codes,fault_count signal is elevated (SHAP=-6.158),31,Low,2026-06-28 20:56:50
102.8708446043712,28.986944488782203,3301.6255946481983,0.7408057715024521,11.852644703706856,33.05303771304371,36.00208037316072,9.0,40.0,69.17159402790779,48.75147820837233,1.5735388,45.08520573060496,Critical,3,0,Vehicle_1665,0.004,0.4%,LOW,124,2480,temperature,-6.4497,Cooling system,Inspect coolant level and radiator,temperature signal is elevated (SHAP=-6.450),31,Low,2026-06-28 20:56:50
74.5568192263015,20.508284895372604,2423.6015413522846,0.3911730619421274,12.947850347613842,68.73187597710879,33.34486271030163,3.0,75.95493545201525,100.0,83.16845481641067,19.137293,83.9010728898464,Good,1,0,Vehicle_1666,0.0002,0.0%,LOW,124,2480,temperature,-3.7587,Cooling system,Inspect coolant level and radiator,temperature signal is elevated (SHAP=-3.759),31,Low,2026-06-28 20:56:50
88.35951142560171,30.05731371754108,2754.075912665341,0.176857342198231,12.333030349271624,54.13218255445573,46.9973738564273,5.0,90.0,82.19643079560166,87.65892923868049,13.129557,79.03464370232862,Good,1,0,Vehicle_1667,0.0002,0.0%,LOW,124,2480,temperature,-3.8213,Cooling system,Inspect coolant level and radiator,temperature signal is elevated (SHAP=-3.821),31,Low,2026-06-28 20:56:50
85.02999034622631,23.39660800181909,2351.0631498687053,0.0033123496163527,12.363727662156856,49.10287622369373,42.395891364218045,5.0,83.58643200727636,90.25376606397032,85.58663222428454,12.938285,79.40273254736479,Good,1,0,Vehicle_1668,0.0002,0.0%,LOW,124,2480,temperature,-3.7995,Cooling system,Inspect coolant level and radiator,temperature signal is elevated (SHAP=-3.800),31,Low,2026-06-28 20:56:50
89.22933801091236,19.5936854253066,1982.5928668163428,0.1062540825752392,12.409513863773542,24.577092468818545,18.077583984715776,8.0,60.0,92.1424468806586,69.64273406419758,4.1600285,64.21412981465028,Warning,2,0,Vehicle_1669,0.0013,0.1%,LOW,124,2480,temperature,-6.2423,Cooling system,Inspect coolant level and radiator,temperature signal is elevated (SHAP=-6.242),31,Low,2026-06-28 20:56:50
74.51979346022756,30.82123992413631,2918.303733534083,0.0893683411893165,12.85781605572316,51.24572416981225,39.58675255423911,7.0,80.0,100.0,86.0,19.392086,77.6,Good,1,0,Vehicle_1670,0.0004,0.0%,LOW,124,2480,temperature,-5.8379,Cooling system,Inspect coolant level and radiator,temperature signal is elevated (SHAP=-5.838),31,Low,2026-06-28 20:56:50
83.66019395948898,32.9273000521174,2055.819244663836,0.7295030218238627,12.097927136719438,12.135753935583892,33.20909039132632,8.0,60.0,79.2894943896768,65.78684831690305,2.5591671,59.33000786807719,Warning,2,0,Vehicle_1671,0.0016,0.2%,LOW,124,2480,temperature,-6.4405,Cooling system,Inspect coolant level and radiator,temperature signal is elevated (SHAP=-6.441),31,Low,2026-06-28 20:56:50
61.029214370849296,33.16018825262746,2808.9175207937524,0.005655264621338,11.71721199808622,38.36701311935536,35.37108136028066,9.0,80.0,67.0,76.1,7.50317,61.06,Good,1,0,Vehicle_1672,0.0004,0.0%,LOW,124,2480,temperature,-6.1023,Cooling system,Inspect coolant level and radiator,temperature signal is elevated (SHAP=-6.102),31,Low,2026-06-28 20:56:50
87.02685177802122,33.403024242118164,2522.6042972080363,0.0041882087258854,12.529182117160016,38.73804587041603,37.48943014260659,1.0,100.0,97.07876233285072,99.12362869985522,12.938285,96.88992968648328,Excellent,0,0,Vehicle_1673,0.0002,0.0%,LOW,124,2480,temperature,-3.8344,Cooling system,Inspect coolant level and radiator,temperature signal is elevated (SHAP=-3.834),31,Low,2026-06-28 20:56:50
91.75031010132749,18.404465874356337,2256.852258783885,0.2745920979588637,11.58253676553075,55.73990386175238,46.987290052766014,0.0,76.49937979734503,60.24321382059556,71.62253000432018,99.58783,75.02216076671122,Warning,2,0,Vehicle_1674,0.0002,0.0%,LOW,124,2480,temperature,-3.7762,Cooling system,Inspect coolant level and radiator,temperature signal is elevated (SHAP=-3.776),31,Low,2026-06-28 20:56:50
81.58870881034174,21.83389843255518,2237.4857342826717,0.0343492039585972,12.279558561945784,87.59700049890591,44.77792963546021,4.0,82.33559373022072,74.24673985706883,79.90893756827515,13.129557,74.79471051237886,Good,1,0,Vehicle_1675,0.0002,0.0%,LOW,124,2480,temperature,-3.7882,Cooling system,Inspect coolant level and radiator,temperature signal is elevated (SHAP=-3.788),31,Low,2026-06-28 20:56:50
60.774236641228185,41.84112862088202,2093.5032060674503,0.1199908878867644,12.874749715943528,61.43814931330874,27.502572593127045,1.0,100.0,100.0,100.0,21.156872,98.0,Excellent,0,0,Vehicle_1676,0.0003,0.0%,LOW,124,2480,temperature,-3.8503,Cooling system,Inspect coolant level and radiator,temperature signal is elevated (SHAP=-3.850),31,Low,2026-06-28 20:56:50
99.82797794277194,23.716747439537784,1183.359062328789,0.0240342006334486,12.631637561403496,78.96804145271227,34.41388032310331,4.0,70.21103387260726,100.0,79.14772371082508,16.85328,79.48863422649504,Good,1,0,Vehicle_1677,0.0003,0.0%,LOW,124,2480,temperature,-3.7874,Cooling system,Inspect coolant level and radiator,temperature signal is elevated (SHAP=-3.787),31,Low,2026-06-28 20:56:50
90.46787556989204,33.665046186820135,2806.316076129354,0.0498858182850311,12.81694242629011,62.904243462071534,30.51478607142788,5.0,89.06424886021594,100.0,92.34497420215116,19.392086,85.4069845212907,Excellent,0,0,Vehicle_1678,0.0003,0.0%,LOW,124,2480,temperature,-3.831,Cooling system,Inspect coolant level and radiator,temperature signal is elevated (SHAP=-3.831),31,Low,2026-06-28 20:56:50
74.10977353448534,25.87837427000493,2685.2374602226564,0.1038407770970601,12.648140546081132,72.50106979375231,18.18154031093402,2.0,100.0,100.0,100.0,20.138336,96.0,Excellent,0,0,Vehicle_1679,0.0003,0.0%,LOW,124,2480,temperature,-3.7984,Cooling system,Inspect coolant level and radiator,temperature signal is elevated (SHAP=-3.798),31,Low,2026-06-28 20:56:50
80.79099329742904,30.478036435605382,3179.736201958795,0.2304771272927702,13.364133795513364,87.14254705886212,33.906294923989094,0.0,100.0,88.2147973528775,96.46443920586324,99.69315,95.52162299409343,Excellent,0,0,Vehicle_1680,0.0003,0.0%,LOW,124,2480,temperature,-3.8473,Cooling system,Inspect coolant level and radiator,temperature signal is elevated (SHAP=-3.847),31,Low,2026-06-28 20:56:50
62.48995895827242,26.200474786358438,2074.8344781545643,0.3392791451830071,12.164704148937274,35.3632633539549,53.44754427559096,9.0,77.38139032113286,53.32239560665328,70.16369190678898,9.160936,54.76269426540404,Warning,2,0,Vehicle_1681,0.0004,0.0%,LOW,124,2480,temperature,-5.942,Cooling system,Inspect coolant level and radiator,temperature signal is elevated (SHAP=-5.942),31,Low,2026-06-28 20:56:50
69.61884808333143,33.36924692771787,4016.306900381334,0.2030643648722703,12.55925267080333,34.057911317369935,17.87956606250253,3.0,99.67386199237332,98.31917267063736,99.26745519585252,20.457024,93.224307651639,Excellent,0,0,Vehicle_1682,0.0003,0.0%,LOW,124,2480,temperature,-3.8357,Cooling system,Inspect coolant level and radiator,temperature signal is elevated (SHAP=-3.836),31,Low,2026-06-28 20:56:50
76.9328298046429,30.820644703900197,2196.2112417202934,0.0062739285427645,12.22475181151494,63.37621800954643,34.75938206339933,8.0,80.0,84.52101222499127,81.35630366749737,19.657219,69.71798464549667,Good,1,0,Vehicle_1683,0.0004,0.0%,LOW,124,2480,temperature,-5.921,Cooling system,Inspect coolant level and radiator,temperature signal is elevated (SHAP=-5.921),31,Low,2026-06-28 20:56:50
103.42631218420226,27.3102613581346,1799.9122862442432,0.1255308350494189,12.782720507965948,49.92643091875508,34.438618545903246,6.0,65.0,100.0,75.5,16.85328,73.3,Good,1,0,Vehicle_1684,0.0003,0.0%,LOW,124,2480,temperature,-3.7787,Cooling system,Inspect coolant level and radiator,temperature signal is elevated (SHAP=-3.779),31,Low,2026-06-28 20:56:50
75.40744913668786,23.69896728191574,1705.052064125868,0.0449279768510272,12.375370049579802,54.40707665613921,37.8773547176432,6.0,79.79586912766295,90.73401454516684,83.07731275291411,19.392086,75.99319056078183,Good,1,0,Vehicle_1685,0.0002,0.0%,LOW,124,2480,temperature,-3.7832,Cooling system,Inspect coolant level and radiator,temperature signal is elevated (SHAP=-3.783),31,Low,2026-06-28 20:56:50
94.60320488993138,31.606645184955067,1112.8620774162705,0.0473035542531979,13.087537951777618,45.02666215785278,25.37275042606069,7.0,70.79359022013725,100.0,79.55551315409608,19.392086,73.73330789245765,Good,1,0,Vehicle_1686,0.0004,0.0%,LOW,124,2480,temperature,-5.8279,Cooling system,Inspect coolant level and radiator,temperature signal is elevated (SHAP=-5.828),31,Low,2026-06-28 20:56:50
76.9252569570763,22.72368720574446,3726.1023139145022,0.1582376818228072,12.18767361783921,38.07482565950565,20.748894092000462,2.0,90.89474882297785,82.99153673586738,88.5237851968447,20.411087,85.7125784652803,Good,1,0,Vehicle_1687,0.0002,0.0%,LOW,124,2480,temperature,-3.7958,Cooling system,Inspect coolant level and radiator,temperature signal is elevated (SHAP=-3.796),31,Low,2026-06-28 20:56:50
88.71921341277812,32.56488625272503,3596.8539126149294,0.3338144701977339,12.962850610286797,82.41529337550051,21.21402343205374,2.0,97.74570198681774,96.01476593042416,97.22642116989964,23.331678,93.53880588802464,Excellent,0,0,Vehicle_1688,0.0002,0.0%,LOW,124,2480,temperature,-3.7885,Cooling system,Inspect coolant level and radiator,temperature signal is elevated (SHAP=-3.788),31,Low,2026-06-28 20:56:50
82.87906746784297,45.7589094542214,2980.5961303078066,0.0614776216408184,12.637255812217589,28.002777723601717,48.30933758331479,9.0,80.0,88.74825221672972,82.62447566501892,16.85328,69.3243358423573,Good,1,0,Vehicle_1689,0.0005,0.1%,LOW,124,2480,temperature,-5.9391,Cooling system,Inspect coolant level and radiator,temperature signal is elevated (SHAP=-5.939),31,Low,2026-06-28 20:56:50
98.09584900139114,38.10102030757207,1783.1289537793762,0.3810627367782094,12.387015572365208,63.72784518483088,25.17314025638143,6.0,63.40411954533708,91.21439236006482,71.7472013897554,23.5003,69.2911993058662,Warning,2,0,Vehicle_1690,0.0002,0.0%,LOW,124,2480,temperature,-3.7572,Cooling system,Inspect coolant level and radiator,temperature signal is elevated (SHAP=-3.757),31,Low,2026-06-28 20:56:50
76.97782992672163,34.310087321364975,3949.014145247296,0.337985341194881,12.61697693514397,60.484565714609,30.00437808346827,2.0,97.46764392034126,100.0,98.22735074423888,24.402285,94.93641044654332,Excellent,0,0,Vehicle_1691,0.0002,0.0%,LOW,124,2480,temperature,-3.7653,Cooling system,Inspect coolant level and radiator,temperature signal is elevated (SHAP=-3.765),31,Low,2026-06-28 20:56:50
61.41207624996339,29.486356213553115,2218.624670782676,0.6470026720357042,12.504505755011678,18.41973404859512,56.04632598612974,6.0,65.0,62.06086239423173,64.11825871826952,7.881361,58.88312770980805,Warning,2,0,Vehicle_1692,0.0002,0.0%,LOW,124,2480,temperature,-3.8235,Cooling system,Inspect coolant level and radiator,temperature signal is elevated (SHAP=-3.824),31,Low,2026-06-28 20:56:50
64.27076452954552,18.36748423797885,2284.779335018678,0.4914985991763053,12.542381872100725,33.384393400128126,27.65744343223544,3.0,67.23342672157965,97.62325222415492,76.35037437235222,25.280869,79.33487506824231,Good,1,0,Vehicle_1693,0.0002,0.0%,LOW,124,2480,temperature,-3.7367,Cooling system,Inspect coolant level and radiator,temperature signal is elevated (SHAP=-3.737),31,Low,2026-06-28 20:56:50
77.02183759085864,22.066281624598894,3649.807264348861,0.1789725613240512,12.317251570762243,36.74618878100265,38.42399597950926,8.0,68.26512649839557,88.33662729394254,74.28657673705966,16.028881,66.2392715010243,Warning,2,0,Vehicle_1694,0.0005,0.1%,LOW,124,2480,temperature,-6.0609,Cooling system,Inspect coolant level and radiator,temperature signal is elevated (SHAP=-6.061),31,Low,2026-06-28 20:56:50
66.2641004398292,37.69675713661629,3027.128467584698,0.054847018093037,12.119364596978004,61.29168226633183,45.63811676625507,5.0,90.0,78.00419262007543,86.40125778602263,19.30874,77.44159319562866,Good,1,0,Vehicle_1695,0.0002,0.0%,LOW,124,2480,temperature,-3.8213,Cooling system,Inspect coolant level and radiator,temperature signal is elevated (SHAP=-3.821),31,Low,2026-06-28 20:56:50
91.15318023519328,25.26146351925132,4260.882511003674,0.2848386690993698,12.265971552014989,42.65929788138898,45.15720186979243,3.0,92.47598930953995,85.686840163324,90.43924456567518,17.393625,85.40091477206991,Excellent,0,0,Vehicle_1696,0.0002,0.0%,LOW,124,2480,temperature,-3.7915,Cooling system,Inspect coolant level and radiator,temperature signal is elevated (SHAP=-3.792),31,Low,2026-06-28 20:56:50
78.01347752712883,25.80448741101572,2698.977808255216,0.7408057715024521,11.726742008820713,48.28820386778389,21.684236429563192,6.0,65.0,67.0,65.6,10.924864,60.75999999999999,Warning,2,0,Vehicle_1697,0.0002,0.0%,LOW,124,2480,temperature,-3.8558,Cooling system,Inspect coolant level and radiator,temperature signal is elevated (SHAP=-3.856),31,Low,2026-06-28 20:56:51
120.61909825039648,29.006097145895872,2182.37536033702,0.5100235363321395,12.73677933301305,20.84705286030545,27.866475522985013,7.0,35.9984309111907,100.0,55.19890163783349,1.9827545,59.11934098270009,Critical,3,1,Vehicle_1698,0.9988,99.9%,CRITICAL,5,100,temperature,4.561,Cooling system,Inspect coolant level and radiator,temperature signal is rapidly deteriorating (SHAP=4.561),1,Immediate,2026-06-28 20:56:51
58.93428107294302,23.62772244692067,2010.5560932321637,0.0959128108471178,11.905934411129808,96.51823433430629,38.02363976251985,3.0,94.51088978768269,44.11470780749921,79.39203519362763,16.077429,70.45816267767643,Good,1,0,Vehicle_1699,0.0002,0.0%,LOW,124,2480,temperature,-3.7771,Cooling system,Inspect coolant level and radiator,temperature signal is elevated (SHAP=-3.777),31,Low,2026-06-28 20:56:51
88.05449768064702,22.639387592690184,1022.4030582474984,0.7408057715024521,12.31294117790572,51.42391237478994,54.29017457383293,7.0,50.55755037076074,56.57223003757902,52.361954270806216,2.3263693,48.73161856999953,Critical,3,0,Vehicle_1700,0.0009,0.1%,LOW,124,2480,temperature,-6.1981,Cooling system,Inspect coolant level and radiator,temperature signal is elevated (SHAP=-6.198),31,Low,2026-06-28 20:56:51
68.08070464741496,29.69715556331147,2277.1233817550365,0.0659019781675281,12.659218016592414,59.98001794593888,27.38489341358805,2.0,100.0,100.0,100.0,15.603429,96.0,Excellent,0,0,Vehicle_1701,0.0003,0.0%,LOW,124,2480,temperature,-3.831,Cooling system,Inspect coolant level and radiator,temperature signal is elevated (SHAP=-3.831),31,Low,2026-06-28 20:56:51
77.59897989425983,24.65082327196778,3415.6746710619045,0.1923084914497146,12.735758686839963,39.18749022869555,30.06387015888923,2.0,98.60329308787112,100.0,99.02230516150978,14.993679,95.41338309690586,Excellent,0,0,Vehicle_1702,0.0003,0.0%,LOW,124,2480,temperature,-3.8092,Cooling system,Inspect coolant level and radiator,temperature signal is elevated (SHAP=-3.809),31,Low,2026-06-28 20:56:51
87.12129210010816,25.55388852132663,2979.0673381248557,0.1597564730807139,11.690139225265105,36.947453458642975,39.19574421401005,8.0,80.0,67.0,76.1,12.050134,63.06,Good,1,0,Vehicle_1703,0.0004,0.0%,LOW,124,2480,temperature,-6.0651,Cooling system,Inspect coolant level and radiator,temperature signal is elevated (SHAP=-6.065),31,Low,2026-06-28 20:56:51
50.1194293768857,25.312853843117963,2516.2464052483247,0.4882207158547971,12.363260769909967,88.25369309907063,41.19658227348377,6.0,72.45195227634686,76.61591314531968,73.7011405370387,25.180113,67.54386695128716,Warning,2,0,Vehicle_1704,0.0002,0.0%,LOW,124,2480,temperature,-3.825,Cooling system,Inspect coolant level and radiator,temperature signal is elevated (SHAP=-3.825),31,Low,2026-06-28 20:56:51
88.55239175182041,33.13416128300681,1704.0524449469367,0.1485034668040593,12.58389787977953,11.665567859867416,41.80254004302737,0.0,100.0,99.3357875409056,99.80073626227168,99.68686,99.74759926554412,Excellent,0,0,Vehicle_1705,0.0003,0.0%,LOW,124,2480,temperature,-3.8314,Cooling system,Inspect coolant level and radiator,temperature signal is elevated (SHAP=-3.831),31,Low,2026-06-28 20:56:51
113.54361193411252,28.607245857027856,2681.49841441019,0.3306519838762666,12.420806443704931,55.57294136861553,26.536441351652,6.0,52.9565344082489,92.6082658028284,64.85205382662275,2.9870272,65.43288545653934,Warning,2,0,Vehicle_1706,0.0236,2.4%,LOW,122,2440,fault_count,-7.0539,ECU fault logs,Review and clear fault codes,fault_count signal is elevated (SHAP=-7.054),30,Low,2026-06-28 20:56:51
78.1984255244711,28.92856819263688,3310.2509641562983,0.1212196842301665,12.93762998306942,25.769922177842133,29.679518630655945,3.0,100.0,100.0,100.0,19.392086,94.0,Excellent,0,0,Vehicle_1707,0.0003,0.0%,LOW,124,2480,temperature,-3.8462,Cooling system,Inspect coolant level and radiator,temperature signal is elevated (SHAP=-3.846),31,Low,2026-06-28 20:56:51
88.89711785208264,33.5816753838533,2844.575405175988,0.0527065913122671,12.07127724003416,41.8999769120599,37.15501199801969,2.0,100.0,78.19018615140908,93.45705584542272,17.09106,87.71227073753545,Excellent,0,0,Vehicle_1708,0.0002,0.0%,LOW,124,2480,temperature,-3.8296,Cooling system,Inspect coolant level and radiator,temperature signal is elevated (SHAP=-3.830),31,Low,2026-06-28 20:56:51
100.373825396881,29.14776235060236,2633.3881357066875,0.4010283484038412,11.580383547923924,37.23811064651958,47.62311312628282,4.0,68.26477677307724,58.081415370638425,65.20976835234559,12.069732,62.74214408553504,Warning,2,0,Vehicle_1709,0.0002,0.0%,LOW,124,2480,temperature,-3.8838,Cooling system,Inspect coolant level and radiator,temperature signal is elevated (SHAP=-3.884),31,Low,2026-06-28 20:56:51
82.54069749959505,28.330477389256963,1862.433877375035,0.1850331707926131,12.72413040670741,30.280446331615043,32.61515917881572,4.0,95.0,100.0,96.5,19.392086,89.9,Excellent,0,0,Vehicle_1710,0.0003,0.0%,LOW,124,2480,temperature,-3.8269,Cooling system,Inspect coolant level and radiator,temperature signal is elevated (SHAP=-3.827),31,Low,2026-06-28 20:56:51
76.28559717202775,32.822702133421025,3193.74545128961,0.405653689183497,12.185165552152606,50.70883459412655,34.77698099916181,8.0,72.9564207211002,82.88807902629499,75.93591821265863,20.665247,66.13916673285418,Good,1,0,Vehicle_1711,0.0004,0.0%,LOW,124,2480,temperature,-6.0112,Cooling system,Inspect coolant level and radiator,temperature signal is elevated (SHAP=-6.011),31,Low,2026-06-28 20:56:51
50.86395394417372,34.009187061345784,500.0,0.1886231384929262,11.696583760965602,0.0,24.740715628605905,4.0,95.0,67.0,86.6,20.984179,77.36,Good,1,0,Vehicle_1712,0.0003,0.0%,LOW,124,2480,temperature,-3.8197,Cooling system,Inspect coolant level and radiator,temperature signal is elevated (SHAP=-3.820),31,Low,2026-06-28 20:56:51
94.6148607909246,29.117559002948376,2806.276567092116,0.1047298995795103,12.33659504377341,43.69023036162606,53.63226831892243,2.0,90.7702784181508,59.78483327131693,81.47464487410065,17.09106,76.84175357872377,Good,1,0,Vehicle_1713,0.0002,0.0%,LOW,124,2480,temperature,-3.8185,Cooling system,Inspect coolant level and radiator,temperature signal is elevated (SHAP=-3.818),31,Low,2026-06-28 20:56:51
83.30247385406655,30.48364665372313,4556.257584755679,0.1218328582130507,12.89222319037268,48.1942004930005,36.5426294714171,7.0,68.87484830488641,100.0,78.21239381342048,17.713797,72.92743628805229,Good,1,0,Vehicle_1714,0.0004,0.0%,LOW,124,2480,temperature,-5.8337,Cooling system,Inspect coolant level and radiator,temperature signal is elevated (SHAP=-5.834),31,Low,2026-06-28 20:56:51
69.80974222917757,25.30925862160003,1293.3012901345223,0.7408057715024521,11.89469895287492,22.81446907187975,45.777547795567415,5.0,70.0,68.26266930116122,69.47880079034837,19.513815,65.33981433444127,Warning,2,0,Vehicle_1715,0.0002,0.0%,LOW,124,2480,temperature,-3.83,Cooling system,Inspect coolant level and radiator,temperature signal is elevated (SHAP=-3.830),31,Low,2026-06-28 20:56:51
86.8989506541654,24.835901741012847,2306.9044362389072,0.5349688895310911,13.334398381578907,80.26437442898768,35.29897208067601,0.0,83.67901432864531,99.56378219217032,88.4444446877028,99.73325,92.97942325105576,Good,1,0,Vehicle_1716,0.0002,0.0%,LOW,124,2480,temperature,-3.7557,Cooling system,Inspect coolant level and radiator,temperature signal is elevated (SHAP=-3.756),31,Low,2026-06-28 20:56:51
76.24479464790728,34.614885011800844,2493.671207900219,0.4812800362419001,12.064847362185336,38.1108325040537,35.85267065243412,6.0,72.91466425053999,77.92495369014512,74.41775108242152,24.303907,68.23564138748193,Warning,2,0,Vehicle_1717,0.0002,0.0%,LOW,124,2480,temperature,-3.8667,Cooling system,Inspect coolant level and radiator,temperature signal is elevated (SHAP=-3.867),31,Low,2026-06-28 20:56:51
77.07360803326712,32.66965237526773,2129.933748754738,0.3639903390973922,12.4348043416503,45.25031515070326,19.99691109147939,5.0,85.73397739350719,93.18567909307492,87.9694879033775,25.280869,81.41882856064149,Good,1,0,Vehicle_1718,0.0002,0.0%,LOW,124,2480,temperature,-3.7648,Cooling system,Inspect coolant level and radiator,temperature signal is elevated (SHAP=-3.765),31,Low,2026-06-28 20:56:51
94.09436734163064,32.731790630499454,3329.0993940471835,0.0454641799162204,11.912347032860955,38.15561672170595,13.492381303074332,5.0,81.81126531673874,71.63431510551445,78.75818025337145,20.052576,71.58177117312576,Good,1,0,Vehicle_1719,0.0002,0.0%,LOW,124,2480,temperature,-3.8302,Cooling system,Inspect coolant level and radiator,temperature signal is elevated (SHAP=-3.830),31,Low,2026-06-28 20:56:51
64.92426383014234,31.685126092353133,2877.960811484241,0.2580934430211208,12.416644139478406,48.36867759138828,47.51905211835959,1.0,100.0,83.87179355106163,95.1615380653185,20.351988,91.87128154940342,Excellent,0,0,Vehicle_1720,0.0002,0.0%,LOW,124,2480,temperature,-3.8258,Cooling system,Inspect coolant level and radiator,temperature signal is elevated (SHAP=-3.826),31,Low,2026-06-28 20:56:51
100.70972929110638,30.27721965488972,2621.8402980378555,0.1748070074880267,12.346500871296527,76.16288187012098,35.7805821426242,4.0,75.0,89.54316094098182,79.36294828229455,16.85328,77.5264011575731,Good,1,0,Vehicle_1721,0.0002,0.0%,LOW,124,2480,temperature,-3.8183,Cooling system,Inspect coolant level and radiator,temperature signal is elevated (SHAP=-3.818),31,Low,2026-06-28 20:56:51
64.03470755322394,34.17847134493662,3137.818048935424,0.2349839843026432,11.804202439067566,99.46031607846948,37.06428122986618,6.0,85.0,35.06382908206241,70.01914872461872,9.907097,57.02425505118371,Warning,2,0,Vehicle_1722,0.0002,0.0%,LOW,124,2480,temperature,-3.9506,Cooling system,Inspect coolant level and radiator,temperature signal is elevated (SHAP=-3.951),31,Low,2026-06-28 20:56:51
75.05947887467104,35.6106525661367,2513.400567257394,0.1320972587382724,13.469879606837369,64.91278407401317,22.509462477995896,6.0,85.0,100.0,89.5,20.138336,81.69999999999999,Good,1,0,Vehicle_1723,0.0003,0.0%,LOW,124,2480,temperature,-3.8508,Cooling system,Inspect coolant level and radiator,temperature signal is elevated (SHAP=-3.851),31,Low,2026-06-28 20:56:51
113.84419291099866,35.467368031143884,4612.341159193811,0.5020136854680608,12.201865132392523,71.75987533943542,25.969358222063764,6.0,29.285597784919723,83.57693671119158,45.57299946280128,2.060163,52.05918701991908,Critical,3,0,Vehicle_1724,0.03,3.0%,LOW,121,2420,fault_count,-7.2426,ECU fault logs,Review and clear fault codes,fault_count signal is elevated (SHAP=-7.243),30,Low,2026-06-28 20:56:51
101.91032142463634,29.39533250432408,2621.077546925393,0.3447293114335633,12.202214977077588,84.32854962954164,45.62302001134984,9.0,57.01804590442912,74.33099287711732,62.21192999623558,1.8517852,54.19335657316481,Warning,2,0,Vehicle_1725,0.0076,0.8%,LOW,124,2480,temperature,-6.4844,Cooling system,Inspect coolant level and radiator,temperature signal is elevated (SHAP=-6.484),31,Low,2026-06-28 20:56:51
86.4640598874316,38.32195637945303,2656.225678791764,0.2529842821903685,12.787614351741462,54.97742153532914,52.40143770841436,5.0,90.0,74.83511179139117,85.45053353741734,17.715132,76.23734248072864,Good,1,0,Vehicle_1726,0.0002,0.0%,LOW,124,2480,temperature,-3.8272,Cooling system,Inspect coolant level and radiator,temperature signal is elevated (SHAP=-3.827),31,Low,2026-06-28 20:56:51
70.89204676748176,31.370764090393926,1131.6255603413797,0.1186462203225721,13.125701953339387,81.4050174722374,28.78725986227448,4.0,95.0,97.68172117080827,95.80451635124248,20.138336,89.01905404490715,Excellent,0,0,Vehicle_1727,0.0003,0.0%,LOW,124,2480,temperature,-3.8368,Cooling system,Inspect coolant level and radiator,temperature signal is elevated (SHAP=-3.837),31,Low,2026-06-28 20:56:51
77.0609153995016,33.79425715539479,2065.239738157261,0.1565898287740228,12.85057474720172,65.84802264780807,41.71483288363056,5.0,90.0,100.0,93.0,17.713797,85.8,Excellent,0,0,Vehicle_1728,0.0003,0.0%,LOW,124,2480,temperature,-3.8503,Cooling system,Inspect coolant level and radiator,temperature signal is elevated (SHAP=-3.850),31,Low,2026-06-28 20:56:51
86.09912971878545,31.69252734500928,3417.902145439848,0.2393942250514009,11.919527950789366,52.87974718623144,36.90024932681605,3.0,100.0,71.93052797006132,91.5791583910184,18.110687,83.3336006286233,Excellent,0,0,Vehicle_1729,0.0002,0.0%,LOW,124,2480,temperature,-3.8213,Cooling system,Inspect coolant level and radiator,temperature signal is elevated (SHAP=-3.821),31,Low,2026-06-28 20:56:51
85.56284848509398,31.482040244905043,1431.634519712102,0.0007352260944302,12.485563603797866,57.00682068902936,33.794710599222746,3.0,100.0,95.27949865666196,98.5838495969986,19.392086,92.20620948953156,Excellent,0,0,Vehicle_1730,0.0002,0.0%,LOW,124,2480,temperature,-3.8181,Cooling system,Inspect coolant level and radiator,temperature signal is elevated (SHAP=-3.818),31,Low,2026-06-28 20:56:51
83.63693605561056,25.585488058498083,773.9542605584361,0.1774895051640563,11.647451007046003,13.571660732643515,53.5195902017832,6.0,85.0,38.03339331393714,70.91001799418113,6.8177643,58.152689459296106,Warning,2,0,Vehicle_1731,0.0003,0.0%,LOW,124,2480,temperature,-3.9159,Cooling system,Inspect coolant level and radiator,temperature signal is elevated (SHAP=-3.916),31,Low,2026-06-28 20:56:51
84.53751228873723,34.20810503006896,2525.85237695006,0.337481788735702,12.760682032528942,55.842385208923,30.46798353977248,3.0,97.50121408428652,100.0,98.25084985900055,24.402285,92.95050991540036,Excellent,0,0,Vehicle_1732,0.0002,0.0%,LOW,124,2480,temperature,-3.7695,Cooling system,Inspect coolant level and radiator,temperature signal is elevated (SHAP=-3.769),31,Low,2026-06-28 20:56:51
81.7843733544233,46.276182227974815,3596.5956059799823,0.4069018475189164,11.745924744587816,19.125049591074077,47.40712637017486,7.0,72.87321016540557,58.81577034140548,68.65597821820555,8.939523,58.95674099920442,Warning,2,0,Vehicle_1733,0.0003,0.0%,LOW,124,2480,temperature,-5.863,Cooling system,Inspect coolant level and radiator,temperature signal is elevated (SHAP=-5.863),31,Low,2026-06-28 20:56:51
63.37031896539981,27.7512295512595,2533.9049829569003,0.1347064070486399,12.078719470556306,17.49461696777785,38.814233170420486,7.0,80.0,78.49717816044762,79.54915344813429,19.657219,69.42892770097009,Good,1,0,Vehicle_1734,0.0003,0.0%,LOW,124,2480,temperature,-5.7842,Cooling system,Inspect coolant level and radiator,temperature signal is elevated (SHAP=-5.784),31,Low,2026-06-28 20:56:51
77.25233886758751,30.42596829254969,2231.100317898925,0.1235357557266591,12.398719398387476,53.857573780504495,34.83110677635181,9.0,80.0,91.69717518348338,83.509152555045,19.392086,70.44492656972368,Good,1,0,Vehicle_1735,0.0004,0.0%,LOW,124,2480,temperature,-5.921,Cooling system,Inspect coolant level and radiator,temperature signal is elevated (SHAP=-5.921),31,Low,2026-06-28 20:56:51
98.7193608098027,27.322768413916425,1013.209649807216,0.7408057715024521,12.578002624456404,27.71842809599892,48.72017173033078,1.0,62.56127838039461,86.44402437570204,69.72610217898684,18.20426,77.12446618253252,Warning,2,0,Vehicle_1736,0.0002,0.0%,LOW,124,2480,temperature,-3.7233,Cooling system,Inspect coolant level and radiator,temperature signal is elevated (SHAP=-3.723),31,Low,2026-06-28 20:56:51
64.47498553673324,27.071880590628396,2861.803298161755,0.0463962414418189,12.295626150641873,49.85772497393245,37.90134498423028,3.0,100.0,87.44457871397725,96.23337361419316,16.39558,89.22893991131136,Excellent,0,0,Vehicle_1737,0.0002,0.0%,LOW,124,2480,temperature,-3.8049,Cooling system,Inspect coolant level and radiator,temperature signal is elevated (SHAP=-3.805),31,Low,2026-06-28 20:56:51
82.15666732691082,39.26669686871204,3029.020087106436,0.1554451465279591,13.007633470693154,52.76869038699729,34.03572470087719,7.0,80.0,100.0,86.0,19.047188,77.6,Good,1,0,Vehicle_1738,0.0004,0.0%,LOW,124,2480,temperature,-5.8296,Cooling system,Inspect coolant level and radiator,temperature signal is elevated (SHAP=-5.830),31,Low,2026-06-28 20:56:51
72.70369106843734,25.96217389363521,1074.6140007191198,0.157612260302856,12.689295832876912,53.660992016342696,48.79442172982033,4.0,95.0,87.09896611861089,92.62968983558326,16.77857,84.99760712507214,Excellent,0,0,Vehicle_1739,0.0003,0.0%,LOW,124,2480,temperature,-3.7904,Cooling system,Inspect coolant level and radiator,temperature signal is elevated (SHAP=-3.790),31,Low,2026-06-28 20:56:51
86.67025644097167,27.155517159801832,3407.625958957775,0.2595522612309038,12.657889901625683,31.91757185915797,47.49262253771892,6.0,85.0,91.52508337175568,86.9575250115267,17.152506,78.47953168126716,Good,1,0,Vehicle_1740,0.0002,0.0%,LOW,124,2480,temperature,-3.8108,Cooling system,Inspect coolant level and radiator,temperature signal is elevated (SHAP=-3.811),31,Low,2026-06-28 20:56:51
79.17050228399773,20.47504305761219,3112.556420713687,0.2174720243190942,11.908239639206135,67.97364764962398,47.01963321153876,7.0,61.90017223044876,64.59813219802126,62.709560220720505,6.1061916,56.54536257203655,Warning,2,0,Vehicle_1741,0.0004,0.0%,LOW,124,2480,temperature,-5.9434,Cooling system,Inspect coolant level and radiator,temperature signal is elevated (SHAP=-5.943),31,Low,2026-06-28 20:56:51
107.16090497462004,25.45432965274652,3405.8527540378764,0.2172224737398735,13.079747159018162,48.21529527067842,10.0,8.0,60.0,100.0,72.0,3.925395,67.19999999999999,Warning,2,1,Vehicle_1742,0.9958,99.6%,CRITICAL,5,100,temperature,4.6967,Cooling system,Inspect coolant level and radiator,temperature signal is rapidly deteriorating (SHAP=4.697),1,Immediate,2026-06-28 20:56:51
92.5987473128538,19.74960064227992,2966.8200734666734,0.1174767025858971,12.078773942288596,58.82151360342324,39.4017662573841,2.0,74.8025053742924,78.49942511940455,75.91158129782605,17.09106,77.24683380257653,Good,1,0,Vehicle_1743,0.0002,0.0%,LOW,124,2480,temperature,-3.7912,Cooling system,Inspect coolant level and radiator,temperature signal is elevated (SHAP=-3.791),31,Low,2026-06-28 20:56:51
65.32295251334183,33.79082819527157,3022.9461670490546,0.3553246619171706,13.095016973194838,26.07120772106007,37.121171930699695,2.0,96.31168920552196,100.0,97.41818244386536,24.402285,94.45090946631922,Excellent,0,0,Vehicle_1744,0.0002,0.0%,LOW,124,2480,temperature,-3.7911,Cooling system,Inspect coolant level and radiator,temperature signal is elevated (SHAP=-3.791),31,Low,2026-06-28 20:56:51
95.06842017420549,46.276182227974815,2916.576718961391,0.4063206584803965,13.208878022770229,46.43344886408026,34.65136745914514,4.0,77.77511575289596,100.0,84.44258102702716,21.381533,82.66554861621628,Good,1,0,Vehicle_1745,0.0002,0.0%,LOW,124,2480,temperature,-3.7911,Cooling system,Inspect coolant level and radiator,temperature signal is elevated (SHAP=-3.791),31,Low,2026-06-28 20:56:51
73.38022215606905,27.799927238096867,3194.7778572009565,0.3920609910669693,12.60506261294551,71.9458896654024,41.097796339726784,5.0,83.86260059553538,100.0,88.70382041687476,24.402285,83.22229225012487,Good,1,0,Vehicle_1746,0.0002,0.0%,LOW,124,2480,temperature,-3.7418,Cooling system,Inspect coolant level and radiator,temperature signal is elevated (SHAP=-3.742),31,Low,2026-06-28 20:56:51
76.345054429337,19.999452402058576,1044.9937847008653,0.1548035877166156,12.81280523907177,69.40355263617403,37.60556872504528,9.0,60.0,100.0,72.0,3.4210622,65.19999999999999,Warning,2,0,Vehicle_1747,0.0015,0.1%,LOW,124,2480,temperature,-6.2434,Cooling system,Inspect coolant level and radiator,temperature signal is elevated (SHAP=-6.243),31,Low,2026-06-28 20:56:51
89.70728530160683,35.3999979865784,1299.1524531027885,0.2264832807666028,11.327699806254133,34.05414634151212,41.77807417327181,0.0,100.0,67.0,90.1,99.70513,87.46,Excellent,0,0,Vehicle_1748,0.0002,0.0%,LOW,124,2480,temperature,-3.8191,Cooling system,Inspect coolant level and radiator,temperature signal is elevated (SHAP=-3.819),31,Low,2026-06-28 20:56:51
77.62378870404798,25.63845024641906,1911.193679848183,0.0676490784012072,12.321999033803849,39.088836188503095,32.320381922450075,2.0,100.0,88.53246014440876,96.55973804332262,19.392086,91.64233485487532,Excellent,0,0,Vehicle_1749,0.0002,0.0%,LOW,124,2480,temperature,-3.7995,Cooling system,Inspect coolant level and radiator,temperature signal is elevated (SHAP=-3.800),31,Low,2026-06-28 20:56:51
98.39283724484432,37.79608158332124,2396.143862661957,0.2291233351231349,12.840866255967816,30.226265398723623,49.98180630176493,9.0,63.21432551031134,83.06185857399925,69.1685854294177,7.0988297,60.11352297245047,Warning,2,0,Vehicle_1750,0.0005,0.1%,LOW,124,2480,temperature,-6.1445,Cooling system,Inspect coolant level and radiator,temperature signal is elevated (SHAP=-6.144),31,Low,2026-06-28 20:56:51
73.38234907729907,28.30782571326033,2810.509538646544,0.2268333865071137,12.769804107325632,36.87174163478237,42.78944191772826,6.0,85.0,100.0,89.5,20.079834,81.69999999999999,Good,1,0,Vehicle_1751,0.0003,0.0%,LOW,124,2480,temperature,-3.8269,Cooling system,Inspect coolant level and radiator,temperature signal is elevated (SHAP=-3.827),31,Low,2026-06-28 20:56:51
75.71580171112956,26.209105865503314,2759.74532258308,0.1450859478076334,11.91211066476005,22.01864918586942,40.4252659051484,6.0,85.0,71.62456492135203,80.9873694764056,19.657219,70.91733467011377,Good,1,0,Vehicle_1752,0.0002,0.0%,LOW,124,2480,temperature,-3.7995,Cooling system,Inspect coolant level and radiator,temperature signal is elevated (SHAP=-3.800),31,Low,2026-06-28 20:56:51
75.15443659677837,28.93225466552588,3393.684649164825,0.7408057715024521,12.28251118405285,47.23648255183052,39.93705233706864,2.0,80.0,86.90358634218009,82.07107590265403,24.303907,82.62336281002844,Good,1,0,Vehicle_1753,0.0002,0.0%,LOW,124,2480,temperature,-3.7348,Cooling system,Inspect coolant level and radiator,temperature signal is elevated (SHAP=-3.735),31,Low,2026-06-28 20:56:52
76.51541877467442,34.546660565617124,3418.796238864281,0.0755268439078192,11.385453797919542,62.66276796365688,46.57281307493564,6.0,85.0,61.65243554521883,77.99573066356564,13.79109,67.12792550718315,Good,1,0,Vehicle_1754,0.0002,0.0%,LOW,124,2480,temperature,-3.9599,Cooling system,Inspect coolant level and radiator,temperature signal is elevated (SHAP=-3.960),31,Low,2026-06-28 20:56:52
101.4878733332172,28.63547621546606,1802.0919133649656,0.0126462327335144,12.565197136069102,34.29894272397843,45.216877869354896,3.0,80.0,97.82699710704384,85.34809913211315,12.938285,84.77425890067666,Good,1,0,Vehicle_1755,0.0002,0.0%,LOW,124,2480,temperature,-3.8217,Cooling system,Inspect coolant level and radiator,temperature signal is elevated (SHAP=-3.822),31,Low,2026-06-28 20:56:52
94.43194440415456,27.01965178323777,2690.860888040377,0.7408057715024521,11.64666863950927,48.18787434677646,33.87227946453712,7.0,51.1361111916909,67.0,55.89527783418363,1.9097686,52.937166700510176,Critical,3,0,Vehicle_1756,0.0018,0.2%,LOW,124,2480,temperature,-6.2832,Cooling system,Inspect coolant level and radiator,temperature signal is elevated (SHAP=-6.283),31,Low,2026-06-28 20:56:52
110.64915931018106,28.80701038212677,1821.7347618225292,0.4865988351733639,12.852191137115028,45.59003184737286,44.90310380823296,0.0,57.56007765510908,100.0,70.29205435857635,99.49035,82.1752326151458,Warning,2,0,Vehicle_1757,0.0022,0.2%,LOW,124,2480,fault_count,-6.2204,ECU fault logs,Review and clear fault codes,fault_count signal is elevated (SHAP=-6.220),31,Low,2026-06-28 20:56:52
119.01466305848882,22.36886889299469,2349.4023693171466,0.0361085983906708,12.873089944286964,71.10237463196438,36.740522400420446,2.0,59.47547557197876,100.0,71.63283290038513,2.6254058,78.97969974023107,Warning,2,0,Vehicle_1758,0.0185,1.8%,LOW,122,2440,fault_count,-7.1809,ECU fault logs,Review and clear fault codes,fault_count signal is elevated (SHAP=-7.181),30,Low,2026-06-28 20:56:52
69.53924452101491,32.382189613763884,2757.433095238796,0.1383397387870702,12.2102532742374,37.768163263911575,54.16926791500329,6.0,85.0,52.74743665128158,75.32423099538447,9.314358,63.744025927487,Good,1,0,Vehicle_1759,0.0002,0.0%,LOW,124,2480,temperature,-3.9287,Cooling system,Inspect coolant level and radiator,temperature signal is elevated (SHAP=-3.929),31,Low,2026-06-28 20:56:52
86.05628690990933,19.27964043693054,500.0,0.0444249813651781,12.608510372181636,38.49567784698297,45.977278110469655,6.0,65.0,96.67725442440316,74.50317632732094,12.938285,72.0373566812732,Warning,2,0,Vehicle_1760,0.0002,0.0%,LOW,124,2480,temperature,-3.7987,Cooling system,Inspect coolant level and radiator,temperature signal is elevated (SHAP=-3.799),31,Low,2026-06-28 20:56:52
67.3569952503485,27.335271273806907,4428.995231711748,0.2184522023027819,12.313160510375797,33.079577434152775,28.743906814383067,8.0,71.42009536576505,88.1678710530016,76.44442807193602,20.8457,67.50023105376192,Good,1,0,Vehicle_1761,0.0004,0.0%,LOW,124,2480,temperature,-6.0051,Cooling system,Inspect coolant level and radiator,temperature signal is elevated (SHAP=-6.005),31,Low,2026-06-28 20:56:52
73.335911083776,34.55631125298446,2953.1269419179803,0.0413054555798246,12.496763358005946,27.249809598430247,58.30710689450265,8.0,80.0,61.741488517745296,74.52244655532358,8.166957,61.0617656367432,Warning,2,0,Vehicle_1762,0.0005,0.1%,LOW,124,2480,temperature,-6.0332,Cooling system,Inspect coolant level and radiator,temperature signal is elevated (SHAP=-6.033),31,Low,2026-06-28 20:56:52
75.54876234616496,31.8182896975963,2023.4373796692755,0.2422201769785909,11.94109623070274,60.5836998289394,13.979601640101706,0.0,100.0,72.82021951648801,91.8460658549464,99.69827,89.67168341626544,Excellent,0,0,Vehicle_1763,0.0002,0.0%,LOW,124,2480,temperature,-3.8218,Cooling system,Inspect coolant level and radiator,temperature signal is elevated (SHAP=-3.822),31,Low,2026-06-28 20:56:52
69.14267688792589,33.54192343791834,4041.8958041841834,0.0923350086533274,12.648997049295964,47.29778407339042,41.37354740669042,0.0,99.16208391631636,100.0,99.41345874142144,99.67958,99.64807524485286,Excellent,0,0,Vehicle_1764,0.0003,0.0%,LOW,124,2480,temperature,-3.8352,Cooling system,Inspect coolant level and radiator,temperature signal is elevated (SHAP=-3.835),31,Low,2026-06-28 20:56:52
69.22169090652379,29.609725963687147,2222.0550636110447,0.6630211996145104,11.743525907910234,51.09619719646604,28.03752670554714,3.0,80.0,67.0,76.1,25.180113,73.06,Good,1,0,Vehicle_1765,0.0002,0.0%,LOW,124,2480,temperature,-3.7472,Cooling system,Inspect coolant level and radiator,temperature signal is elevated (SHAP=-3.747),31,Low,2026-06-28 20:56:52
82.83573432219617,37.0184770859131,2606.0155086624463,0.1518971254480459,11.668027935068247,75.49282312390794,53.821802936730194,9.0,80.0,37.00587001511734,67.1017610045352,5.9724035,49.66223060574459,Warning,2,0,Vehicle_1766,0.0004,0.0%,LOW,124,2480,temperature,-6.0507,Cooling system,Inspect coolant level and radiator,temperature signal is elevated (SHAP=-6.051),31,Low,2026-06-28 20:56:52
66.74922372420389,35.54819518061875,2110.307351681898,0.2458004230393077,12.351228673333203,76.64161451855743,37.52806065295287,4.0,95.0,89.73818277499464,93.4214548324984,20.079834,86.00050945449797,Excellent,0,0,Vehicle_1767,0.0002,0.0%,LOW,124,2480,temperature,-3.8183,Cooling system,Inspect coolant level and radiator,temperature signal is elevated (SHAP=-3.818),31,Low,2026-06-28 20:56:52
97.6319043870645,32.67684602548605,3821.593469954672,0.0877772091173776,12.315502688155489,17.07531384330393,27.062045349128788,8.0,64.73619122587101,88.2644858864139,71.79467962403388,10.531509,64.7297049517031,Warning,2,0,Vehicle_1768,0.0004,0.0%,LOW,124,2480,temperature,-6.0992,Cooling system,Inspect coolant level and radiator,temperature signal is elevated (SHAP=-6.099),31,Low,2026-06-28 20:56:52
71.23369693873728,35.565274663881254,2416.012234955296,0.157828154003243,12.5089206922207,62.95669346191134,32.335052877804166,0.0,100.0,96.24297855410389,98.87289356623116,99.67958,98.57233185055948,Excellent,0,0,Vehicle_1769,0.0002,0.0%,LOW,124,2480,temperature,-3.8261,Cooling system,Inspect coolant level and radiator,temperature signal is elevated (SHAP=-3.826),31,Low,2026-06-28 20:56:52
123.67837025846389,34.50254132642146,2619.5872805916074,0.0127289967040382,12.140197003905469,54.51293851422378,27.86068541334409,9.0,50.0,81.03312641110057,59.30993792333017,1.2731314,53.792588036218206,Critical,3,1,Vehicle_1770,0.9995,100.0%,CRITICAL,5,100,temperature,4.6821,Cooling system,Inspect coolant level and radiator,temperature signal is rapidly deteriorating (SHAP=4.682),1,Immediate,2026-06-28 20:56:52
78.22923323553407,27.36321891991866,3463.025722420357,0.0824168835674339,13.154276666314235,40.76818001708127,31.94223021429921,0.0,100.0,100.0,100.0,99.67958,100.0,Excellent,0,0,Vehicle_1771,0.0003,0.0%,LOW,124,2480,temperature,-3.8339,Cooling system,Inspect coolant level and radiator,temperature signal is elevated (SHAP=-3.834),31,Low,2026-06-28 20:56:52
86.08026462875578,21.936606529852,2968.111565968861,0.209855426355321,12.464241995751776,56.55367374055885,31.71352384110495,8.0,67.746426119408,94.39998232476084,75.74249298101384,19.701874,68.32549225356047,Good,1,0,Vehicle_1772,0.0005,0.1%,LOW,124,2480,temperature,-5.9885,Cooling system,Inspect coolant level and radiator,temperature signal is elevated (SHAP=-5.989),31,Low,2026-06-28 20:56:52
65.56988223300948,32.52217275505574,2456.5215478927425,0.0720581062899635,12.493152711406491,15.472335295584289,27.48844131298945,8.0,80.0,95.59254934551778,84.67776480365534,20.138336,73.92516875129675,Good,1,0,Vehicle_1773,0.0005,0.1%,LOW,124,2480,temperature,-5.9341,Cooling system,Inspect coolant level and radiator,temperature signal is elevated (SHAP=-5.934),31,Low,2026-06-28 20:56:52
110.5913763719146,33.27653538498857,3388.3127778859703,0.0425903125726743,12.478893550962818,79.25284685552799,37.70063811582624,2.0,70.0,95.00435897721624,77.50130769316488,16.85328,81.50165641134217,Good,1,0,Vehicle_1774,0.0023,0.2%,LOW,124,2480,fault_count,-6.1623,ECU fault logs,Review and clear fault codes,fault_count signal is elevated (SHAP=-6.162),31,Low,2026-06-28 20:56:52
101.79251021204374,36.54283194683139,4530.786583542362,0.0085089814822358,12.801163947579232,60.29888194143816,38.91224163406732,3.0,69.38426832915276,100.0,78.56898783040694,16.85328,81.14139269824416,Good,1,0,Vehicle_1775,0.0003,0.0%,LOW,124,2480,temperature,-3.8268,Cooling system,Inspect coolant level and radiator,temperature signal is elevated (SHAP=-3.827),31,Low,2026-06-28 20:56:52
89.45373806104169,24.38207234972824,2753.928359039537,0.1229626108740562,12.630406965793783,32.69604510334682,25.036936087240328,5.0,87.52828939891296,100.0,91.26980257923908,19.392086,84.76188154754344,Excellent,0,0,Vehicle_1776,0.0003,0.0%,LOW,124,2480,temperature,-3.8097,Cooling system,Inspect coolant level and radiator,temperature signal is elevated (SHAP=-3.810),31,Low,2026-06-28 20:56:52
64.79796176830652,24.56141364433702,2593.408070298053,0.507297634737739,12.576807159883312,38.291795563609526,18.417312369560022,7.0,64.4258122614988,99.04329534518664,74.81105718660515,25.280869,70.69529338100043,Warning,2,0,Vehicle_1777,0.0003,0.0%,LOW,124,2480,temperature,-5.7236,Cooling system,Inspect coolant level and radiator,temperature signal is elevated (SHAP=-5.724),31,Low,2026-06-28 20:56:52
88.1600031658693,32.75940159784662,2636.5016668952653,0.3098138036584857,12.694393641946236,15.937070489051194,38.10956452149571,1.0,99.34574642276762,100.0,99.54202249593732,18.618567,97.7252134975624,Excellent,0,0,Vehicle_1778,0.0003,0.0%,LOW,124,2480,temperature,-3.8355,Cooling system,Inspect coolant level and radiator,temperature signal is elevated (SHAP=-3.836),31,Low,2026-06-28 20:56:52
68.17853430974117,29.57299806688148,3548.343600665214,0.7408057715024521,11.670154145181124,43.72085500327492,40.319205511195335,2.0,80.0,67.0,76.1,19.399792,75.06,Good,1,0,Vehicle_1779,0.0002,0.0%,LOW,124,2480,temperature,-3.7472,Cooling system,Inspect coolant level and radiator,temperature signal is elevated (SHAP=-3.747),31,Low,2026-06-28 20:56:52
106.9353289521004,18.685430336573237,2020.641811973662,0.3076477875614674,11.685260939765689,40.34536045518834,42.302167619612334,7.0,39.49014749590217,67.0,47.74310324713152,1.434654,48.04586194827891,Critical,3,1,Vehicle_1780,0.9987,99.9%,CRITICAL,5,100,temperature,4.7635,Cooling system,Inspect coolant level and radiator,temperature signal is rapidly deteriorating (SHAP=4.763),1,Immediate,2026-06-28 20:56:52
97.1379209777976,32.25064898252514,2277.345952230671,0.1137449696841979,12.369576501879424,23.497792257524814,40.51174381594128,8.0,65.72415804440482,90.49503070252624,73.15541984184124,13.591689,65.99225804560999,Warning,2,0,Vehicle_1781,0.0005,0.1%,LOW,124,2480,temperature,-6.1023,Cooling system,Inspect coolant level and radiator,temperature signal is elevated (SHAP=-6.102),31,Low,2026-06-28 20:56:52
86.43158557731604,18.885462510066272,1270.045640698687,0.4812982218383638,12.32093044692724,65.53404467419556,50.7271677573699,1.0,67.91345187744241,69.01601056069096,68.24421948241698,18.53739,72.74973380158838,Warning,2,0,Vehicle_1782,0.0002,0.0%,LOW,124,2480,temperature,-3.7207,Cooling system,Inspect coolant level and radiator,temperature signal is elevated (SHAP=-3.721),31,Low,2026-06-28 20:56:52
48.45436505129017,24.32846068875974,1552.9057098880212,0.3522246561512759,12.631923937619284,75.53594379388952,44.97067886931264,8.0,73.83219901162056,100.0,81.68253930813438,25.280869,73.00952358488063,Good,1,0,Vehicle_1783,0.0004,0.0%,LOW,124,2480,temperature,-5.816,Cooling system,Inspect coolant level and radiator,temperature signal is elevated (SHAP=-5.816),31,Low,2026-06-28 20:56:52
70.24876032011454,38.11008823716064,2085.759997841624,0.1594476393863569,12.408006760873402,49.452790199110446,61.519698055824975,8.0,80.0,58.08027888602783,73.42408366580835,8.166957,59.67050597669058,Warning,2,0,Vehicle_1784,0.0005,0.1%,LOW,124,2480,temperature,-6.0284,Cooling system,Inspect coolant level and radiator,temperature signal is elevated (SHAP=-6.028),31,Low,2026-06-28 20:56:52
95.31641697399807,40.94927410684269,2455.250404751662,0.7408057715024521,12.632745973781685,43.88706234307264,61.519698055824975,8.0,49.367166052003824,66.0,54.35701623640267,2.3263693,49.8142097418416,Critical,3,0,Vehicle_1785,0.0019,0.2%,LOW,124,2480,temperature,-6.4195,Cooling system,Inspect coolant level and radiator,temperature signal is elevated (SHAP=-6.420),31,Low,2026-06-28 20:56:52
103.19325537584734,22.70606178916823,3915.266660616096,0.7408057715024521,11.901761892175486,58.699692042635874,17.418974123552864,2.0,50.824247156672925,71.19767805223877,56.93627642534267,5.3181114,64.40130146565335,Critical,3,0,Vehicle_1786,0.0002,0.0%,LOW,124,2480,temperature,-3.8493,Cooling system,Inspect coolant level and radiator,temperature signal is elevated (SHAP=-3.849),31,Low,2026-06-28 20:56:52
101.63754717238196,28.023650775523837,2928.7942439401795,0.0312545624063302,12.395702171836522,49.60722075009914,13.028613687641544,6.0,65.0,91.57271458825652,72.97181437647696,14.993679,70.09763154353747,Warning,2,0,Vehicle_1787,0.0002,0.0%,LOW,124,2480,temperature,-3.8054,Cooling system,Inspect coolant level and radiator,temperature signal is elevated (SHAP=-3.805),31,Low,2026-06-28 20:56:52
61.11980496637817,30.25573513847224,1770.3371918481648,0.7408057715024521,11.863577304816886,28.35641567537628,34.92608702153285,1.0,80.0,69.62256382369651,76.88676914710895,20.146257,78.05657425300467,Good,1,0,Vehicle_1788,0.0002,0.0%,LOW,124,2480,temperature,-3.742,Cooling system,Inspect coolant level and radiator,temperature signal is elevated (SHAP=-3.742),31,Low,2026-06-28 20:56:52
89.52328460219356,40.68736156548941,1917.615611708708,0.2046073257208362,12.55474317374856,36.946440268254776,40.042324298803216,1.0,100.0,98.13315591712814,99.43994677513844,13.161814,97.2905992485087,Excellent,0,0,Vehicle_1789,0.0003,0.0%,LOW,124,2480,temperature,-3.8344,Cooling system,Inspect coolant level and radiator,temperature signal is elevated (SHAP=-3.834),31,Low,2026-06-28 20:56:52
100.23272824724394,27.04278631305359,3599.7989465845235,0.2518764004251302,11.648685983054673,44.071279865039386,34.24114990994278,0.0,80.0,67.0,76.1,99.59825,79.06,Good,1,0,Vehicle_1790,0.0002,0.0%,LOW,124,2480,temperature,-3.801,Cooling system,Inspect coolant level and radiator,temperature signal is elevated (SHAP=-3.801),31,Low,2026-06-28 20:56:52
60.124966516266326,27.138695861800333,3401.288278903354,0.3579895133047223,12.539324039416352,54.96373188953392,42.0358044605776,4.0,91.13403244635184,97.49711662592452,93.04295770022364,23.994816,87.32519794531909,Excellent,0,0,Vehicle_1791,0.0002,0.0%,LOW,124,2480,temperature,-3.7398,Cooling system,Inspect coolant level and radiator,temperature signal is elevated (SHAP=-3.740),31,Low,2026-06-28 20:56:52
84.88143226940146,39.29235335077717,2522.5199281793625,0.0431871489552009,11.812400247641156,50.18673435752936,32.29757924601625,7.0,80.0,67.51151021519765,76.2534530645593,15.957141,65.25437388177511,Good,1,0,Vehicle_1792,0.0003,0.0%,LOW,124,2480,temperature,-5.9818,Cooling system,Inspect coolant level and radiator,temperature signal is elevated (SHAP=-5.982),31,Low,2026-06-28 20:56:52
89.10763597462685,27.75126508369045,2145.9788275689343,0.1860227172939286,12.246588882711285,54.20738759974232,28.060492365858764,1.0,100.0,85.42179141184042,95.62653742355212,19.657219,92.46028073649936,Excellent,0,0,Vehicle_1793,0.0002,0.0%,LOW,124,2480,temperature,-3.7966,Cooling system,Inspect coolant level and radiator,temperature signal is elevated (SHAP=-3.797),31,Low,2026-06-28 20:56:52
80.48853122729898,34.33321025379875,3399.9462685637145,0.0461143795713397,12.7579710765797,19.503440334321564,29.571091401489557,1.0,100.0,100.0,100.0,19.392086,98.0,Excellent,0,0,Vehicle_1794,0.0003,0.0%,LOW,124,2480,temperature,-3.8394,Cooling system,Inspect coolant level and radiator,temperature signal is elevated (SHAP=-3.839),31,Low,2026-06-28 20:56:52
57.21757216898197,21.13714220932544,1705.338298620251,0.141215941792335,12.490951995439367,63.30435488169858,32.99831630935796,2.0,84.54856883730174,95.50176981187391,87.8345291296734,20.138336,87.80107144017882,Good,1,0,Vehicle_1795,0.0002,0.0%,LOW,124,2480,temperature,-3.788,Cooling system,Inspect coolant level and radiator,temperature signal is elevated (SHAP=-3.788),31,Low,2026-06-28 20:56:52
80.11452834889407,28.972603535446044,2813.6243184460186,0.0251455762411599,11.74173591051028,50.068317680170246,43.43512344060149,1.0,100.0,67.0,90.1,17.09106,85.46,Excellent,0,0,Vehicle_1796,0.0002,0.0%,LOW,124,2480,temperature,-3.8172,Cooling system,Inspect coolant level and radiator,temperature signal is elevated (SHAP=-3.817),31,Low,2026-06-28 20:56:52
80.09041854617465,20.04241897004157,4318.1271927146645,0.1547610939819419,12.131042462122393,101.05418108300309,30.1325930333417,8.0,53.807132025873,47.65550156254861,51.96164288687568,1.8940032,44.70808604463512,Critical,3,0,Vehicle_1797,0.0082,0.8%,LOW,123,2460,temperature,-6.4937,Cooling system,Inspect coolant level and radiator,temperature signal is elevated (SHAP=-6.494),30,Low,2026-06-28 20:56:52
82.77891393178369,23.667397314265774,2664.284545801166,0.0515692499859485,11.79944858980928,42.247312596471744,32.11031297083295,1.0,94.6695892570631,67.0,86.36871247994415,19.657219,83.22122748796649,Good,1,0,Vehicle_1798,0.0002,0.0%,LOW,124,2480,temperature,-3.7995,Cooling system,Inspect coolant level and radiator,temperature signal is elevated (SHAP=-3.800),31,Low,2026-06-28 20:56:52
76.54792861862396,35.03520813091358,1879.5124165907168,0.1797585712274879,11.722096600157922,56.469169902187446,40.702168440443536,2.0,100.0,67.0,90.1,19.657219,83.46,Excellent,0,0,Vehicle_1799,0.0002,0.0%,LOW,124,2480,temperature,-3.8213,Cooling system,Inspect coolant level and radiator,temperature signal is elevated (SHAP=-3.821),31,Low,2026-06-28 20:56:52
78.354817701378,29.700567653479723,2828.2949621372304,0.2647453535093516,12.44706527045359,103.20347233180824,33.0120360245481,3.0,100.0,60.69144240621061,88.20743272186319,20.351988,79.06274811436003,Good,1,0,Vehicle_1800,0.0002,0.0%,LOW,124,2480,temperature,-3.8034,Cooling system,Inspect coolant level and radiator,temperature signal is elevated (SHAP=-3.803),31,Low,2026-06-28 20:56:52
84.40440576479533,28.085365556682152,2123.993024787722,0.7134313791302441,12.62411933742404,53.88183259006357,46.16710550645389,2.0,80.0,96.03184127805676,84.80955238341703,21.010471,86.09209968566157,Good,1,0,Vehicle_1801,0.0002,0.0%,LOW,124,2480,temperature,-3.7299,Cooling system,Inspect coolant level and radiator,temperature signal is elevated (SHAP=-3.730),31,Low,2026-06-28 20:56:52
91.63681907454568,25.507502256114496,1384.7073249972684,0.2283530604923767,12.576242368286277,48.64738921447967,25.804937677649388,9.0,76.72636185090866,99.01999769180892,83.41445260317874,19.725693,71.85267110026903,Good,1,0,Vehicle_1802,0.0005,0.1%,LOW,124,2480,temperature,-5.8945,Cooling system,Inspect coolant level and radiator,temperature signal is elevated (SHAP=-5.894),31,Low,2026-06-28 20:56:52
80.43359855714999,28.676063560552304,3060.8288214976856,0.2734876522703944,12.6410507259519,30.26156210498697,23.63636243534513,2.0,100.0,100.0,100.0,20.8457,96.0,Excellent,0,0,Vehicle_1803,0.0002,0.0%,LOW,124,2480,temperature,-3.8236,Cooling system,Inspect coolant level and radiator,temperature signal is elevated (SHAP=-3.824),31,Low,2026-06-28 20:56:52
78.85526607447997,31.806679002604163,3394.267520439778,0.0044386587290007,12.395235659645673,80.5653273441797,38.04629034018343,4.0,95.0,90.62068084248747,93.68620425274624,19.047188,86.33585872014524,Excellent,0,0,Vehicle_1804,0.0002,0.0%,LOW,124,2480,temperature,-3.8183,Cooling system,Inspect coolant level and radiator,temperature signal is elevated (SHAP=-3.818),31,Low,2026-06-28 20:56:52
86.38531057381687,35.89749723877057,2251.274662341942,0.2405395084283648,12.290643912500013,26.8179682764686,39.04288462264796,5.0,90.0,87.23906139062552,89.17171841718765,17.393625,80.95084332843768,Good,1,0,Vehicle_1805,0.0002,0.0%,LOW,124,2480,temperature,-3.8296,Cooling system,Inspect coolant level and radiator,temperature signal is elevated (SHAP=-3.830),31,Low,2026-06-28 20:56:52
56.18626111157228,14.249119895419186,2198.211460722981,0.1345351927308942,11.970772269175075,58.54241833696244,26.350405059165876,2.0,70.0,74.04435610347184,71.21330683104155,19.618338,73.5368553193193,Warning,2,0,Vehicle_1806,0.0002,0.0%,LOW,124,2480,temperature,-3.7917,Cooling system,Inspect coolant level and radiator,temperature signal is elevated (SHAP=-3.792),31,Low,2026-06-28 20:56:52
92.15552690839688,25.00943295442314,1730.7476871025365,0.2227068400003375,12.2239681312998,40.52889357383237,48.435954013274255,4.0,90.68894618320628,72.80644177098429,85.32419485953967,17.715132,77.75580526992066,Good,1,0,Vehicle_1807,0.0002,0.0%,LOW,124,2480,temperature,-3.7943,Cooling system,Inspect coolant level and radiator,temperature signal is elevated (SHAP=-3.794),31,Low,2026-06-28 20:56:52
84.99155354315562,30.95457745313404,2380.051519625946,0.0661506140362946,11.871460645869533,46.21327474843955,54.24936809770226,1.0,100.0,38.49990010993053,81.54997003297916,17.09106,74.62996204177361,Good,1,0,Vehicle_1808,0.0002,0.0%,LOW,124,2480,temperature,-3.8057,Cooling system,Inspect coolant level and radiator,temperature signal is elevated (SHAP=-3.806),31,Low,2026-06-28 20:56:53
85.59540289896343,29.406821304226284,2050.1052936614474,0.1348872988981927,12.061933789149233,21.52135462779884,28.721457871592843,4.0,95.0,77.80476880240585,89.84143064072175,19.657219,81.46581214491422,Good,1,0,Vehicle_1809,0.0002,0.0%,LOW,124,2480,temperature,-3.8296,Cooling system,Inspect coolant level and radiator,temperature signal is elevated (SHAP=-3.830),31,Low,2026-06-28 20:56:53
99.41101461391696,32.42025745516035,1691.1738506373956,0.5303518089966447,12.435570748175216,76.8625444346779,49.87300672731191,0.0,65.8211835057231,76.64907048936718,69.06954960081632,99.74884,76.77154385836323,Warning,2,0,Vehicle_1810,0.0002,0.0%,LOW,124,2480,temperature,-3.7504,Cooling system,Inspect coolant level and radiator,temperature signal is elevated (SHAP=-3.750),31,Low,2026-06-28 20:56:53
55.70776704927628,31.605241716759323,4013.735064319685,0.2397061876408478,12.35287756498363,44.44405388163447,11.178678279992774,4.0,94.72529871360628,89.80619955557478,93.24956896619685,20.8457,85.91098129083305,Excellent,0,0,Vehicle_1811,0.0002,0.0%,LOW,124,2480,temperature,-3.826,Cooling system,Inspect coolant level and radiator,temperature signal is elevated (SHAP=-3.826),31,Low,2026-06-28 20:56:53
55.39249195211555,28.170792822039555,2873.1942533996057,0.4150015372322613,13.469879606837369,25.69820682213933,45.761122667180246,3.0,92.33323085118258,97.41218293158715,93.85691647530396,24.402285,89.79658647149981,Excellent,0,0,Vehicle_1812,0.0002,0.0%,LOW,124,2480,temperature,-3.7786,Cooling system,Inspect coolant level and radiator,temperature signal is elevated (SHAP=-3.779),31,Low,2026-06-28 20:56:53
89.10705767985279,26.838880824076934,2957.916086423482,0.1752046952780015,11.861681760997998,75.05381194080184,26.422372288715827,3.0,100.0,69.54437264116739,90.86331179235022,19.657219,82.4268616036436,Excellent,0,0,Vehicle_1813,0.0002,0.0%,LOW,124,2480,temperature,-3.7941,Cooling system,Inspect coolant level and radiator,temperature signal is elevated (SHAP=-3.794),31,Low,2026-06-28 20:56:53
84.89324717307227,28.526991061586997,3206.719655145942,0.0349330406557196,12.349960511667287,39.917263739253926,44.7607268197214,1.0,100.0,89.68587110627561,96.90576133188269,16.85328,94.08063102038471,Excellent,0,0,Vehicle_1814,0.0002,0.0%,LOW,124,2480,temperature,-3.8172,Cooling system,Inspect coolant level and radiator,temperature signal is elevated (SHAP=-3.817),31,Low,2026-06-28 20:56:53
87.55265414787898,36.89245409893645,3116.8289734078444,0.0001072591578166,11.83050715551851,56.69214583461442,25.38724014043334,9.0,80.0,68.25842016513855,76.47752604954157,9.547502,61.538199662752646,Good,1,0,Vehicle_1815,0.0004,0.0%,LOW,124,2480,temperature,-6.0951,Cooling system,Inspect coolant level and radiator,temperature signal is elevated (SHAP=-6.095),31,Low,2026-06-28 20:56:53
78.06809387241331,25.607952402565715,2169.512037762628,0.1715126911505127,12.24488564961202,66.82832764268733,34.31512465373205,0.0,100.0,85.35153304649579,95.60545991394874,99.68493,94.4335825576684,Excellent,0,0,Vehicle_1816,0.0002,0.0%,LOW,124,2480,temperature,-3.7912,Cooling system,Inspect coolant level and radiator,temperature signal is elevated (SHAP=-3.791),31,Low,2026-06-28 20:56:53
94.96530511359896,29.623159661136267,2718.0420983771737,0.2079563428973645,12.261162727153929,59.4806866114864,26.898844034581604,1.0,90.06938977280205,86.02296249509948,88.85546158949128,19.970196,88.51786945271466,Good,1,0,Vehicle_1817,0.0002,0.0%,LOW,124,2480,temperature,-3.8218,Cooling system,Inspect coolant level and radiator,temperature signal is elevated (SHAP=-3.822),31,Low,2026-06-28 20:56:53
98.9895826448668,31.10005328399053,2284.775612591472,0.0948419729368709,12.737952010493256,6.067288990019293,32.861193022179194,1.0,82.0208347102664,100.0,87.41458429718648,16.85328,90.44875057831187,Good,1,0,Vehicle_1818,0.0003,0.0%,LOW,124,2480,temperature,-3.8394,Cooling system,Inspect coolant level and radiator,temperature signal is elevated (SHAP=-3.839),31,Low,2026-06-28 20:56:53
92.25973440927292,39.36210557924674,2850.770899821328,0.1981406782998292,12.220133384312833,63.90713401955574,53.29924028930445,9.0,75.48053118145418,56.11308511926914,69.67029736279866,6.8177643,55.02479544153302,Warning,2,0,Vehicle_1819,0.0005,0.1%,LOW,124,2480,temperature,-6.06,Cooling system,Inspect coolant level and radiator,temperature signal is elevated (SHAP=-6.060),31,Low,2026-06-28 20:56:53
81.08757312393125,28.19815045058212,2773.352708766532,0.383044288432226,12.323472159977538,47.98772474669744,33.920622034065936,3.0,94.46371410451826,88.59322659907343,92.7025678528848,24.402285,87.34018603154557,Excellent,0,0,Vehicle_1820,0.0002,0.0%,LOW,124,2480,temperature,-3.7496,Cooling system,Inspect coolant level and radiator,temperature signal is elevated (SHAP=-3.750),31,Low,2026-06-28 20:56:53
53.38465918578396,35.75283993606577,2193.8717913086384,0.1413758207299707,12.227872815011112,43.419426063933344,56.10301623925836,4.0,95.0,50.64975361920838,81.69492608576252,20.657724,71.14690637529918,Good,1,0,Vehicle_1821,0.0002,0.0%,LOW,124,2480,temperature,-3.8057,Cooling system,Inspect coolant level and radiator,temperature signal is elevated (SHAP=-3.806),31,Low,2026-06-28 20:56:53
96.53854312055692,37.39187641959013,1436.5610216625607,0.3120853278447076,11.839579302377118,47.81850102049555,31.14187438907164,7.0,66.11722523590564,68.63264622305607,66.87185153205075,6.829685,59.84964016384166,Warning,2,0,Vehicle_1822,0.0003,0.0%,LOW,124,2480,temperature,-5.9637,Cooling system,Inspect coolant level and radiator,temperature signal is elevated (SHAP=-5.964),31,Low,2026-06-28 20:56:53
103.32592999326388,29.61747441005611,2616.989645572406,0.7408057715024521,12.139159051282755,17.799344121178365,49.91764703806802,0.0,60.0,64.27031093598245,61.281093280794735,99.63037,69.62271815567334,Warning,2,0,Vehicle_1823,0.0002,0.0%,LOW,124,2480,temperature,-3.7472,Cooling system,Inspect coolant level and radiator,temperature signal is elevated (SHAP=-3.747),31,Low,2026-06-28 20:56:53
94.6683761797597,28.735686125539424,2336.584409754161,0.4407854232140273,12.247225313966473,53.843418293236056,18.74307393487197,0.0,81.27755275954543,85.44804420111699,82.52870019201688,99.74951,86.60682895543353,Good,1,0,Vehicle_1824,0.0002,0.0%,LOW,124,2480,temperature,-3.75,Cooling system,Inspect coolant level and radiator,temperature signal is elevated (SHAP=-3.750),31,Low,2026-06-28 20:56:53
71.8053635894874,28.025677967710703,987.7022018329932,0.122918958291123,12.429530353362557,22.712172525813795,32.13490944621809,1.0,100.0,92.9681270762054,97.8904381228616,19.047188,95.32788828895804,Excellent,0,0,Vehicle_1825,0.0002,0.0%,LOW,124,2480,temperature,-3.7944,Cooling system,Inspect coolant level and radiator,temperature signal is elevated (SHAP=-3.794),31,Low,2026-06-28 20:56:53
95.10691590501636,28.465061194544507,2906.129415110974,0.065079839302211,12.623578914889931,44.28320580886737,29.638900146746423,6.0,74.78616818996727,100.0,82.35031773297709,16.919046,77.41019063978625,Good,1,0,Vehicle_1826,0.0003,0.0%,LOW,124,2480,temperature,-3.8269,Cooling system,Inspect coolant level and radiator,temperature signal is elevated (SHAP=-3.827),31,Low,2026-06-28 20:56:53
97.90794561942168,35.125439163461,3272.2736897942204,0.2013717034021284,12.306161396115588,53.12528863076422,50.37705600797142,9.0,64.18410876115664,69.59716716266517,65.80802628160919,6.083989,55.404249201498544,Warning,2,0,Vehicle_1827,0.0005,0.1%,LOW,124,2480,temperature,-6.0943,Cooling system,Inspect coolant level and radiator,temperature signal is elevated (SHAP=-6.094),31,Low,2026-06-28 20:56:53
108.38224371698628,31.386059863533085,4522.68518016716,0.4983800664827805,12.29912949440746,71.48074175975228,36.85248786036074,6.0,41.3209586311381,87.58909164430779,55.201398535089,2.060163,58.63865744991496,Critical,3,0,Vehicle_1828,0.0283,2.8%,LOW,121,2420,fault_count,-7.2381,ECU fault logs,Review and clear fault codes,fault_count signal is elevated (SHAP=-7.238),30,Low,2026-06-28 20:56:53
71.85835113658064,31.411738255019216,2187.041997343471,0.2774371153571028,11.71167473660518,33.60773680280571,14.119168303525049,8.0,80.0,67.0,76.1,15.398699,63.06,Good,1,0,Vehicle_1829,0.0004,0.0%,LOW,124,2480,temperature,-6.0996,Cooling system,Inspect coolant level and radiator,temperature signal is elevated (SHAP=-6.100),31,Low,2026-06-28 20:56:53
81.60318123183792,23.24865893772099,2069.030482760746,0.6745417662747479,12.61589380690254,79.03174743691977,21.898703452764376,8.0,52.99463575088396,100.0,67.09624502561877,8.142769,64.25774701537125,Warning,2,0,Vehicle_1830,0.0005,0.1%,LOW,124,2480,temperature,-5.9443,Cooling system,Inspect coolant level and radiator,temperature signal is elevated (SHAP=-5.944),31,Low,2026-06-28 20:56:53
96.20908076715185,24.19505953574859,1612.463175648607,0.7142446831356546,12.121640845139984,68.93706507030295,24.873377506205998,2.0,64.3620766086907,80.26768486202432,69.13375908469078,23.805029,73.53379242321934,Warning,2,0,Vehicle_1831,0.0002,0.0%,LOW,124,2480,temperature,-3.7111,Cooling system,Inspect coolant level and radiator,temperature signal is elevated (SHAP=-3.711),31,Low,2026-06-28 20:56:53
85.86115107157237,42.86068094866188,2666.913525189605,0.1665022497420625,12.698849295291913,41.41180515018928,44.34050294112168,1.0,100.0,100.0,100.0,16.54427,98.0,Excellent,0,0,Vehicle_1832,0.0003,0.0%,LOW,124,2480,temperature,-3.8394,Cooling system,Inspect coolant level and radiator,temperature signal is elevated (SHAP=-3.839),31,Low,2026-06-28 20:56:53
68.24008596923088,28.933045648267864,2661.854544446684,0.3826272462639462,12.92657597914168,27.825014671947944,43.05007483656276,1.0,94.49151691573692,100.0,96.14406184101584,23.994816,95.6864371046095,Excellent,0,0,Vehicle_1833,0.0002,0.0%,LOW,124,2480,temperature,-3.7786,Cooling system,Inspect coolant level and radiator,temperature signal is elevated (SHAP=-3.779),31,Low,2026-06-28 20:56:53
91.21924427540054,25.35136802652984,1850.9629321706009,0.1685917942366315,12.324833989322798,21.123676355391577,31.996005670388804,7.0,77.56151144919892,88.6494020595654,80.88787863230885,16.919046,72.26260759129839,Good,1,0,Vehicle_1834,0.0004,0.0%,LOW,124,2480,temperature,-5.7788,Cooling system,Inspect coolant level and radiator,temperature signal is elevated (SHAP=-5.779),31,Low,2026-06-28 20:56:53
93.6799245072275,38.58659499353578,2360.056094396928,0.0004947575205151,11.990675487693643,55.43507703066279,29.514902063824277,6.0,77.640150985545,74.86536386736276,76.80771485009032,17.636086,69.05770168352674,Good,1,0,Vehicle_1835,0.0002,0.0%,LOW,124,2480,temperature,-3.926,Cooling system,Inspect coolant level and radiator,temperature signal is elevated (SHAP=-3.926),31,Low,2026-06-28 20:56:53
86.31944344496503,31.690851292101318,917.0674664885146,0.7408057715024521,12.39332055476548,35.25431700918372,42.16388240850053,8.0,60.0,91.47447288407608,69.44234186522283,4.412073,63.96029969594891,Warning,2,0,Vehicle_1836,0.0004,0.0%,LOW,124,2480,temperature,-5.9532,Cooling system,Inspect coolant level and radiator,temperature signal is elevated (SHAP=-5.953),31,Low,2026-06-28 20:56:53
88.29377390769916,33.46892950118713,3241.101398266597,0.2267278549589021,12.539480799207457,73.9871361056343,23.7047690756804,5.0,90.0,97.50358296730754,92.25107489019226,19.725693,84.85136152757686,Excellent,0,0,Vehicle_1837,0.0002,0.0%,LOW,124,2480,temperature,-3.8236,Cooling system,Inspect coolant level and radiator,temperature signal is elevated (SHAP=-3.824),31,Low,2026-06-28 20:56:53
81.11941147471404,29.1717175483108,1883.4565922622664,0.1634910330741513,12.273791999501311,36.40952340343459,39.576689779503525,9.0,80.0,86.54391997942908,81.96317599382873,17.157566,68.48668959218305,Good,1,0,Vehicle_1838,0.0004,0.0%,LOW,124,2480,temperature,-6.034,Cooling system,Inspect coolant level and radiator,temperature signal is elevated (SHAP=-6.034),31,Low,2026-06-28 20:56:53
107.1741840357409,28.087961456539176,2472.2749188696166,0.0227308271549932,12.17438463624827,31.986580398960555,38.72517996870233,8.0,60.0,82.44336624524112,66.73300987357234,1.0391295,60.52847917319163,Warning,2,1,Vehicle_1839,0.9996,100.0%,CRITICAL,5,100,temperature,4.8242,Cooling system,Inspect coolant level and radiator,temperature signal is rapidly deteriorating (SHAP=4.824),1,Immediate,2026-06-28 20:56:53
71.48961724430985,28.982481765016257,1358.6452629617768,0.0745864965718657,12.625412884278964,54.67252702488627,32.25410406933235,8.0,80.0,100.0,86.0,15.233374,75.6,Good,1,0,Vehicle_1840,0.0005,0.1%,LOW,124,2480,temperature,-5.9228,Cooling system,Inspect coolant level and radiator,temperature signal is elevated (SHAP=-5.923),31,Low,2026-06-28 20:56:53
76.19018855854331,21.70357097820824,2034.1171204307411,0.0806312731579557,12.59903130987768,36.279062856811535,38.97677965045715,8.0,66.81428391283296,99.96004153245428,76.75801119871934,19.392086,70.04681502572247,Good,1,0,Vehicle_1841,0.0005,0.1%,LOW,124,2480,temperature,-5.9019,Cooling system,Inspect coolant level and radiator,temperature signal is elevated (SHAP=-5.902),31,Low,2026-06-28 20:56:53
85.16478270291289,29.47243554348061,2276.3270771859784,0.307697215012666,12.261484143869136,50.17099986737607,36.02094353074684,1.0,99.48685233248892,86.03622093460187,95.4516629131228,19.814772,92.47824193479406,Excellent,0,0,Vehicle_1842,0.0002,0.0%,LOW,124,2480,temperature,-3.8258,Cooling system,Inspect coolant level and radiator,temperature signal is elevated (SHAP=-3.826),31,Low,2026-06-28 20:56:53
98.1843104155134,31.776198462255703,2490.967322431336,0.5304815686994891,11.738373533895723,69.71978660117043,39.9741949475654,7.0,48.26594125567394,67.0,53.88615887897176,2.295369,51.73169532738305,Critical,3,0,Vehicle_1843,0.0034,0.3%,LOW,124,2480,temperature,-6.3515,Cooling system,Inspect coolant level and radiator,temperature signal is elevated (SHAP=-6.351),31,Low,2026-06-28 20:56:53
62.53940244858195,41.10277940306253,2883.786012418009,0.0188981521419756,12.58255127415178,52.34458663337448,21.658976915199062,9.0,80.0,99.28024005876098,85.78407201762829,21.156872,73.32649122232917,Good,1,0,Vehicle_1844,0.0005,0.1%,LOW,124,2480,temperature,-5.9313,Cooling system,Inspect coolant level and radiator,temperature signal is elevated (SHAP=-5.931),31,Low,2026-06-28 20:56:53
65.34554875351841,30.51599439003129,3651.260066788977,0.2534806077812667,12.093069122623447,52.41928921405448,41.14501980528702,2.0,100.0,79.08910130821727,93.7267303924652,20.351988,88.05385849712256,Excellent,0,0,Vehicle_1845,0.0002,0.0%,LOW,124,2480,temperature,-3.8133,Cooling system,Inspect coolant level and radiator,temperature signal is elevated (SHAP=-3.813),31,Low,2026-06-28 20:56:53
54.43407238397924,15.99493774673817,3086.168754215485,0.0239082377129099,12.485736430148124,54.10293417816836,45.26601329502272,8.0,60.0,94.38218254053288,70.31465476215986,5.5098057,65.06522936540249,Warning,2,0,Vehicle_1846,0.0005,0.1%,LOW,124,2480,temperature,-6.0615,Cooling system,Inspect coolant level and radiator,temperature signal is elevated (SHAP=-6.061),31,Low,2026-06-28 20:56:53
85.49042837879907,29.436087403292277,3269.731634516996,0.1021472848660679,12.460462892671616,16.13802019429214,38.209514205644446,3.0,100.0,94.24409432270411,98.27322829681124,16.85328,91.81275584262757,Excellent,0,0,Vehicle_1847,0.0002,0.0%,LOW,124,2480,temperature,-3.8296,Cooling system,Inspect coolant level and radiator,temperature signal is elevated (SHAP=-3.830),31,Low,2026-06-28 20:56:53
68.22541274190183,46.276182227974815,3656.883287954511,0.7408057715024521,11.644421029182936,57.836754998609806,41.012158509915,2.0,80.0,67.0,76.1,20.39051,75.06,Good,1,0,Vehicle_1848,0.0002,0.0%,LOW,124,2480,temperature,-3.7408,Cooling system,Inspect coolant level and radiator,temperature signal is elevated (SHAP=-3.741),31,Low,2026-06-28 20:56:53
79.23174834973125,35.19819740991024,2955.766305218158,0.2496122482340808,12.43243267376463,53.19863153451792,33.90080682590237,7.0,80.0,93.087847792791,83.9263543378373,19.725693,74.97338216126057,Good,1,0,Vehicle_1849,0.0003,0.0%,LOW,124,2480,temperature,-5.7967,Cooling system,Inspect coolant level and radiator,temperature signal is elevated (SHAP=-5.797),31,Low,2026-06-28 20:56:53
94.92067284837562,25.134666337148467,2470.634243504804,0.1755497442099761,12.605813010149785,67.85794653966842,43.913325662630434,1.0,90.15865430324877,100.0,93.11105801227411,16.54427,93.86663480736448,Excellent,0,0,Vehicle_1850,0.0003,0.0%,LOW,124,2480,temperature,-3.8009,Cooling system,Inspect coolant level and radiator,temperature signal is elevated (SHAP=-3.801),31,Low,2026-06-28 20:56:53
75.3768591882573,33.54663908658334,3307.289525004044,0.5485751126766963,12.654860966124197,62.11621602274238,35.65247127979855,4.0,78.42832582155357,100.0,84.8998280750875,23.994816,82.93989684505249,Good,1,0,Vehicle_1851,0.0002,0.0%,LOW,124,2480,temperature,-3.7674,Cooling system,Inspect coolant level and radiator,temperature signal is elevated (SHAP=-3.767),31,Low,2026-06-28 20:56:53
88.46923034115046,25.54791945066156,3358.407428769325,0.3045070236196203,12.446946300438526,45.96102736788972,23.520587175453898,9.0,79.69953175869198,93.6865348930892,83.89563269901114,20.987064,71.07468659802453,Good,1,0,Vehicle_1852,0.0004,0.0%,LOW,124,2480,temperature,-5.8889,Cooling system,Inspect coolant level and radiator,temperature signal is elevated (SHAP=-5.889),31,Low,2026-06-28 20:56:53
80.50993138372417,21.877154882718852,3018.8526703728285,0.0730323875314771,11.609125582420164,70.64785783021381,43.202161548832606,1.0,87.50861953087542,67.0,81.35603367161279,17.09106,80.21362020296768,Good,1,0,Vehicle_1853,0.0002,0.0%,LOW,124,2480,temperature,-3.7912,Cooling system,Inspect coolant level and radiator,temperature signal is elevated (SHAP=-3.791),31,Low,2026-06-28 20:56:53
95.08171472644656,27.909783820595568,1336.2979223711177,0.2072215109288732,12.910832424874656,44.147386047745584,18.65853752492228,1.0,89.8365705471069,100.0,92.88559938297482,19.701874,93.73135962978488,Excellent,0,0,Vehicle_1854,0.0003,0.0%,LOW,124,2480,temperature,-3.8265,Cooling system,Inspect coolant level and radiator,temperature signal is elevated (SHAP=-3.826),31,Low,2026-06-28 20:56:53
92.12692101022012,30.54915863543317,1826.831877524282,0.2139784499300059,12.564409067017031,54.9431420815541,37.82779744288383,9.0,75.74615797955974,98.53187401445264,82.5818727900276,17.131138,71.25549847690709,Good,1,0,Vehicle_1855,0.0005,0.1%,LOW,124,2480,temperature,-5.9307,Cooling system,Inspect coolant level and radiator,temperature signal is elevated (SHAP=-5.931),31,Low,2026-06-28 20:56:53
74.62099455738085,18.767066985399623,2280.116716775613,0.2165264104619617,11.91867226825181,43.77701139041288,31.15777149953021,7.0,60.0,71.89523106538711,63.56856931961613,3.1394958,58.5201878048471,Warning,2,0,Vehicle_1856,0.0011,0.1%,LOW,124,2480,temperature,-6.1508,Cooling system,Inspect coolant level and radiator,temperature signal is elevated (SHAP=-6.151),31,Low,2026-06-28 20:56:53
82.47022369899321,23.105044256768185,3123.6968165887192,0.1020616427549178,12.08489478393669,59.23515609846423,30.51874250295288,4.0,87.42017702707274,78.75190983738845,84.81969687016745,19.657219,78.64220008957815,Good,1,0,Vehicle_1857,0.0002,0.0%,LOW,124,2480,temperature,-3.7912,Cooling system,Inspect coolant level and radiator,temperature signal is elevated (SHAP=-3.791),31,Low,2026-06-28 20:56:53
100.6561509658074,30.06201337909413,2482.922864743552,0.2704214573195724,12.492489683717809,42.47020434724476,36.71988749926205,4.0,75.0,95.5651994533596,81.16955983600788,17.470497,79.81477579227665,Good,1,0,Vehicle_1858,0.0002,0.0%,LOW,124,2480,temperature,-3.8306,Cooling system,Inspect coolant level and radiator,temperature signal is elevated (SHAP=-3.831),31,Low,2026-06-28 20:56:53
90.90065305381144,27.55096094406628,3409.4949067604507,0.1416098159773355,12.671913677319305,82.95103217883135,27.90711809182006,9.0,78.1986938923771,95.13079690492826,83.27832479614244,19.392086,70.99315425867113,Good,1,0,Vehicle_1859,0.0005,0.1%,LOW,124,2480,temperature,-5.903,Cooling system,Inspect coolant level and radiator,temperature signal is elevated (SHAP=-5.903),31,Low,2026-06-28 20:56:54
64.04556913373303,32.36886762687654,3552.189302995425,0.6258631727384318,12.20481485746092,90.34725474451278,40.122060141278325,7.0,60.0,66.62564254181682,61.987692762545045,3.4438312,56.51774416589039,Warning,2,0,Vehicle_1860,0.0009,0.1%,LOW,124,2480,temperature,-6.0263,Cooling system,Inspect coolant level and radiator,temperature signal is elevated (SHAP=-6.026),31,Low,2026-06-28 20:56:54
94.83427091757072,22.71199003614863,3459.336374941765,0.0787309568153564,12.73021016295163,67.4787650837201,35.567966326220024,9.0,61.179418309453055,100.0,72.82559281661713,13.854706,65.69535568997028,Warning,2,0,Vehicle_1861,0.0005,0.1%,LOW,124,2480,temperature,-6.0665,Cooling system,Inspect coolant level and radiator,temperature signal is elevated (SHAP=-6.066),31,Low,2026-06-28 20:56:54
68.73084066345643,34.284682491319806,3464.432451584229,0.2790194817827355,11.68289326835993,80.82593298828057,28.82706048587802,0.0,100.0,65.63721056933706,89.69116317080112,99.69827,86.94214001634808,Good,1,0,Vehicle_1862,0.0002,0.0%,LOW,124,2480,temperature,-3.8145,Cooling system,Inspect coolant level and radiator,temperature signal is elevated (SHAP=-3.814),31,Low,2026-06-28 20:56:54
106.1876960494151,22.897445417638828,1670.4048762730254,0.2660946748840926,11.983016395562483,19.215710382819054,48.38179570046319,5.0,61.58978167055531,63.05132093537766,62.02824345000201,6.2436104,59.82721025707674,Warning,2,0,Vehicle_1863,0.0032,0.3%,LOW,124,2480,fault_count,-6.1195,ECU fault logs,Review and clear fault codes,fault_count signal is elevated (SHAP=-6.120),31,Low,2026-06-28 20:56:54
100.36148259761538,39.85640581162578,2886.1083995646204,0.1165721799754065,11.574254396063168,21.572445134500107,37.04782610299498,7.0,60.0,67.0,62.1,1.3866603,56.66,Warning,2,0,Vehicle_1864,0.0095,0.9%,LOW,123,2460,temperature,-6.4465,Cooling system,Inspect coolant level and radiator,temperature signal is elevated (SHAP=-6.447),30,Low,2026-06-28 20:56:54
89.34828213877601,19.705450293730102,2013.976767235667,0.052027329817801,12.041037942852125,43.56878866737574,41.308009334244815,0.0,80.0,76.94281514265005,79.08284454279502,99.692085,82.83826975420702,Good,1,0,Vehicle_1865,0.0002,0.0%,LOW,124,2480,temperature,-3.7995,Cooling system,Inspect coolant level and radiator,temperature signal is elevated (SHAP=-3.800),31,Low,2026-06-28 20:56:54
87.3584926515429,23.444674377699524,1180.746934912641,0.0226502104499179,13.00323087381764,50.82461930517755,49.16588729494421,5.0,83.7786975107981,85.83598319718968,84.39588321671556,17.09106,77.80472656946728,Good,1,0,Vehicle_1866,0.0002,0.0%,LOW,124,2480,temperature,-3.818,Cooling system,Inspect coolant level and radiator,temperature signal is elevated (SHAP=-3.818),31,Low,2026-06-28 20:56:54
81.8645161595887,32.50422481819098,2270.023094355331,0.2547762527014702,13.223120893834162,46.03585163800668,49.00178535794373,0.0,100.0,86.39392978299134,95.9181789348974,99.70513,94.82969331753672,Excellent,0,0,Vehicle_1867,0.0002,0.0%,LOW,124,2480,temperature,-3.8548,Cooling system,Inspect coolant level and radiator,temperature signal is elevated (SHAP=-3.855),31,Low,2026-06-28 20:56:54
95.1778592710004,39.98539950898583,3559.789572501801,0.1361136349136189,12.493836187292178,17.157295007340927,40.79785453856188,9.0,69.64428145799917,95.62074272580236,77.43721983834013,16.85328,67.58648044816455,Good,1,0,Vehicle_1868,0.0005,0.1%,LOW,124,2480,temperature,-6.0388,Cooling system,Inspect coolant level and radiator,temperature signal is elevated (SHAP=-6.039),31,Low,2026-06-28 20:56:54
79.43832745806907,31.890258216697024,2868.593608094771,0.1582054594654526,12.14462831709258,73.03183412647293,31.97341798990196,6.0,85.0,81.21591808006886,83.86477542402065,19.657219,74.56204887042617,Good,1,0,Vehicle_1869,0.0002,0.0%,LOW,124,2480,temperature,-3.8183,Cooling system,Inspect coolant level and radiator,temperature signal is elevated (SHAP=-3.818),31,Low,2026-06-28 20:56:54
88.5335480595984,33.377147521094344,4114.247497284714,0.1252712153725156,12.311344039659623,93.08396466713872,20.702962124627888,1.0,97.71505005430572,66.50439993518054,88.35185501856816,19.657219,84.311992998177,Good,1,0,Vehicle_1870,0.0002,0.0%,LOW,124,2480,temperature,-3.8147,Cooling system,Inspect coolant level and radiator,temperature signal is elevated (SHAP=-3.815),31,Low,2026-06-28 20:56:54
98.07901549779176,30.10522141003835,2641.784116214489,0.0345639554075179,12.589335956333208,75.61975358345245,37.06690700479746,5.0,73.84196900441646,99.56010819874486,81.55741076271497,16.85328,78.84646809737795,Good,1,0,Vehicle_1871,0.0002,0.0%,LOW,124,2480,temperature,-3.828,Cooling system,Inspect coolant level and radiator,temperature signal is elevated (SHAP=-3.828),31,Low,2026-06-28 20:56:54
76.57290184711616,23.84160927530884,4458.242202874326,0.1523657424382653,11.774807659344368,71.71046537572943,45.94584315817386,1.0,86.20159304374884,63.78413326220888,79.47635510928686,17.09106,78.4426397180139,Good,1,0,Vehicle_1872,0.0002,0.0%,LOW,124,2480,temperature,-3.784,Cooling system,Inspect coolant level and radiator,temperature signal is elevated (SHAP=-3.784),31,Low,2026-06-28 20:56:54
75.75710890013958,27.059169910563725,2642.016980413641,0.0037963661360193,12.17100032960752,54.52239210291207,38.54314819393285,8.0,80.0,82.30376359631016,80.69112907889306,19.657219,68.87543016659787,Good,1,0,Vehicle_1873,0.0004,0.0%,LOW,124,2480,temperature,-6.0009,Cooling system,Inspect coolant level and radiator,temperature signal is elevated (SHAP=-6.001),31,Low,2026-06-28 20:56:54
67.08451778913312,22.72854168011234,2517.984236922989,0.1148035685750273,12.9739572297801,33.14005258545726,10.0,1.0,90.91416672044936,100.0,93.63991670431454,20.138336,94.18395002258872,Excellent,0,0,Vehicle_1874,0.0003,0.0%,LOW,124,2480,temperature,-3.829,Cooling system,Inspect coolant level and radiator,temperature signal is elevated (SHAP=-3.829),31,Low,2026-06-28 20:56:54
69.03290880810742,22.32774019333877,1476.4879296628028,0.182010141063475,11.981715972268656,51.45056105271935,43.70062154826467,6.0,74.31096077335508,74.49578385608206,74.36640769817316,19.657219,67.51900139012031,Warning,2,0,Vehicle_1875,0.0002,0.0%,LOW,124,2480,temperature,-3.8962,Cooling system,Inspect coolant level and radiator,temperature signal is elevated (SHAP=-3.896),31,Low,2026-06-28 20:56:54
57.574070328377466,32.410493515918475,3388.4501922342142,0.5920283916114344,12.100390040295384,92.11176073683006,44.314991547757415,0.0,80.53144055923771,59.406683946414965,74.19401357539088,99.74951,76.39774493451752,Warning,2,0,Vehicle_1876,0.0002,0.0%,LOW,124,2480,temperature,-3.7387,Cooling system,Inspect coolant level and radiator,temperature signal is elevated (SHAP=-3.739),31,Low,2026-06-28 20:56:54
95.94743183523296,23.26093210747223,2098.2998968476168,0.0344053575790657,12.405277462392576,42.96023774985888,31.987778062736865,1.0,81.14886475942302,91.96769532369376,84.39451392870423,16.54427,87.03024742196129,Good,1,0,Vehicle_1877,0.0002,0.0%,LOW,124,2480,temperature,-3.7995,Cooling system,Inspect coolant level and radiator,temperature signal is elevated (SHAP=-3.800),31,Low,2026-06-28 20:56:54
112.13371813124157,31.91732404034017,1982.3618884730183,0.2254364044948195,12.513256903801883,40.90085504352117,44.883616752535225,9.0,50.0,96.4218472818277,63.92655418454831,1.3069272,59.64030196709452,Warning,2,1,Vehicle_1878,0.9997,100.0%,CRITICAL,5,100,temperature,4.6884,Cooling system,Inspect coolant level and radiator,temperature signal is rapidly deteriorating (SHAP=4.688),1,Immediate,2026-06-28 20:56:54
106.3799341520546,22.18906348667341,3524.984451010057,0.1089485364844489,12.149998381520213,72.14607318207828,41.27965414393376,3.0,68.75625394669365,81.43743323770869,72.56060773399815,17.09106,73.82385128794063,Warning,2,0,Vehicle_1879,0.0021,0.2%,LOW,124,2480,fault_count,-6.1142,ECU fault logs,Review and clear fault codes,fault_count signal is elevated (SHAP=-6.114),31,Low,2026-06-28 20:56:54
60.60873267060225,31.778298120700526,3426.5781350367656,0.4076341441148013,12.430785753300782,73.47372101491192,28.144932077179707,1.0,92.82439039234656,93.01991232365728,92.88304697173976,25.280869,92.33381064777532,Excellent,0,0,Vehicle_1880,0.0002,0.0%,LOW,124,2480,temperature,-3.7568,Cooling system,Inspect coolant level and radiator,temperature signal is elevated (SHAP=-3.757),31,Low,2026-06-28 20:56:54
95.872820073343,27.067904586222227,3405.641093768543,0.0669673889589332,12.643175813495777,33.04196388450393,47.71301116217685,6.0,73.25435985331399,90.77576204859872,78.5107805118994,16.85328,73.26162071685938,Good,1,0,Vehicle_1881,0.0002,0.0%,LOW,124,2480,temperature,-3.8146,Cooling system,Inspect coolant level and radiator,temperature signal is elevated (SHAP=-3.815),31,Low,2026-06-28 20:56:54
106.33159524885336,38.43969320190386,2210.2470927560157,0.1314475607824325,13.18458072950546,44.77030773525155,22.325230768938862,2.0,80.0,100.0,86.0,16.85328,87.6,Good,1,0,Vehicle_1882,0.003,0.3%,LOW,124,2480,fault_count,-6.1317,ECU fault logs,Review and clear fault codes,fault_count signal is elevated (SHAP=-6.132),31,Low,2026-06-28 20:56:54
78.14785028892004,31.94231337347439,2459.2193077557986,0.3121635438327074,12.349502248226088,39.96189008197131,34.42755328961064,5.0,89.1890970778195,89.66696773932613,89.33245827627148,21.355003,81.53286851362812,Good,1,0,Vehicle_1883,0.0002,0.0%,LOW,124,2480,temperature,-3.8258,Cooling system,Inspect coolant level and radiator,temperature signal is elevated (SHAP=-3.826),31,Low,2026-06-28 20:56:54
86.52171145975075,37.41469735796485,2452.116481843319,0.1027701713388618,12.383481073863775,51.39378758122181,33.42997687227915,8.0,80.0,91.06859429688072,83.32057828906422,19.392086,72.20606583281467,Good,1,0,Vehicle_1884,0.0004,0.0%,LOW,124,2480,temperature,-5.9293,Cooling system,Inspect coolant level and radiator,temperature signal is elevated (SHAP=-5.929),31,Low,2026-06-28 20:56:54
54.88160423792995,25.466119701448847,3126.0145445379185,0.3957054726502119,13.010980938391803,72.07373341902985,26.745618478112192,6.0,78.61963515665254,100.0,85.03374460965676,25.280869,79.02024676579406,Good,1,0,Vehicle_1885,0.0002,0.0%,LOW,124,2480,temperature,-3.7583,Cooling system,Inspect coolant level and radiator,temperature signal is elevated (SHAP=-3.758),31,Low,2026-06-28 20:56:54
89.00104251964962,30.336860041465005,3742.851734795384,0.0166790551403258,12.180333656680762,33.91944957743818,38.03793867648965,2.0,100.0,82.68876333808143,94.80662900142444,17.09106,89.42173006847094,Excellent,0,0,Vehicle_1886,0.0002,0.0%,LOW,124,2480,temperature,-3.8255,Cooling system,Inspect coolant level and radiator,temperature signal is elevated (SHAP=-3.825),31,Low,2026-06-28 20:56:54
69.04660405847923,24.11347705130233,2794.5172441587256,0.0705142308679183,11.870258786895128,71.79329624473873,48.10368899573058,2.0,96.45390820520932,59.34563237394004,85.32142545582852,17.961098,79.06198174828512,Good,1,0,Vehicle_1887,0.0002,0.0%,LOW,124,2480,temperature,-3.7771,Cooling system,Inspect coolant level and radiator,temperature signal is elevated (SHAP=-3.777),31,Low,2026-06-28 20:56:54
87.99452526867272,27.51836854353349,4079.912868285887,0.0060490810307752,12.500099590263586,52.03302497842617,47.47741871861388,2.0,98.40174263428226,87.45588445508577,95.1179851805233,17.09106,90.56196799933112,Excellent,0,0,Vehicle_1888,0.0002,0.0%,LOW,124,2480,temperature,-3.8055,Cooling system,Inspect coolant level and radiator,temperature signal is elevated (SHAP=-3.805),31,Low,2026-06-28 20:56:54
61.5819561671668,28.427374663532227,3217.755534426449,0.3266340826818005,12.830470010035166,96.52384272628557,42.236642147419154,6.0,83.22439448787996,72.73565950162885,80.07777399200462,21.639776,70.59379629552855,Good,1,0,Vehicle_1889,0.0002,0.0%,LOW,124,2480,temperature,-3.831,Cooling system,Inspect coolant level and radiator,temperature signal is elevated (SHAP=-3.831),31,Low,2026-06-28 20:56:54
93.14287336716394,25.64485067587717,2312.160484708465,0.1291957323966634,12.544418854079874,56.37661768741747,18.04077493119705,6.0,78.71425326567211,97.7072777307948,84.41216060520891,19.392086,78.1887519092843,Good,1,0,Vehicle_1890,0.0002,0.0%,LOW,124,2480,temperature,-3.7965,Cooling system,Inspect coolant level and radiator,temperature signal is elevated (SHAP=-3.796),31,Low,2026-06-28 20:56:54
100.36769013140037,22.70698284692583,3162.96912490318,0.2177496792585914,12.361193736981102,48.0616286074147,21.64047699122881,5.0,60.82793138770332,90.14924165047046,69.62432446653345,18.930126,69.80444301001417,Warning,2,0,Vehicle_1891,0.0002,0.0%,LOW,124,2480,temperature,-3.8,Cooling system,Inspect coolant level and radiator,temperature signal is elevated (SHAP=-3.800),31,Low,2026-06-28 20:56:54
73.25230207427248,21.51889605808408,3864.7522229670185,0.022334331172819,11.820642650746064,61.49429454231985,36.661691197587686,3.0,86.07558423233633,67.85150934327513,80.60836176561796,19.657219,75.9353189280258,Good,1,0,Vehicle_1892,0.0002,0.0%,LOW,124,2480,temperature,-3.787,Cooling system,Inspect coolant level and radiator,temperature signal is elevated (SHAP=-3.787),31,Low,2026-06-28 20:56:54
67.94616127884348,15.961511305755618,4098.631186673068,0.2111130264750512,12.376652301892651,43.257075242255794,34.65764958916459,0.0,78.02737626653865,90.78690745307188,81.85523562249861,99.685814,87.27052286411354,Good,1,0,Vehicle_1893,0.0002,0.0%,LOW,124,2480,temperature,-3.7953,Cooling system,Inspect coolant level and radiator,temperature signal is elevated (SHAP=-3.795),31,Low,2026-06-28 20:56:54
52.659654361750285,23.66192121897925,3449.5130756792646,0.0790489049469667,12.893261970526536,14.094537532963486,30.01920172501685,8.0,74.64768487591701,100.0,82.2533794131419,20.138336,73.35202764788514,Good,1,0,Vehicle_1894,0.0005,0.1%,LOW,124,2480,temperature,-5.9212,Cooling system,Inspect coolant level and radiator,temperature signal is elevated (SHAP=-5.921),31,Low,2026-06-28 20:56:54
81.00379698887234,33.76496338003107,2520.5395629263994,0.2636006060458056,11.906353167384312,45.18957651457804,54.053231974548325,6.0,85.0,40.60607944113853,71.68182383234155,7.0988297,59.13031018763264,Warning,2,0,Vehicle_1895,0.0002,0.0%,LOW,124,2480,temperature,-3.9644,Cooling system,Inspect coolant level and radiator,temperature signal is elevated (SHAP=-3.964),31,Low,2026-06-28 20:56:54
76.27609098577592,20.4090088079203,2326.6453967552634,0.086917294595248,12.302101130478691,44.8741278186155,36.05860153171141,6.0,66.6360352316812,87.71167163224601,72.95872615185064,19.392086,69.31757001755959,Warning,2,0,Vehicle_1896,0.0002,0.0%,LOW,124,2480,temperature,-3.7995,Cooling system,Inspect coolant level and radiator,temperature signal is elevated (SHAP=-3.800),31,Low,2026-06-28 20:56:54
61.73470881477918,21.79126292248017,2960.8556028491125,0.1198287672599041,12.245006107136655,18.153650789003763,40.42412741190819,1.0,87.16505168992069,85.3565019193871,86.6224867587606,19.657219,87.04479243913377,Good,1,0,Vehicle_1897,0.0002,0.0%,LOW,124,2480,temperature,-3.7995,Cooling system,Inspect coolant level and radiator,temperature signal is elevated (SHAP=-3.800),31,Low,2026-06-28 20:56:54
91.79528134468258,40.74539142739749,3839.179596216837,0.1287902659759118,12.120918171744902,48.539296204110144,44.87893880948446,2.0,96.40943731063484,80.23787458447721,91.55796849278757,17.09106,86.98235601256798,Excellent,0,0,Vehicle_1898,0.0002,0.0%,LOW,124,2480,temperature,-3.8255,Cooling system,Inspect coolant level and radiator,temperature signal is elevated (SHAP=-3.825),31,Low,2026-06-28 20:56:54
78.25044427203026,26.18102370091048,2847.015297771561,0.7408057715024521,12.499169201807602,8.657795507812054,35.5495844967246,3.0,80.0,95.8407295745636,84.75221887236907,23.994816,84.01947723833416,Good,1,0,Vehicle_1899,0.0002,0.0%,LOW,124,2480,temperature,-3.7219,Cooling system,Inspect coolant level and radiator,temperature signal is elevated (SHAP=-3.722),31,Low,2026-06-28 20:56:54
68.8639606203215,31.92627605498901,2863.625497495049,0.4935743140880823,12.577322096502405,43.046263296890416,60.91062167912369,5.0,77.09504572746118,65.06453648072414,73.48589295344007,13.860589,67.10444306820887,Warning,2,0,Vehicle_1900,0.0002,0.0%,LOW,124,2480,temperature,-3.8883,Cooling system,Inspect coolant level and radiator,temperature signal is elevated (SHAP=-3.888),31,Low,2026-06-28 20:56:54
76.68141391539329,33.853902879002966,2541.118283453674,0.0046415543701235,12.573130761917374,54.87191984089345,25.596276975642965,7.0,80.0,98.89164392909171,85.66749317872751,15.603429,77.17882469305485,Good,1,0,Vehicle_1901,0.0004,0.0%,LOW,124,2480,temperature,-5.8108,Cooling system,Inspect coolant level and radiator,temperature signal is elevated (SHAP=-5.811),31,Low,2026-06-28 20:56:54
101.06956808394423,33.97515677868768,2237.68714989503,0.1021712563420446,12.00927609455395,51.939923542764646,28.939284101058774,8.0,60.0,75.63263890035043,64.68979167010512,1.0204494,57.94040278213316,Warning,2,0,Vehicle_1902,0.0143,1.4%,LOW,123,2460,temperature,-6.5949,Cooling system,Inspect coolant level and radiator,temperature signal is elevated (SHAP=-6.595),30,Low,2026-06-28 20:56:54
94.04405415632831,20.86611461635164,2370.292394684866,0.5427326671225285,11.741606522266528,41.77861054226364,25.571742817174933,5.0,49.19417234458133,67.0,54.53592064120693,2.3101926,56.12155238472416,Critical,3,0,Vehicle_1903,0.0005,0.1%,LOW,124,2480,temperature,-4.2372,Cooling system,Inspect coolant level and radiator,temperature signal is elevated (SHAP=-4.237),31,Low,2026-06-28 20:56:54
83.04960907752265,28.613641920603055,2608.340788196424,0.2149484747266058,12.504955374612292,48.28939196103857,50.62658286427303,3.0,100.0,76.94902746422875,93.08470823926862,17.055447,85.24063043640692,Excellent,0,0,Vehicle_1904,0.0002,0.0%,LOW,124,2480,temperature,-3.8219,Cooling system,Inspect coolant level and radiator,temperature signal is elevated (SHAP=-3.822),31,Low,2026-06-28 20:56:54
94.28657527697278,20.290636382889648,3874.4799969918577,0.3202604576508774,12.19763238340694,34.318711250443386,43.02085874218647,4.0,66.23869780088786,83.40233581553629,71.38778920528239,16.066832,71.5131406862767,Warning,2,0,Vehicle_1905,0.0002,0.0%,LOW,124,2480,temperature,-3.7915,Cooling system,Inspect coolant level and radiator,temperature signal is elevated (SHAP=-3.792),31,Low,2026-06-28 20:56:54
67.58632065419891,44.677907153461945,2308.2289771753585,0.0615271905289417,13.135324951874717,50.21633038845069,29.558480872814076,7.0,80.0,100.0,86.0,21.156872,77.6,Good,1,0,Vehicle_1906,0.0004,0.0%,LOW,124,2480,temperature,-5.8379,Cooling system,Inspect coolant level and radiator,temperature signal is elevated (SHAP=-5.838),31,Low,2026-06-28 20:56:54
85.48555151090545,20.4307484159064,2542.0896607291047,0.0231814065968455,13.15380387840598,51.16172813183542,26.361236250452198,3.0,81.7229936636256,100.0,87.20609556453792,19.392086,86.32365733872274,Good,1,0,Vehicle_1907,0.0003,0.0%,LOW,124,2480,temperature,-3.829,Cooling system,Inspect coolant level and radiator,temperature signal is elevated (SHAP=-3.829),31,Low,2026-06-28 20:56:54
87.20983495729706,23.71295868678108,1807.697871674793,0.0731537583678487,13.196275917758417,31.995000441969804,48.84890500602604,4.0,89.85183474712431,86.91372297951148,88.97040121684046,17.09106,82.76498532600657,Good,1,0,Vehicle_1908,0.0002,0.0%,LOW,124,2480,temperature,-3.8233,Cooling system,Inspect coolant level and radiator,temperature signal is elevated (SHAP=-3.823),31,Low,2026-06-28 20:56:54
77.95245237251909,23.75639487095097,3073.3048531785244,0.7408057715024521,12.023955639586116,55.353984010181954,38.61687715338859,7.0,55.02557948380388,76.23817013292721,61.38935667854088,2.6034534,58.08124803370997,Warning,2,0,Vehicle_1909,0.0009,0.1%,LOW,124,2480,temperature,-6.2663,Cooling system,Inspect coolant level and radiator,temperature signal is elevated (SHAP=-6.266),31,Low,2026-06-28 20:56:54
91.53187503936128,21.02003713966272,3593.343342974626,0.2049979174667376,12.627747634696838,55.22905310160908,49.10417968616338,5.0,71.01639847992834,86.04578906704452,75.5252156560632,13.355881,72.52428720704683,Good,1,0,Vehicle_1910,0.0003,0.0%,LOW,124,2480,temperature,-3.8009,Cooling system,Inspect coolant level and radiator,temperature signal is elevated (SHAP=-3.801),31,Low,2026-06-28 20:56:54
73.29349818033323,38.11556345853927,3799.598276765405,0.135075639916941,12.748381006900594,46.67580172837858,34.39850649218443,4.0,95.0,100.0,96.5,14.993679,89.9,Excellent,0,0,Vehicle_1911,0.0003,0.0%,LOW,124,2480,temperature,-3.8352,Cooling system,Inspect coolant level and radiator,temperature signal is elevated (SHAP=-3.835),31,Low,2026-06-28 20:56:54
92.64731061664176,44.53468740650098,2662.6916197565683,0.2488029747330992,12.70334169341776,98.42094072573636,40.115353224336,7.0,74.70537876671648,69.60544780253501,73.17539947746204,12.517923,63.82632924698423,Warning,2,0,Vehicle_1912,0.0004,0.0%,LOW,124,2480,temperature,-5.9701,Cooling system,Inspect coolant level and radiator,temperature signal is elevated (SHAP=-5.970),31,Low,2026-06-28 20:56:54
93.27788157296938,27.145505284124297,2959.4834266233884,0.2829223548160558,12.258240822322456,47.18595226631383,38.00227655244003,2.0,93.44423685406124,85.90243392080131,91.18169597408324,17.393625,87.88950436861022,Excellent,0,0,Vehicle_1913,0.0002,0.0%,LOW,124,2480,temperature,-3.801,Cooling system,Inspect coolant level and radiator,temperature signal is elevated (SHAP=-3.801),31,Low,2026-06-28 20:56:54
44.51298544453835,22.07746111893354,2377.1597422639697,0.284452483107117,12.91166596118613,44.41531509253964,28.75888665625931,0.0,88.30984447573417,100.0,91.81689113301393,99.69315,95.09013467980834,Excellent,0,0,Vehicle_1914,0.0002,0.0%,LOW,124,2480,temperature,-3.8247,Cooling system,Inspect coolant level and radiator,temperature signal is elevated (SHAP=-3.825),31,Low,2026-06-28 20:56:55
102.85458555265176,16.578447007643874,2922.414943755618,0.1028156124775427,12.40018999454661,41.55213781584534,33.55855841190991,7.0,40.0,91.75783727504763,55.527351182514295,1.2520909,57.6679781645181,Critical,3,0,Vehicle_1915,0.0059,0.6%,LOW,124,2480,temperature,-6.4163,Cooling system,Inspect coolant level and radiator,temperature signal is elevated (SHAP=-6.416),31,Low,2026-06-28 20:56:55
44.51298544453835,28.53534768886739,2751.1721219993715,0.7408057715024521,12.451242449974176,30.581215538472005,23.156966557016556,4.0,75.0,93.86375106143475,80.65912531843043,25.186867,79.1682254033452,Good,1,0,Vehicle_1916,0.0002,0.0%,LOW,124,2480,temperature,-3.7374,Cooling system,Inspect coolant level and radiator,temperature signal is elevated (SHAP=-3.737),31,Low,2026-06-28 20:56:55
75.75926461665811,28.10180746103134,2546.6115098011896,0.0627389163473851,11.784866619289144,63.71794719686807,39.94106823727243,3.0,100.0,67.0,90.1,19.30874,81.46,Excellent,0,0,Vehicle_1917,0.0002,0.0%,LOW,124,2480,temperature,-3.8088,Cooling system,Inspect coolant level and radiator,temperature signal is elevated (SHAP=-3.809),31,Low,2026-06-28 20:56:55
100.38022051386632,26.09222324183913,2610.2029538217034,0.5208835011437929,12.657905987829196,36.275060639611,42.6124874634686,0.0,65.27443325708047,100.0,75.69210327995633,99.689606,85.4152619679738,Good,1,0,Vehicle_1918,0.0002,0.0%,LOW,124,2480,temperature,-3.7417,Cooling system,Inspect coolant level and radiator,temperature signal is elevated (SHAP=-3.742),31,Low,2026-06-28 20:56:55
80.2406991212134,31.32825152385737,2861.537826714919,0.1378480877510359,12.295835314571036,38.641037060044944,44.9016120010532,9.0,80.0,87.45320672605524,82.23596201781658,13.129557,68.832218555901,Good,1,0,Vehicle_1919,0.0004,0.0%,LOW,124,2480,temperature,-6.034,Cooling system,Inspect coolant level and radiator,temperature signal is elevated (SHAP=-6.034),31,Low,2026-06-28 20:56:55
63.00721026295688,32.37103885689292,2264.6780521235487,0.2166260198127099,12.58591154484021,39.23516880922804,41.66544893171006,7.0,80.0,99.41885122465868,85.8256553673976,19.352795,77.3791634653703,Good,1,0,Vehicle_1920,0.0004,0.0%,LOW,124,2480,temperature,-5.8186,Cooling system,Inspect coolant level and radiator,temperature signal is elevated (SHAP=-5.819),31,Low,2026-06-28 20:56:55
68.59394407424995,31.938499547627405,2306.002566337573,0.2458814042692126,12.494045479921848,30.301129683029774,33.71789863496975,2.0,100.0,95.62937604677624,98.68881281403289,20.8457,94.33916289777495,Excellent,0,0,Vehicle_1921,0.0002,0.0%,LOW,124,2480,temperature,-3.8344,Cooling system,Inspect coolant level and radiator,temperature signal is elevated (SHAP=-3.834),31,Low,2026-06-28 20:56:55
100.4035861948093,28.10325076818908,3865.889610937242,0.0442172718383433,12.47237463066551,14.97833334910554,50.519706450769846,6.0,65.0,75.9684515823348,68.29053547470043,10.334224,64.16801160128722,Warning,2,0,Vehicle_1922,0.0002,0.0%,LOW,124,2480,temperature,-3.9859,Cooling system,Inspect coolant level and radiator,temperature signal is elevated (SHAP=-3.986),31,Low,2026-06-28 20:56:55
56.17743204177043,23.390269022554428,4612.341159193811,0.0818701805242848,12.381714571013326,40.74120265681613,43.92308487729545,4.0,76.3142529063415,90.9957260542997,80.71869485072895,19.392086,78.63036212129731,Good,1,0,Vehicle_1923,0.0002,0.0%,LOW,124,2480,temperature,-3.7953,Cooling system,Inspect coolant level and radiator,temperature signal is elevated (SHAP=-3.795),31,Low,2026-06-28 20:56:55
101.93486651443024,33.994998586840296,1536.5064411727649,0.2672774697501277,12.714639893864184,67.46670625424582,48.88546301657105,3.0,80.0,86.78942574365843,82.03682772309753,17.715132,80.57998178259021,Good,1,0,Vehicle_1924,0.0002,0.0%,LOW,124,2480,temperature,-3.8192,Cooling system,Inspect coolant level and radiator,temperature signal is elevated (SHAP=-3.819),31,Low,2026-06-28 20:56:55
84.17346851436567,30.075082556529185,1492.423036499153,0.4242597405255256,12.320442985245974,53.93959610930488,49.51286704470351,3.0,91.71601729829828,73.1245251894045,86.13856966563014,21.666563,80.30804683725898,Good,1,0,Vehicle_1925,0.0002,0.0%,LOW,124,2480,temperature,-3.7534,Cooling system,Inspect coolant level and radiator,temperature signal is elevated (SHAP=-3.753),31,Low,2026-06-28 20:56:55
67.1140700433635,35.330145149007905,1734.27773775348,0.2200016852403494,11.817921032218807,81.2115054037625,33.74400344693109,0.0,100.0,65.74025866281764,89.72207759884529,99.69827,86.9812982918707,Good,1,0,Vehicle_1926,0.0002,0.0%,LOW,124,2480,temperature,-3.8131,Cooling system,Inspect coolant level and radiator,temperature signal is elevated (SHAP=-3.813),31,Low,2026-06-28 20:56:55
76.25327391545963,34.74045329683339,2417.369267969156,0.6070079076864289,12.627582242549574,65.01912609978368,38.87879456893237,9.0,60.0,100.0,72.0,6.062019,65.19999999999999,Warning,2,0,Vehicle_1927,0.0006,0.1%,LOW,124,2480,temperature,-5.9849,Cooling system,Inspect coolant level and radiator,temperature signal is elevated (SHAP=-5.985),31,Low,2026-06-28 20:56:55
69.74163488347538,21.469427585717305,3216.6244088298054,0.1490038996076203,12.076397790035346,60.47929620548089,42.74565183497478,9.0,65.87771034286922,78.40140883895799,69.63481989169586,9.128296,59.46117370280911,Warning,2,0,Vehicle_1928,0.0004,0.0%,LOW,124,2480,temperature,-6.0568,Cooling system,Inspect coolant level and radiator,temperature signal is elevated (SHAP=-6.057),31,Low,2026-06-28 20:56:55
97.99337801287793,21.39466675525438,2973.002353638617,0.1164219774300167,11.870295262927144,87.6529804530543,23.50858212465575,8.0,49.59191099526167,57.272261848205055,51.89601625114469,1.7396748,46.592062120327824,Critical,3,0,Vehicle_1929,0.0132,1.3%,LOW,123,2460,temperature,-6.5077,Cooling system,Inspect coolant level and radiator,temperature signal is elevated (SHAP=-6.508),30,Low,2026-06-28 20:56:55
95.98641714644258,25.46675568755683,2637.624909424375,0.438078328722397,11.99110266634296,48.057088099935775,23.730268276212,3.0,78.82194379228838,74.88298498664712,77.640256150596,24.714924,75.56075068768703,Good,1,0,Vehicle_1930,0.0002,0.0%,LOW,124,2480,temperature,-3.7346,Cooling system,Inspect coolant level and radiator,temperature signal is elevated (SHAP=-3.735),31,Low,2026-06-28 20:56:55
59.2125829918593,23.662407550255992,2923.148437566319,0.010612455179345,12.513332951742768,51.26151347009905,22.00688354004923,9.0,74.64963020102397,96.4249842593892,81.18223641853353,19.783419,69.99433870299796,Good,1,0,Vehicle_1931,0.0005,0.1%,LOW,124,2480,temperature,-5.8975,Cooling system,Inspect coolant level and radiator,temperature signal is elevated (SHAP=-5.897),31,Low,2026-06-28 20:56:55
78.94611822220999,34.53151065585661,1946.3310746973043,0.4215456970443303,12.36139247876206,49.770711566797246,33.9189991148011,2.0,91.89695353037796,90.15743974893496,91.37509939594509,24.402285,88.85654758735404,Excellent,0,0,Vehicle_1932,0.0002,0.0%,LOW,124,2480,temperature,-3.7621,Cooling system,Inspect coolant level and radiator,temperature signal is elevated (SHAP=-3.762),31,Low,2026-06-28 20:56:55
72.05221506483585,32.10785805592751,2304.7017825979046,0.0733532630288947,11.54692678813086,80.875734623671,31.66682940788402,8.0,80.0,65.55503787094285,75.66651136128286,14.256514,62.51091439095829,Good,1,0,Vehicle_1933,0.0004,0.0%,LOW,124,2480,temperature,-6.0847,Cooling system,Inspect coolant level and radiator,temperature signal is elevated (SHAP=-6.085),31,Low,2026-06-28 20:56:55
104.40264952689056,36.59510396271186,2483.9243612993623,0.2416725174311022,12.246537622778932,50.05030632918182,20.643293717047616,1.0,80.0,85.41967693963096,81.62590308188929,20.351988,84.05947723705977,Good,1,0,Vehicle_1934,0.0002,0.0%,LOW,124,2480,temperature,-3.7995,Cooling system,Inspect coolant level and radiator,temperature signal is elevated (SHAP=-3.800),31,Low,2026-06-28 20:56:55
64.74851322810369,32.37892090446551,1232.626928902518,0.0041390889643325,12.867692489989906,37.03445251845791,36.49358227698678,3.0,100.0,100.0,100.0,20.138336,94.0,Excellent,0,0,Vehicle_1935,0.0003,0.0%,LOW,124,2480,temperature,-3.8482,Cooling system,Inspect coolant level and radiator,temperature signal is elevated (SHAP=-3.848),31,Low,2026-06-28 20:56:55
109.0634365702752,31.25189749124021,1570.9518362219233,0.0983838327207101,12.219481731626647,61.75351075925704,34.04381083283408,5.0,70.0,84.30362142959927,74.29108642887978,17.09106,71.43537614324772,Warning,2,0,Vehicle_1936,0.0023,0.2%,LOW,124,2480,fault_count,-6.1575,ECU fault logs,Review and clear fault codes,fault_count signal is elevated (SHAP=-6.157),31,Low,2026-06-28 20:56:55
84.50057890724594,37.19837868206503,1602.747150977873,0.715997813200719,12.333809378628963,33.67480377885944,46.82240170076993,9.0,60.0,82.82347108582697,66.8470413257481,2.0484626,58.67291901261424,Warning,2,0,Vehicle_1937,0.0023,0.2%,LOW,124,2480,temperature,-6.4319,Cooling system,Inspect coolant level and radiator,temperature signal is elevated (SHAP=-6.432),31,Low,2026-06-28 20:56:55
67.57098390429869,32.818364038410294,3111.2865789470197,0.29925264859093,12.81719657493086,60.6694302522785,55.12979079132458,2.0,100.0,66.0,89.8,18.207146,83.08,Good,1,0,Vehicle_1938,0.0002,0.0%,LOW,124,2480,temperature,-3.8143,Cooling system,Inspect coolant level and radiator,temperature signal is elevated (SHAP=-3.814),31,Low,2026-06-28 20:56:55
74.84088723986083,30.408605780626317,2696.283958857933,0.0835321190129402,12.718195703281816,58.2768186828367,39.56450340414233,4.0,95.0,100.0,96.5,16.165585,89.9,Excellent,0,0,Vehicle_1939,0.0003,0.0%,LOW,124,2480,temperature,-3.831,Cooling system,Inspect coolant level and radiator,temperature signal is elevated (SHAP=-3.831),31,Low,2026-06-28 20:56:55
72.97571738847324,38.88271820358411,2988.8489600591543,0.0495729299576165,12.808700435060684,46.21194664387008,28.033694786337648,8.0,80.0,100.0,86.0,19.783419,75.6,Good,1,0,Vehicle_1940,0.0005,0.1%,LOW,124,2480,temperature,-5.9391,Cooling system,Inspect coolant level and radiator,temperature signal is elevated (SHAP=-5.939),31,Low,2026-06-28 20:56:55
65.88072396976742,30.69108529891674,1028.2760081580286,0.1278658014359646,11.327699806254133,61.31623144173653,41.467243773470685,4.0,95.0,67.0,86.6,19.30874,77.36,Good,1,0,Vehicle_1941,0.0002,0.0%,LOW,124,2480,temperature,-3.8108,Cooling system,Inspect coolant level and radiator,temperature signal is elevated (SHAP=-3.811),31,Low,2026-06-28 20:56:55
86.42240289595563,28.17395637049247,1313.1466511587173,0.0594519816861132,13.093409215376845,20.244201393832967,35.09302923320473,6.0,85.0,100.0,89.5,17.713797,81.69999999999999,Good,1,0,Vehicle_1942,0.0003,0.0%,LOW,124,2480,temperature,-3.8382,Cooling system,Inspect coolant level and radiator,temperature signal is elevated (SHAP=-3.838),31,Low,2026-06-28 20:56:55
66.58126673962235,24.973060447334102,3030.572352205196,0.5388888202841248,12.654560174171172,53.25924242649972,32.59874746218502,4.0,78.96632043706143,100.0,85.276424305943,25.280869,83.16585458356579,Good,1,0,Vehicle_1943,0.0002,0.0%,LOW,124,2480,temperature,-3.7394,Cooling system,Inspect coolant level and radiator,temperature signal is elevated (SHAP=-3.739),31,Low,2026-06-28 20:56:55
52.29450686892717,34.21815275427247,500.0,0.2592920192994812,13.38459056560966,40.74469230666536,26.383988788201883,0.0,100.0,100.0,100.0,99.69838,100.0,Excellent,0,0,Vehicle_1944,0.0003,0.0%,LOW,124,2480,temperature,-3.8448,Cooling system,Inspect coolant level and radiator,temperature signal is elevated (SHAP=-3.845),31,Low,2026-06-28 20:56:55
79.3048529372774,37.422303251054814,3479.703486079844,0.2544332012246452,12.087069587690287,103.20347233180824,30.35779960777993,2.0,100.0,45.84162049222434,83.7524861476673,20.351988,75.41981578704525,Good,1,0,Vehicle_1945,0.0002,0.0%,LOW,124,2480,temperature,-3.8034,Cooling system,Inspect coolant level and radiator,temperature signal is elevated (SHAP=-3.803),31,Low,2026-06-28 20:56:55
57.95715705373176,29.69647559139942,1041.346285181768,0.5722990942413062,11.694619757740435,53.11650139280415,33.222089887261724,5.0,71.84672705057959,67.0,70.39270893540571,20.624887,65.63562536124343,Warning,2,0,Vehicle_1946,0.0002,0.0%,LOW,124,2480,temperature,-3.8938,Cooling system,Inspect coolant level and radiator,temperature signal is elevated (SHAP=-3.894),31,Low,2026-06-28 20:56:55
73.7175869789872,37.84749374267904,3174.6759135399825,0.2489926735022181,12.402887382690071,38.072159004331255,43.04096392165449,0.0,100.0,91.86910453596543,97.56073136078965,99.69315,96.91025972366688,Excellent,0,0,Vehicle_1947,0.0002,0.0%,LOW,124,2480,temperature,-3.8258,Cooling system,Inspect coolant level and radiator,temperature signal is elevated (SHAP=-3.826),31,Low,2026-06-28 20:56:55
71.36345667094966,18.179909808170542,1789.1323001944295,0.7408057715024521,12.289851068097136,22.433965278938363,40.11025580407866,2.0,60.0,87.20635655900684,68.16190696770205,8.839691,74.3384154924226,Warning,2,0,Vehicle_1948,0.0002,0.0%,LOW,124,2480,temperature,-3.7119,Cooling system,Inspect coolant level and radiator,temperature signal is elevated (SHAP=-3.712),31,Low,2026-06-28 20:56:55
71.93175891961279,29.66727975115251,3339.122972137266,0.1109258577450992,12.661465593445929,76.10812393588532,53.25576142928496,9.0,80.0,71.93041114043113,77.57912334212934,12.050134,62.93355623336383,Good,1,0,Vehicle_1949,0.0005,0.1%,LOW,124,2480,temperature,-6.0944,Cooling system,Inspect coolant level and radiator,temperature signal is elevated (SHAP=-6.094),31,Low,2026-06-28 20:56:55
115.01444652385231,29.759430527373382,4612.341159193811,0.2364981556030836,12.829971337834545,42.99934560952444,41.74338073846472,0.0,57.753176816123776,100.0,70.42722377128663,99.45533,82.25633426277199,Warning,2,0,Vehicle_1950,0.0031,0.3%,LOW,124,2480,fault_count,-6.2953,ECU fault logs,Review and clear fault codes,fault_count signal is elevated (SHAP=-6.295),31,Low,2026-06-28 20:56:55
85.84617350754357,25.63803376555592,681.4578959030996,0.0675982279599492,12.365082342048202,34.172958658491616,39.242949245623606,2.0,100.0,90.30964660948835,97.0928939828465,16.54427,92.31766571160556,Excellent,0,0,Vehicle_1951,0.0002,0.0%,LOW,124,2480,temperature,-3.789,Cooling system,Inspect coolant level and radiator,temperature signal is elevated (SHAP=-3.789),31,Low,2026-06-28 20:56:55
88.68056513492998,44.30316622789124,3056.3017182885187,0.1958798763491209,12.30371678167491,56.7259842801812,31.937696345274254,6.0,85.0,87.77831724409,85.83349517322699,19.047188,77.0557605527542,Good,1,0,Vehicle_1952,0.0002,0.0%,LOW,124,2480,temperature,-3.8213,Cooling system,Inspect coolant level and radiator,temperature signal is elevated (SHAP=-3.821),31,Low,2026-06-28 20:56:55
58.35402555486558,29.602844203867438,1053.4698291250083,0.141186169680705,12.609087927806453,62.99437662811307,24.62537018153289,5.0,90.0,100.0,93.0,20.138336,85.8,Excellent,0,0,Vehicle_1953,0.0002,0.0%,LOW,124,2480,temperature,-3.8211,Cooling system,Inspect coolant level and radiator,temperature signal is elevated (SHAP=-3.821),31,Low,2026-06-28 20:56:55
75.19055299544617,27.5536153703734,2841.415137774003,0.0492718320754311,12.297468533723002,62.67905866419058,29.301065581468563,2.0,100.0,87.52057701607383,96.25617310482215,19.657219,91.25781926610806,Excellent,0,0,Vehicle_1954,0.0002,0.0%,LOW,124,2480,temperature,-3.7966,Cooling system,Inspect coolant level and radiator,temperature signal is elevated (SHAP=-3.797),31,Low,2026-06-28 20:56:55
88.22953944912268,30.15577268060103,2334.582269158485,0.0785530521968188,12.264007159641285,50.39500846118723,28.001613372380728,0.0,100.0,86.14029533520298,95.84208860056088,99.68493,94.73331222737713,Excellent,0,0,Vehicle_1955,0.0002,0.0%,LOW,124,2480,temperature,-3.8296,Cooling system,Inspect coolant level and radiator,temperature signal is elevated (SHAP=-3.830),31,Low,2026-06-28 20:56:55
69.6320663063049,17.983117568845024,2603.825857969475,0.1107504114332165,12.814853975470117,53.1838027377344,10.0,8.0,60.0,100.0,72.0,6.465477,67.19999999999999,Warning,2,0,Vehicle_1956,0.0006,0.1%,LOW,124,2480,temperature,-6.0676,Cooling system,Inspect coolant level and radiator,temperature signal is elevated (SHAP=-6.068),31,Low,2026-06-28 20:56:55
98.62094265276978,25.44079244793051,1770.6509789374104,0.1779202770286928,12.90391114276143,54.64074151361405,24.913682174258284,5.0,72.75811469446043,100.0,80.9306802861223,19.392086,78.55840817167338,Good,1,0,Vehicle_1957,0.0003,0.0%,LOW,124,2480,temperature,-3.8155,Cooling system,Inspect coolant level and radiator,temperature signal is elevated (SHAP=-3.816),31,Low,2026-06-28 20:56:55
66.95955121148455,35.89943981667243,3124.4328875972005,0.3022284121238385,12.833586497545236,56.72792531257747,51.02209761365973,5.0,89.8514391917441,79.52486811355692,86.75346786828794,18.95005,77.95705434368415,Good,1,0,Vehicle_1958,0.0002,0.0%,LOW,124,2480,temperature,-3.8465,Cooling system,Inspect coolant level and radiator,temperature signal is elevated (SHAP=-3.846),31,Low,2026-06-28 20:56:55
80.70450796202236,26.226327870403352,1341.3137296236953,0.1044499368119086,12.33270811490979,58.49770391802964,38.68600212958993,0.0,100.0,88.97420974002885,96.69226292200864,99.671844,95.81019970121096,Excellent,0,0,Vehicle_1959,0.0002,0.0%,LOW,124,2480,temperature,-3.7832,Cooling system,Inspect coolant level and radiator,temperature signal is elevated (SHAP=-3.783),31,Low,2026-06-28 20:56:55
76.20922540036662,25.02674902319837,3493.3098103189923,0.064213317465706,11.544084404898728,71.88905502611092,31.23476144654904,2.0,100.0,67.0,90.1,19.657219,83.46,Excellent,0,0,Vehicle_1960,0.0002,0.0%,LOW,124,2480,temperature,-3.7882,Cooling system,Inspect coolant level and radiator,temperature signal is elevated (SHAP=-3.788),31,Low,2026-06-28 20:56:55
87.46480989072874,37.857153819086406,2172.599754711854,0.4946872020331816,12.34071756544286,51.12829724051701,38.98479822140021,0.0,87.02085319778789,89.30459957451798,87.70597711080691,99.75105,90.48450618138774,Good,1,0,Vehicle_1961,0.0002,0.0%,LOW,124,2480,temperature,-3.7621,Cooling system,Inspect coolant level and radiator,temperature signal is elevated (SHAP=-3.762),31,Low,2026-06-28 20:56:55
75.3926489221686,38.041526405710975,1377.8474580775282,0.6948747782717891,12.09680799492918,33.66393468339276,15.465954742706256,9.0,60.0,79.2433297908287,65.77299893724862,5.413449,57.31246532051491,Warning,2,0,Vehicle_1962,0.0004,0.0%,LOW,124,2480,temperature,-5.9713,Cooling system,Inspect coolant level and radiator,temperature signal is elevated (SHAP=-5.971),31,Low,2026-06-28 20:56:55
80.93659559393593,33.10194283296685,3775.949458672559,0.1517251554562507,12.348109992395765,47.11416593791931,37.82097716462424,7.0,80.0,89.6095371863253,82.88286115589759,19.047188,73.65162413080361,Good,1,0,Vehicle_1963,0.0003,0.0%,LOW,124,2480,temperature,-5.8047,Cooling system,Inspect coolant level and radiator,temperature signal is elevated (SHAP=-5.805),31,Low,2026-06-28 20:56:55
81.45804862333021,27.269295995768,2446.1258777526773,0.1512505851513432,12.131563642912957,65.07561637469993,47.77492263147483,5.0,90.0,71.24226332314504,84.3726789969435,16.77857,74.87206006279511,Good,1,0,Vehicle_1964,0.0002,0.0%,LOW,124,2480,temperature,-3.7966,Cooling system,Inspect coolant level and radiator,temperature signal is elevated (SHAP=-3.797),31,Low,2026-06-28 20:56:55
73.98418363913049,28.56317360930206,4026.108776353621,0.0154953455372894,12.39170405781376,14.26944083230309,33.7888405291062,6.0,84.47782447292758,91.4077923848176,86.55681484649458,19.047188,78.21564738486026,Good,1,0,Vehicle_1965,0.0002,0.0%,LOW,124,2480,temperature,-3.813,Cooling system,Inspect coolant level and radiator,temperature signal is elevated (SHAP=-3.813),31,Low,2026-06-28 20:56:55
92.2764080274567,25.17510023055025,3477.0849034506737,0.0795995528207797,11.984289748307374,14.384956092560778,17.280104737514318,1.0,95.4471839450866,74.60195211767915,89.19361439686436,19.30874,86.43655906165445,Good,1,0,Vehicle_1966,0.0002,0.0%,LOW,124,2480,temperature,-3.8,Cooling system,Inspect coolant level and radiator,temperature signal is elevated (SHAP=-3.800),31,Low,2026-06-28 20:56:55
88.57582562256138,24.031361285828133,1861.483436170852,0.071446275464284,11.88771302531265,68.36552242784649,30.86059465223303,9.0,76.12544514331253,70.61816229414677,74.4732602885628,9.547502,60.80758863196704,Warning,2,0,Vehicle_1967,0.0004,0.0%,LOW,124,2480,temperature,-6.0568,Cooling system,Inspect coolant level and radiator,temperature signal is elevated (SHAP=-6.057),31,Low,2026-06-28 20:56:55
83.67079082120249,23.733501070149405,2432.008159250601,0.2094623228568414,12.889076593028356,80.40245633702656,47.7926199498312,5.0,84.93400428059762,89.8410392144801,86.40611476076236,17.131138,79.81187669935343,Good,1,0,Vehicle_1968,0.0003,0.0%,LOW,124,2480,temperature,-3.8172,Cooling system,Inspect coolant level and radiator,temperature signal is elevated (SHAP=-3.817),31,Low,2026-06-28 20:56:55
78.54312499807062,26.291673559288757,2596.8303517308595,0.0342121935332891,12.01213695465294,24.695999299610527,37.58629656897669,5.0,90.0,75.75064937943375,85.72519481383011,19.657219,76.58524676418482,Good,1,0,Vehicle_1969,0.0002,0.0%,LOW,124,2480,temperature,-3.8049,Cooling system,Inspect coolant level and radiator,temperature signal is elevated (SHAP=-3.805),31,Low,2026-06-28 20:56:55
96.94816045779996,23.79167405589153,3721.042559989152,0.1003974338748442,12.400132650102542,52.0091854166579,20.816899052064336,9.0,61.270375307966205,91.75547181672984,70.4159042605953,13.46395,62.60063691970315,Warning,2,0,Vehicle_1970,0.0004,0.0%,LOW,124,2480,temperature,-6.062,Cooling system,Inspect coolant level and radiator,temperature signal is elevated (SHAP=-6.062),31,Low,2026-06-28 20:56:55
81.46248634278729,20.61776928874111,2850.014170693692,0.3217872045875004,12.781805938641137,42.0090977416597,58.67629179183871,0.0,81.01859684913107,66.0,76.51301779439174,99.7271,79.10781067663504,Good,1,0,Vehicle_1971,0.0002,0.0%,LOW,124,2480,temperature,-3.7925,Cooling system,Inspect coolant level and radiator,temperature signal is elevated (SHAP=-3.792),31,Low,2026-06-28 20:56:56
80.39954068261095,31.316416018523437,2641.0340968771675,0.2811606414355463,12.76572165049183,44.78339775516752,22.46191483754867,4.0,95.0,100.0,96.5,20.8457,89.9,Excellent,0,0,Vehicle_1972,0.0002,0.0%,LOW,124,2480,temperature,-3.836,Cooling system,Inspect coolant level and radiator,temperature signal is elevated (SHAP=-3.836),31,Low,2026-06-28 20:56:56
86.57035044832189,31.407573485360626,2340.096330321354,0.0890931008778529,12.71793928196614,56.11062017512831,32.570754183867855,0.0,100.0,100.0,100.0,99.67958,100.0,Excellent,0,0,Vehicle_1973,0.0003,0.0%,LOW,124,2480,temperature,-3.831,Cooling system,Inspect coolant level and radiator,temperature signal is elevated (SHAP=-3.831),31,Low,2026-06-28 20:56:56
110.44880024456276,40.2047565505699,2459.554371316289,0.0356646253772594,12.521146605800617,24.14259541978502,24.626139993477963,4.0,65.0,96.74729748927535,74.52418924678261,16.85328,76.06397304592464,Warning,2,0,Vehicle_1974,0.0027,0.3%,LOW,124,2480,fault_count,-6.1555,ECU fault logs,Review and clear fault codes,fault_count signal is elevated (SHAP=-6.155),31,Low,2026-06-28 20:56:56
64.89465687968195,25.989969789871783,3543.6736685426595,0.096908749120264,12.68960132341474,27.85564999015197,24.639979850863988,2.0,100.0,100.0,100.0,20.138336,96.0,Excellent,0,0,Vehicle_1975,0.0003,0.0%,LOW,124,2480,temperature,-3.8097,Cooling system,Inspect coolant level and radiator,temperature signal is elevated (SHAP=-3.810),31,Low,2026-06-28 20:56:56
96.54785339583032,31.776603537739625,2502.9642806379798,0.1778670885459307,12.94923525304246,43.9749765415755,30.478488842648435,4.0,81.90429320833937,100.0,87.33300524583755,16.85328,84.39980314750252,Good,1,0,Vehicle_1976,0.0003,0.0%,LOW,124,2480,temperature,-3.8586,Cooling system,Inspect coolant level and radiator,temperature signal is elevated (SHAP=-3.859),31,Low,2026-06-28 20:56:56
56.60243258142842,31.87627547564881,2184.00218296146,0.1931334428918923,12.57000903759815,47.0924880421168,41.36150159846078,7.0,80.0,98.76287280092367,85.6288618402771,20.138336,77.12989166435099,Good,1,0,Vehicle_1977,0.0004,0.0%,LOW,124,2480,temperature,-5.8186,Cooling system,Inspect coolant level and radiator,temperature signal is elevated (SHAP=-5.819),31,Low,2026-06-28 20:56:56
88.25909737342936,28.4769746332468,2048.3942675090507,0.0241524861347806,11.665119061274329,27.48089788631657,47.905314452196016,2.0,100.0,57.121930862533546,87.13657925876007,17.09106,79.70633372776274,Good,1,0,Vehicle_1978,0.0002,0.0%,LOW,124,2480,temperature,-3.8061,Cooling system,Inspect coolant level and radiator,temperature signal is elevated (SHAP=-3.806),31,Low,2026-06-28 20:56:56
108.62624241413096,34.466001532498055,2056.9878769310703,0.1160679558092961,12.188586717539962,65.79295349578368,31.138318279675403,0.0,80.0,83.02920209852344,80.90876062955704,99.692085,85.15109679743891,Good,1,0,Vehicle_1979,0.0026,0.3%,LOW,124,2480,fault_count,-6.1316,ECU fault logs,Review and clear fault codes,fault_count signal is elevated (SHAP=-6.132),31,Low,2026-06-28 20:56:56
92.3300278670096,34.65137512110429,1378.323203165788,0.4657125093947858,12.678548028688835,41.64878053777933,24.898564458150755,1.0,84.29244363966173,100.0,89.00471054776321,24.402285,91.40282632865792,Good,1,0,Vehicle_1980,0.0002,0.0%,LOW,124,2480,temperature,-3.7681,Cooling system,Inspect coolant level and radiator,temperature signal is elevated (SHAP=-3.768),31,Low,2026-06-28 20:56:56
87.5593761780969,31.96446657118524,1899.699753338817,0.7243517667932526,12.14916162651624,41.56364787866309,39.78639316659808,7.0,60.0,81.40291709379485,66.42087512813845,3.189218,62.13310849564204,Warning,2,0,Vehicle_1981,0.0005,0.1%,LOW,124,2480,temperature,-6.0336,Cooling system,Inspect coolant level and radiator,temperature signal is elevated (SHAP=-6.034),31,Low,2026-06-28 20:56:56
76.59325796795386,28.466161769713228,3698.7362205202585,0.7408057715024521,13.048042455783458,55.653175804598014,40.07963578929187,5.0,70.0,100.0,79.0,19.137293,77.4,Good,1,0,Vehicle_1982,0.0002,0.0%,LOW,124,2480,temperature,-3.7573,Cooling system,Inspect coolant level and radiator,temperature signal is elevated (SHAP=-3.757),31,Low,2026-06-28 20:56:56
85.46570800732832,27.85481934867279,2334.7205915460027,0.021515936823781,12.374728068733427,47.42183447865001,37.4037633555345,9.0,80.0,90.70753283525389,83.21225985057616,13.244349,70.06886247739646,Good,1,0,Vehicle_1983,0.0004,0.0%,LOW,124,2480,temperature,-5.9046,Cooling system,Inspect coolant level and radiator,temperature signal is elevated (SHAP=-5.905),31,Low,2026-06-28 20:56:56
81.21905776894965,21.793476607217645,3063.5293348448786,0.6581621863591232,12.434099508543774,66.74953625811627,37.757398129067326,8.0,47.17390642887058,93.15660472743068,60.968715918438605,2.2724092,59.2125504965493,Warning,2,0,Vehicle_1984,0.0041,0.4%,LOW,124,2480,temperature,-6.4122,Cooling system,Inspect coolant level and radiator,temperature signal is elevated (SHAP=-6.412),31,Low,2026-06-28 20:56:56
73.21035088102967,25.16449332829385,516.9947856793324,0.3976354684305314,12.849897679560694,31.331549243986668,33.87433553656319,1.0,93.4909687712979,100.0,95.44367813990851,19.137293,95.26620688394512,Excellent,0,0,Vehicle_1985,0.0002,0.0%,LOW,124,2480,temperature,-3.752,Cooling system,Inspect coolant level and radiator,temperature signal is elevated (SHAP=-3.752),31,Low,2026-06-28 20:56:56
80.65186576787696,26.267954856589878,2954.6490471727034,0.2604752442426335,12.326860041076284,22.05226805873053,35.98150854555881,7.0,80.0,88.7329766943967,82.61989300831901,15.555536,73.31853114387074,Good,1,0,Vehicle_1986,0.0003,0.0%,LOW,124,2480,temperature,-5.7803,Cooling system,Inspect coolant level and radiator,temperature signal is elevated (SHAP=-5.780),31,Low,2026-06-28 20:56:56
87.9757174093966,23.256169425423398,2370.917836504709,0.1650504958657366,12.470510814291275,43.80424872402785,33.18348871376429,0.0,93.02467770169358,94.6585710895151,93.51484571804004,99.66449,95.04062164872704,Excellent,0,0,Vehicle_1987,0.0002,0.0%,LOW,124,2480,temperature,-3.7995,Cooling system,Inspect coolant level and radiator,temperature signal is elevated (SHAP=-3.800),31,Low,2026-06-28 20:56:56
73.4917439720404,32.639543800125985,2114.847981687593,0.0689278662261011,12.759649393599643,51.20472345870026,45.70243727037122,0.0,100.0,97.61171328073785,99.28351398422134,99.671844,99.09245104668037,Excellent,0,0,Vehicle_1988,0.0003,0.0%,LOW,124,2480,temperature,-3.8394,Cooling system,Inspect coolant level and radiator,temperature signal is elevated (SHAP=-3.839),31,Low,2026-06-28 20:56:56
72.90577268972974,37.17976721392206,2644.767965936905,0.2231231763530341,11.811091753666526,25.184881118049592,57.28459500705877,7.0,80.0,33.45753483874417,66.03726045162325,6.3518047,52.31386323872279,Warning,2,0,Vehicle_1989,0.0004,0.0%,LOW,124,2480,temperature,-5.9084,Cooling system,Inspect coolant level and radiator,temperature signal is elevated (SHAP=-5.908),31,Low,2026-06-28 20:56:56
64.59634843611738,24.5516254060251,2103.3397969503776,0.0313651247233809,12.28588073504498,22.24492876599481,36.79653151707193,4.0,93.2065016241004,87.04258032060542,91.3573252330519,20.411087,84.22291120395222,Excellent,0,0,Vehicle_1990,0.0002,0.0%,LOW,124,2480,temperature,-3.7995,Cooling system,Inspect coolant level and radiator,temperature signal is elevated (SHAP=-3.800),31,Low,2026-06-28 20:56:56
90.86087539133344,31.700648614467823,800.9000640893153,0.0157757612537157,12.731661318151648,53.64595564675971,34.93427752028639,9.0,78.27824921733313,100.0,84.79477445213318,16.85328,72.87686467127992,Good,1,0,Vehicle_1991,0.0005,0.1%,LOW,124,2480,temperature,-5.9202,Cooling system,Inspect coolant level and radiator,temperature signal is elevated (SHAP=-5.920),31,Low,2026-06-28 20:56:56
93.17984892950592,23.795333162821738,3237.7983529375497,0.628931536585591,12.426240059337038,34.84438865370076,37.55861365690068,0.0,68.82163479227513,92.83240244765284,76.02486508888845,99.74547,84.18139954286363,Good,1,0,Vehicle_1992,0.0002,0.0%,LOW,124,2480,temperature,-3.7171,Cooling system,Inspect coolant level and radiator,temperature signal is elevated (SHAP=-3.717),31,Low,2026-06-28 20:56:56
88.47490666354776,28.170466974365027,2694.4140490785544,0.0698510769048231,12.986933524830992,20.949765659861605,28.42078199016708,5.0,90.0,100.0,93.0,19.047188,85.8,Excellent,0,0,Vehicle_1993,0.0003,0.0%,LOW,124,2480,temperature,-3.8462,Cooling system,Inspect coolant level and radiator,temperature signal is elevated (SHAP=-3.846),31,Low,2026-06-28 20:56:56
99.47755739093,25.858022524933347,2248.8460362017186,0.5817002412889685,11.769630656725234,69.30682584628126,42.6497837110482,3.0,62.26486913220879,67.0,63.68540839254615,10.343731,65.61124503552769,Warning,2,0,Vehicle_1994,0.0002,0.0%,LOW,124,2480,temperature,-3.8793,Cooling system,Inspect coolant level and radiator,temperature signal is elevated (SHAP=-3.879),31,Low,2026-06-28 20:56:56
86.31801455621091,33.61137389163865,1727.0517023420502,0.0446839064373088,11.723999292821548,37.36410654145816,39.41176409081129,9.0,80.0,67.0,76.1,6.121242,61.06,Good,1,0,Vehicle_1995,0.0004,0.0%,LOW,124,2480,temperature,-6.0971,Cooling system,Inspect coolant level and radiator,temperature signal is elevated (SHAP=-6.097),31,Low,2026-06-28 20:56:56
90.88016406048636,25.92727095694693,1324.113987114292,0.0750469609980292,12.707874606649089,72.99623207730716,30.79529791957309,6.0,83.2396718790273,100.0,88.2677703153191,13.631678,80.96066218919145,Good,1,0,Vehicle_1996,0.0003,0.0%,LOW,124,2480,temperature,-3.79,Cooling system,Inspect coolant level and radiator,temperature signal is elevated (SHAP=-3.790),31,Low,2026-06-28 20:56:56
89.55756138456344,36.06996248223988,2679.114165654446,0.0518964528805196,12.746322885973113,50.56941582218855,44.02066819042479,7.0,80.0,100.0,86.0,16.85328,77.6,Good,1,0,Vehicle_1997,0.0004,0.0%,LOW,124,2480,temperature,-5.8186,Cooling system,Inspect coolant level and radiator,temperature signal is elevated (SHAP=-5.819),31,Low,2026-06-28 20:56:56
83.62689970872688,28.52567535802681,3790.752768180287,0.1357581302558867,12.322699997267266,55.89517724110607,35.18989768345387,2.0,100.0,88.56137488727472,96.56841246618242,19.392086,91.6533224571644,Excellent,0,0,Vehicle_1998,0.0002,0.0%,LOW,124,2480,temperature,-3.8046,Cooling system,Inspect coolant level and radiator,temperature signal is elevated (SHAP=-3.805),31,Low,2026-06-28 20:56:56
77.0376725780553,26.102377742431017,2662.5331813928306,0.486159140590826,12.56015776001829,45.770005078062944,25.29943361525625,8.0,67.58939062727826,98.35650760075448,76.81952571932112,25.280869,69.76301695174357,Good,1,0,Vehicle_1999,0.0004,0.0%,LOW,124,2480,temperature,-5.8304,Cooling system,Inspect coolant level and radiator,temperature signal is elevated (SHAP=-5.830),31,Low,2026-06-28 20:56:56
118.21228923687866,22.480168425929023,1393.790715125739,0.5883810220851982,12.698082791052563,0.0,38.5160444542296,8.0,20.695272231369543,100.0,44.48669056195868,1.9827545,50.69201433717521,Critical,3,1,Vehicle_2000,0.9994,99.9%,CRITICAL,5,100,temperature,4.624,Cooling system,Inspect coolant level and radiator,temperature signal is rapidly deteriorating (SHAP=4.624),1,Immediate,2026-06-28 20:56:56
